<?xml version="1.0" encoding="UTF-8"?>
<osm version="0.6" generator="openstreetmap-cgimap 2.1.0 (244685 spike-07.openstreetmap.org)" copyright="OpenStreetMap and contributors" attribution="http://www.openstreetmap.org/copyright" license="http://opendatacommons.org/licenses/odbl/1-0/">
 <bounds minlat="50.0610000" minlon="19.9360000" maxlat="50.0630000" maxlon="19.9380000"/>
 <node id="30375913" visible="true" version="9" changeset="187997880" timestamp="2026-08-25T15:57:49Z" user="Adam Haba" uid="12293030" lat="50.0601290" lon="19.9376905"/>
 <node id="206372380" visible="true" version="15" changeset="188655887" timestamp="2026-09-07T07:50:28Z" user="WieKo68" uid="6776248" lat="50.0640885" lon="19.9337164"/>
 <node id="251678911" visible="true" version="14" changeset="171494077" timestamp="2025-09-05T11:42:17Z" user="Икчпук" uid="21130589" lat="50.0622183" lon="19.9374962"/>
 <node id="251678912" visible="true" version="14" changeset="171494077" timestamp="2025-09-05T11:42:17Z" user="Икчпук" uid="21130589" lat="50.0613622" lon="19.9367939"/>
 <node id="251678913" visible="true" version="14" changeset="171494077" timestamp="2025-09-05T11:42:17Z" user="Икчпук" uid="21130589" lat="50.0611821" lon="19.9371990"/>
 <node id="251678914" visible="true" version="15" changeset="171494077" timestamp="2025-09-05T11:42:17Z" user="Икчпук" uid="21130589" lat="50.0620670" lon="19.9379291"/>
 <node id="251688938" visible="true" version="12" changeset="187801936" timestamp="2026-08-21T15:05:17Z" user="Adam Haba" uid="12293030" lat="50.0613314" lon="19.9353723"/>
 <node id="251688965" visible="true" version="13" changeset="52673655" timestamp="2017-10-06T07:00:03Z" user="Mateusz Konieczny" uid="1722488" lat="50.0620732" lon="19.9361518"/>
 <node id="251689118" visible="true" version="8" changeset="187814112" timestamp="2026-08-21T19:38:38Z" user="Adam Haba" uid="12293030" lat="50.0606212" lon="19.9348234"/>
 <node id="251689747" visible="true" version="9" changeset="187768352" timestamp="2026-08-20T22:25:39Z" user="Adam Haba" uid="12293030" lat="50.0624454" lon="19.9380664"/>
 <node id="251691838" visible="true" version="14" changeset="187770517" timestamp="2026-08-21T00:30:14Z" user="Adam Haba" uid="12293030" lat="50.0628048" lon="19.9368915"/>
 <node id="256625831" visible="true" version="11" changeset="187768352" timestamp="2026-08-20T22:25:39Z" user="Adam Haba" uid="12293030" lat="50.0635483" lon="19.9374734"/>
 <node id="273473986" visible="true" version="7" changeset="187770517" timestamp="2026-08-21T00:30:14Z" user="Adam Haba" uid="12293030" lat="50.0632664" lon="19.9357355"/>
 <node id="273530517" visible="true" version="6" changeset="18415286" timestamp="2013-10-18T08:21:22Z" user="Władysław Komorek" uid="693154" lat="50.0614476" lon="19.9363154"/>
 <node id="273530518" visible="true" version="6" changeset="18415286" timestamp="2013-10-18T08:21:22Z" user="Władysław Komorek" uid="693154" lat="50.0615472" lon="19.9363554"/>
 <node id="273530521" visible="true" version="6" changeset="18415286" timestamp="2013-10-18T08:21:22Z" user="Władysław Komorek" uid="693154" lat="50.0614983" lon="19.9365292"/>
 <node id="273530522" visible="true" version="6" changeset="18415286" timestamp="2013-10-18T08:21:22Z" user="Władysław Komorek" uid="693154" lat="50.0614016" lon="19.9364606"/>
 <node id="273539551" visible="true" version="12" changeset="187770517" timestamp="2026-08-21T00:30:14Z" user="Adam Haba" uid="12293030" lat="50.0638502" lon="19.9343363">
  <tag k="bicycle" v="yes"/>
  <tag k="crossing" v="unmarked"/>
  <tag k="crossing:markings" v="no"/>
  <tag k="highway" v="crossing"/>
  <tag k="tactile_paving" v="yes"/>
 </node>
 <node id="457542830" visible="true" version="6" changeset="187770517" timestamp="2026-08-21T00:30:14Z" user="Adam Haba" uid="12293030" lat="50.0630963" lon="19.9361631"/>
 <node id="471557832" visible="true" version="8" changeset="18440311" timestamp="2013-10-19T20:02:07Z" user="Władysław Komorek" uid="693154" lat="50.0627851" lon="19.9367512"/>
 <node id="471557833" visible="true" version="11" changeset="73438130" timestamp="2019-08-17T09:14:45Z" user="Władysław Komorek" uid="693154" lat="50.0626134" lon="19.9365890"/>
 <node id="471557834" visible="true" version="5" changeset="18415286" timestamp="2013-10-18T08:21:22Z" user="Władysław Komorek" uid="693154" lat="50.0627821" lon="19.9362068"/>
 <node id="471557835" visible="true" version="6" changeset="18415286" timestamp="2013-10-18T08:21:22Z" user="Władysław Komorek" uid="693154" lat="50.0628688" lon="19.9363039"/>
 <node id="471557836" visible="true" version="6" changeset="18415286" timestamp="2013-10-18T08:21:22Z" user="Władysław Komorek" uid="693154" lat="50.0629583" lon="19.9360813"/>
 <node id="471557837" visible="true" version="7" changeset="73438130" timestamp="2019-08-17T09:14:45Z" user="Władysław Komorek" uid="693154" lat="50.0630259" lon="19.9361513"/>
 <node id="471557838" visible="true" version="18" changeset="174075427" timestamp="2025-11-01T18:26:06Z" user="Mateusz Konieczny" uid="1722488" lat="50.0627747" lon="19.9364960">
  <tag k="fee" v="yes"/>
  <tag k="fee:conditional" v="Tu @ Mo except temporary exhibitions"/>
  <tag k="museum" v="history"/>
  <tag k="name" v="Pałac Krzysztofory"/>
  <tag k="name:en" v="Krzysztofory Palace"/>
  <tag k="name:hu" v="Krakkói Várostörténeti Múzeum"/>
  <tag k="name:pl" v="Pałac Krzysztofory"/>
  <tag k="opening_hours" v="Tu-Su 10:00-18:00"/>
  <tag k="tourism" v="museum"/>
  <tag k="website" v="https://muzeumkrakowa.pl/oddzialy/palac-krzysztofory"/>
 </node>
 <node id="471635682" visible="true" version="7" changeset="25611553" timestamp="2014-09-22T20:02:04Z" user="Władysław Komorek" uid="693154" lat="50.0610329" lon="19.9382997"/>
 <node id="471635683" visible="true" version="8" changeset="25611553" timestamp="2014-09-22T20:02:04Z" user="Władysław Komorek" uid="693154" lat="50.0612261" lon="19.9384356"/>
 <node id="471635686" visible="true" version="7" changeset="25611553" timestamp="2014-09-22T20:02:05Z" user="Władysław Komorek" uid="693154" lat="50.0609043" lon="19.9381733"/>
 <node id="471635688" visible="true" version="6" changeset="25611553" timestamp="2014-09-22T20:02:05Z" user="Władysław Komorek" uid="693154" lat="50.0607788" lon="19.9380680"/>
 <node id="471635692" visible="true" version="6" changeset="25611553" timestamp="2014-09-22T20:02:05Z" user="Władysław Komorek" uid="693154" lat="50.0606941" lon="19.9380011"/>
 <node id="471635695" visible="true" version="6" changeset="25607883" timestamp="2014-09-22T17:14:09Z" user="Władysław Komorek" uid="693154" lat="50.0606070" lon="19.9379432"/>
 <node id="471635698" visible="true" version="7" changeset="25609868" timestamp="2014-09-22T18:45:01Z" user="Władysław Komorek" uid="693154" lat="50.0605069" lon="19.9378861"/>
 <node id="471635701" visible="true" version="6" changeset="25609868" timestamp="2014-09-22T18:45:01Z" user="Władysław Komorek" uid="693154" lat="50.0603269" lon="19.9378250"/>
 <node id="471635702" visible="true" version="5" changeset="18422967" timestamp="2013-10-18T17:08:29Z" user="Władysław Komorek" uid="693154" lat="50.0601589" lon="19.9377792"/>
 <node id="471635719" visible="true" version="6" changeset="25605915" timestamp="2014-09-22T15:26:12Z" user="Władysław Komorek" uid="693154" lat="50.0609176" lon="19.9366426"/>
 <node id="471635724" visible="true" version="7" changeset="120475907" timestamp="2022-05-02T19:37:49Z" user="ivanbranco" uid="11220113" lat="50.0608290" lon="19.9369141"/>
 <node id="471635728" visible="true" version="5" changeset="25605915" timestamp="2014-09-22T15:26:13Z" user="Władysław Komorek" uid="693154" lat="50.0607067" lon="19.9371511"/>
 <node id="471635730" visible="true" version="7" changeset="25605915" timestamp="2014-09-22T15:26:13Z" user="Władysław Komorek" uid="693154" lat="50.0606611" lon="19.9371986"/>
 <node id="471635732" visible="true" version="6" changeset="25605915" timestamp="2014-09-22T15:26:13Z" user="Władysław Komorek" uid="693154" lat="50.0604584" lon="19.9373715"/>
 <node id="471635736" visible="true" version="6" changeset="25605915" timestamp="2014-09-22T15:26:13Z" user="Władysław Komorek" uid="693154" lat="50.0602559" lon="19.9375123"/>
 <node id="471635745" visible="true" version="6" changeset="25598849" timestamp="2014-09-22T09:42:40Z" user="Władysław Komorek" uid="693154" lat="50.0610147" lon="19.9363464"/>
 <node id="471635746" visible="true" version="6" changeset="25598849" timestamp="2014-09-22T09:42:40Z" user="Władysław Komorek" uid="693154" lat="50.0609607" lon="19.9365257"/>
 <node id="471635747" visible="true" version="6" changeset="25598849" timestamp="2014-09-22T09:42:40Z" user="Władysław Komorek" uid="693154" lat="50.0610796" lon="19.9361351"/>
 <node id="471635752" visible="true" version="6" changeset="25598849" timestamp="2014-09-22T09:42:40Z" user="Władysław Komorek" uid="693154" lat="50.0611183" lon="19.9360304"/>
 <node id="471635753" visible="true" version="6" changeset="25598849" timestamp="2014-09-22T09:42:41Z" user="Władysław Komorek" uid="693154" lat="50.0611478" lon="19.9359177"/>
 <node id="471635757" visible="true" version="6" changeset="25598849" timestamp="2014-09-22T09:42:41Z" user="Władysław Komorek" uid="693154" lat="50.0612348" lon="19.9356554"/>
 <node id="471635762" visible="true" version="7" changeset="126964142" timestamp="2022-10-04T00:05:49Z" user="edc22" uid="6529331" lat="50.0612874" lon="19.9355003">
  <tag k="artwork_type" v="statue"/>
  <tag k="location" v="wall"/>
  <tag k="subject:wikidata" v="Q310359"/>
  <tag k="subject:wikipedia" v="pl:Jan Kapistran"/>
  <tag k="tourism" v="artwork"/>
  <tag k="wikimedia_commons" v="File:Krakow OldMarketSquare26 8803.JPG"/>
 </node>
 <node id="471635764" visible="true" version="7" changeset="18534000" timestamp="2013-10-25T11:24:17Z" user="Władysław Komorek" uid="693154" lat="50.0613934" lon="19.9354612"/>
 <node id="471635765" visible="true" version="8" changeset="73438130" timestamp="2019-08-17T09:14:45Z" user="Władysław Komorek" uid="693154" lat="50.0616528" lon="19.9356881"/>
 <node id="471635773" visible="true" version="7" changeset="73438130" timestamp="2019-08-17T09:14:45Z" user="Władysław Komorek" uid="693154" lat="50.0617386" lon="19.9357594"/>
 <node id="471635774" visible="true" version="8" changeset="73437175" timestamp="2019-08-17T08:22:00Z" user="Władysław Komorek" uid="693154" lat="50.0618542" lon="19.9358631"/>
 <node id="471635777" visible="true" version="9" changeset="101970041" timestamp="2021-03-30T09:05:40Z" user="Dawid2849" uid="10642775" lat="50.0620486" lon="19.9360371"/>
 <node id="471635778" visible="true" version="6" changeset="73437175" timestamp="2019-08-17T08:22:00Z" user="Władysław Komorek" uid="693154" lat="50.0623054" lon="19.9353743"/>
 <node id="471635779" visible="true" version="6" changeset="73437175" timestamp="2019-08-17T08:22:00Z" user="Władysław Komorek" uid="693154" lat="50.0621010" lon="19.9351950"/>
 <node id="471635780" visible="true" version="8" changeset="73438130" timestamp="2019-08-17T09:14:45Z" user="Władysław Komorek" uid="693154" lat="50.0621391" lon="19.9361405"/>
 <node id="471635781" visible="true" version="8" changeset="73438130" timestamp="2019-08-17T09:14:45Z" user="Władysław Komorek" uid="693154" lat="50.0622030" lon="19.9361970"/>
 <node id="471635786" visible="true" version="10" changeset="73438130" timestamp="2019-08-17T09:14:45Z" user="Władysław Komorek" uid="693154" lat="50.0622933" lon="19.9362867"/>
 <node id="471635788" visible="true" version="7" changeset="73438130" timestamp="2019-08-17T09:14:45Z" user="Władysław Komorek" uid="693154" lat="50.0624518" lon="19.9358858"/>
 <node id="471635789" visible="true" version="9" changeset="73438130" timestamp="2019-08-17T09:14:45Z" user="Władysław Komorek" uid="693154" lat="50.0623467" lon="19.9363309"/>
 <node id="471635790" visible="true" version="5" changeset="18415286" timestamp="2013-10-18T08:21:23Z" user="Władysław Komorek" uid="693154" lat="50.0628793" lon="19.9359616"/>
 <node id="471635791" visible="true" version="6" changeset="71114088" timestamp="2019-06-10T18:34:01Z" user="Blaise Pexyk" uid="6785548" lat="50.0626467" lon="19.9357864"/>
 <node id="471635792" visible="true" version="8" changeset="25529725" timestamp="2014-09-18T20:49:14Z" user="Władysław Komorek" uid="693154" lat="50.0628263" lon="19.9369878"/>
 <node id="471635793" visible="true" version="9" changeset="101970041" timestamp="2021-03-30T09:05:40Z" user="Dawid2849" uid="10642775" lat="50.0627527" lon="19.9372118"/>
 <node id="471635794" visible="true" version="6" changeset="25529725" timestamp="2014-09-18T20:49:14Z" user="Władysław Komorek" uid="693154" lat="50.0631377" lon="19.9375256"/>
 <node id="471635795" visible="true" version="7" changeset="25529725" timestamp="2014-09-18T20:49:14Z" user="Władysław Komorek" uid="693154" lat="50.0632086" lon="19.9372857"/>
 <node id="471635796" visible="true" version="8" changeset="25529725" timestamp="2014-09-18T20:49:15Z" user="Władysław Komorek" uid="693154" lat="50.0627037" lon="19.9373538"/>
 <node id="471635799" visible="true" version="6" changeset="25529725" timestamp="2014-09-18T20:49:15Z" user="Władysław Komorek" uid="693154" lat="50.0629848" lon="19.9377460"/>
 <node id="471635801" visible="true" version="8" changeset="25529725" timestamp="2014-09-18T20:49:15Z" user="Władysław Komorek" uid="693154" lat="50.0626513" lon="19.9375001"/>
 <node id="471635802" visible="true" version="8" changeset="25529725" timestamp="2014-09-18T20:49:15Z" user="Władysław Komorek" uid="693154" lat="50.0626139" lon="19.9376164"/>
 <node id="471635807" visible="true" version="7" changeset="25529725" timestamp="2014-09-18T20:49:15Z" user="Władysław Komorek" uid="693154" lat="50.0625732" lon="19.9377567"/>
 <node id="471635811" visible="true" version="6" changeset="25530932" timestamp="2014-09-18T21:59:06Z" user="Władysław Komorek" uid="693154" lat="50.0624440" lon="19.9381298"/>
 <node id="471635814" visible="true" version="6" changeset="25530932" timestamp="2014-09-18T21:59:06Z" user="Władysław Komorek" uid="693154" lat="50.0623997" lon="19.9382963"/>
 <node id="471635817" visible="true" version="5" changeset="25530932" timestamp="2014-09-18T21:59:06Z" user="Władysław Komorek" uid="693154" lat="50.0623631" lon="19.9384086"/>
 <node id="471635820" visible="true" version="5" changeset="25530932" timestamp="2014-09-18T21:59:06Z" user="Władysław Komorek" uid="693154" lat="50.0622848" lon="19.9386599"/>
 <node id="471635821" visible="true" version="7" changeset="25530932" timestamp="2014-09-18T21:59:06Z" user="Władysław Komorek" uid="693154" lat="50.0622499" lon="19.9387696"/>
 <node id="471635824" visible="true" version="9" changeset="25530932" timestamp="2014-09-18T21:59:06Z" user="Władysław Komorek" uid="693154" lat="50.0622112" lon="19.9388880"/>
 <node id="471635826" visible="true" version="8" changeset="25530932" timestamp="2014-09-18T21:59:07Z" user="Władysław Komorek" uid="693154" lat="50.0621247" lon="19.9391734"/>
 <node id="475387293" visible="true" version="9" changeset="145584377" timestamp="2023-12-27T16:46:25Z" user="Mateusz Konieczny" uid="1722488" lat="50.0629066" lon="19.9368144">
  <tag k="addr:city" v="Kraków"/>
  <tag k="addr:housenumber" v="1"/>
  <tag k="addr:postcode" v="31-011"/>
  <tag k="addr:street" v="Szczepańska"/>
  <tag k="amenity" v="pharmacy"/>
  <tag k="check_date" v="2022-09-18"/>
  <tag k="dispensing" v="yes"/>
  <tag k="healthcare" v="pharmacy"/>
  <tag k="name" v="Pod Złotym Tygrysem"/>
  <tag k="opening_hours" v="Mo-Fr 08:00-20:00; Sa 08:00-15:00; Su 10:00-18:00"/>
  <tag k="ref:csioz" v="1042103"/>
 </node>
 <node id="475387304" visible="true" version="7" changeset="177875307" timestamp="2026-01-30T06:18:31Z" user="YomanNH" uid="718122" lat="50.0628616" lon="19.9364598">
  <tag k="amenity" v="cafe"/>
  <tag k="indoor_seating" v="yes"/>
  <tag k="name" v="Zakręcony Pan Cogito"/>
  <tag k="opening_hours" v="Tu-Su 12:00-18:00"/>
  <tag k="outdoor_seating" v="no"/>
 </node>
 <node id="475387307" visible="true" version="13" changeset="154579592" timestamp="2024-07-29T20:20:11Z" user="NieWnen-reverter" uid="18969453" lat="50.0622302" lon="19.9361717">
  <tag k="addr:housenumber" v="31"/>
  <tag k="addr:street" v="Rynek Główny"/>
  <tag k="amenity" v="bank"/>
  <tag k="brand" v="Bank Pekao"/>
  <tag k="brand:wikidata" v="Q806642"/>
  <tag k="brand:wikipedia" v="pl:Bank Polska Kasa Opieki"/>
  <tag k="name" v="Bank Pekao"/>
  <tag k="opening_hours" v="Mo-Fr 09:30-17:00"/>
  <tag k="operator" v="PKO SA"/>
  <tag k="website" v="https://www.pekao.com.pl"/>
 </node>
 <node id="475387308" visible="true" version="8" changeset="145229866" timestamp="2023-12-17T21:32:35Z" user="Mateusz Konieczny" uid="1722488" lat="50.0623188" lon="19.9362429">
  <tag k="addr:housenumber" v="32"/>
  <tag k="addr:street" v="Rynek Główny"/>
  <tag k="amenity" v="restaurant"/>
  <tag k="check_date:opening_hours" v="2023-12-17"/>
  <tag k="name" v="Restauracja Towarzyska"/>
  <tag k="opening_hours:signed" v="no"/>
 </node>
 <node id="475387309" visible="true" version="9" changeset="147532263" timestamp="2024-02-16T13:16:38Z" user="osmenjoyer62905" uid="20099745" lat="50.0623496" lon="19.9362679">
  <tag k="addr:city" v="Kraków"/>
  <tag k="addr:housenumber" v="33"/>
  <tag k="addr:street" v="Rynek Główny"/>
  <tag k="check_date:opening_hours" v="2024-02-16"/>
  <tag k="name" v="Wawel"/>
  <tag k="opening_hours" v="Mo-Th 10:00-19:00; Fr,Sa 10:00-20:00; Su 10:00-20:00"/>
  <tag k="operator" v="Wawel S.A. - sklep firmowy"/>
  <tag k="shop" v="confectionery"/>
 </node>
 <node id="475387313" visible="true" version="5" changeset="40132506" timestamp="2016-06-19T10:14:25Z" user="kocio" uid="52087" lat="50.0626642" lon="19.9363010">
  <tag k="addr:housenumber" v="34"/>
  <tag k="addr:street" v="Rynek Główny"/>
  <tag k="amenity" v="restaurant"/>
  <tag k="name" v="Tetmajerowska"/>
  <tag k="official_name" v="Restauracja Tetmajerowska"/>
 </node>
 <node id="475387314" visible="true" version="11" changeset="185084511" timestamp="2026-07-04T10:43:24Z" user="rasenmaeher92" uid="10629116" lat="50.0626523" lon="19.9364190">
  <tag k="addr:city" v="Kraków"/>
  <tag k="addr:housenumber" v="34"/>
  <tag k="addr:postcode" v="31-010"/>
  <tag k="addr:street" v="Rynek Główny"/>
  <tag k="amenity" v="restaurant"/>
  <tag k="check_date:opening_hours" v="2023-11-03"/>
  <tag k="name" v="Hawełka"/>
  <tag k="official_name" v="Restauracja Hawełka"/>
  <tag k="opening_hours" v="Mo-Su 10:00-22:00"/>
  <tag k="phone" v="+48 605 821 161"/>
  <tag k="website" v="https://www.hawelka.pl/"/>
  <tag k="wheelchair" v="yes"/>
 </node>
 <node id="475387315" visible="true" version="8" changeset="147532263" timestamp="2024-02-16T13:16:38Z" user="osmenjoyer62905" uid="20099745" lat="50.0626774" lon="19.9365524">
  <tag k="amenity" v="restaurant"/>
  <tag k="diet:vegetarian" v="yes"/>
  <tag k="name" v="Europejska"/>
  <tag k="note" v="also a cafe"/>
  <tag k="official_name" v="Restauracja Europejska"/>
  <tag k="opening_hours" v="Su-Th 09:00-21:00; Fr,Sa 09:00-22:00"/>
  <tag k="wheelchair" v="yes"/>
 </node>
 <node id="475613557" visible="true" version="11" changeset="163564359" timestamp="2025-03-13T10:46:11Z" user="Mateusz Konieczny - bot account - ATP import" uid="22544915" lat="50.0610644" lon="19.9361433">
  <tag k="addr:city" v="Kraków"/>
  <tag k="addr:country" v="PL"/>
  <tag k="addr:housenumber" v="23"/>
  <tag k="addr:street" v="Rynek Główny"/>
  <tag k="brand" v="Empik"/>
  <tag k="brand:wikidata" v="Q3045978"/>
  <tag k="brand:wikipedia" v="pl:Empik"/>
  <tag k="name" v="Empik"/>
  <tag k="note" v="Godziny otwarcia w niedziele handlowe: 10:00-20:00"/>
  <tag k="opening_hours" v="Mo-Fr 10:00-20:00; Sa 10:00-20:00"/>
  <tag k="shop" v="books"/>
  <tag k="website" v="https://www.empik.com/salony-empik/krakow/krakow-rynek,12088,e"/>
  <tag k="wheelchair" v="no"/>
 </node>
 <node id="475613559" visible="true" version="9" changeset="164307092" timestamp="2025-03-30T22:14:40Z" user="U42" uid="12752888" lat="50.0610392" lon="19.9362112">
  <tag k="addr:city" v="Kraków"/>
  <tag k="addr:country" v="PL"/>
  <tag k="addr:housenumber" v="22"/>
  <tag k="addr:street" v="Rynek Główny"/>
  <tag k="amenity" v="restaurant"/>
  <tag k="check_date:opening_hours" v="2023-12-17"/>
  <tag k="cuisine" v="international;mexican"/>
  <tag k="diet:vegetarian" v="yes"/>
  <tag k="indoor_seating" v="yes"/>
  <tag k="name" v="Sioux"/>
  <tag k="opening_hours:signed" v="no"/>
  <tag k="outdoor_seating" v="yes"/>
 </node>
 <node id="475613560" visible="true" version="6" changeset="152906278" timestamp="2024-06-19T17:13:36Z" user="Blackkness_7" uid="21635177" lat="50.0610080" lon="19.9363004">
  <tag k="addr:city" v="Kraków"/>
  <tag k="addr:country" v="PL"/>
  <tag k="addr:housenumber" v="22"/>
  <tag k="addr:street" v="Rynek Główny"/>
  <tag k="amenity" v="restaurant"/>
  <tag k="cuisine" v="pizza"/>
  <tag k="name" v="Dominium Pizza"/>
  <tag k="opening_hours" v="Mo-Su 12:00-23:00"/>
 </node>
 <node id="475613744" visible="true" version="6" changeset="176279279" timestamp="2025-12-22T19:36:19Z" user="uprkos" uid="11239973" lat="50.0625596" lon="19.9378920">
  <tag k="addr:city" v="Kraków"/>
  <tag k="addr:country" v="PL"/>
  <tag k="addr:housenumber" v="41"/>
  <tag k="addr:street" v="Rynek Główny"/>
  <tag k="amenity" v="restaurant"/>
  <tag k="check_date" v="2025-12-22"/>
  <tag k="name" v="Loża"/>
  <tag k="opening_hours" v="Mo-Su 09:00-24:00"/>
 </node>
 <node id="475613757" visible="true" version="8" changeset="145584377" timestamp="2023-12-27T16:48:13Z" user="Mateusz Konieczny" uid="1722488" lat="50.0626768" lon="19.9375792">
  <tag k="addr:city" v="Kraków"/>
  <tag k="addr:country" v="PL"/>
  <tag k="addr:housenumber" v="39"/>
  <tag k="addr:street" v="Rynek Główny"/>
  <tag k="check_date:opening_hours" v="2023-12-27"/>
  <tag k="country" v="ZZ"/>
  <tag k="diplomatic" v="liaison"/>
  <tag k="liaison" v="subnational"/>
  <tag k="name" v="Rząd Regionalny Kurdystanu - biuro pełnomocnika w Polsce"/>
  <tag k="office" v="diplomatic"/>
  <tag k="opening_hours:signed" v="no"/>
  <tag k="target" v="PL"/>
 </node>
 <node id="475613765" visible="true" version="11" changeset="184636198" timestamp="2026-06-26T09:31:05Z" user="lizard990" uid="24250910" lat="50.0627812" lon="19.9371812">
  <tag k="addr:city" v="Kraków"/>
  <tag k="addr:country" v="PL"/>
  <tag k="addr:housenumber" v="36"/>
  <tag k="addr:postcode" v="31-013"/>
  <tag k="addr:street" v="Rynek Główny"/>
  <tag k="amenity" v="cafe"/>
  <tag k="coffee" v="yes"/>
  <tag k="internet_access" v="no"/>
  <tag k="name" v="UNA"/>
  <tag k="note" v="Cafe and a bookstore that sells sheet music and books about music."/>
  <tag k="official_name" v="UNA - Kluboksięgarnia Polskiego Wydawnitwa Muzycznego"/>
  <tag k="opening_hours" v="Mo-Su 08:00-22:00"/>
  <tag k="operator" v="Polskie Wydawnictwo Muzyczne"/>
  <tag k="outdoor_seating" v="yes"/>
  <tag k="payment:blik" v="yes"/>
  <tag k="payment:cards" v="yes"/>
  <tag k="payment:cash" v="yes"/>
  <tag k="payment:contactless" v="yes"/>
  <tag k="website" v="https://una-krakow.pl/"/>
 </node>
 <node id="475613768" visible="true" version="5" changeset="53349352" timestamp="2017-10-29T18:30:53Z" user="Mateusz Konieczny" uid="1722488" lat="50.0628187" lon="19.9373366">
  <tag k="addr:city" v="Kraków"/>
  <tag k="addr:country" v="PL"/>
  <tag k="addr:housenumber" v="37"/>
  <tag k="addr:street" v="Rynek Główny"/>
  <tag k="name" v="Lekarska Spółdzielnia Pracy"/>
  <tag k="office" v="yes"/>
 </node>
 <node id="475613784" visible="true" version="8" changeset="126525154" timestamp="2022-09-23T00:12:39Z" user="edc22" uid="6529331" lat="50.0627113" lon="19.9374057">
  <tag k="addr:city" v="Kraków"/>
  <tag k="addr:country" v="PL"/>
  <tag k="addr:housenumber" v="38"/>
  <tag k="addr:street" v="Rynek Główny"/>
  <tag k="amenity" v="restaurant"/>
  <tag k="cuisine" v="italian"/>
  <tag k="name" v="Redolfi"/>
 </node>
 <node id="938166447" visible="true" version="12" changeset="127068458" timestamp="2022-10-05T21:15:23Z" user="edc22" uid="6529331" lat="50.0620135" lon="19.9360036"/>
 <node id="938166448" visible="true" version="12" changeset="127068458" timestamp="2022-10-05T21:15:23Z" user="edc22" uid="6529331" lat="50.0619704" lon="19.9359650"/>
 <node id="1332080339" visible="true" version="47" changeset="171494077" timestamp="2025-09-05T11:42:17Z" user="Икчпук" uid="21130589" lat="50.0620050" lon="19.9377768">
  <tag k="addr:city" v="Kraków"/>
  <tag k="addr:country" v="PL"/>
  <tag k="addr:housenumber" v="1"/>
  <tag k="addr:postcode" v="31-042"/>
  <tag k="addr:street" v="Rynek Główny"/>
  <tag k="fee" v="yes"/>
  <tag k="museum" v="history"/>
  <tag k="name" v="Rynek Podziemny"/>
  <tag k="name:en" v="Rynek Underground"/>
  <tag k="name:hu" v="Föld alatti Piac tér"/>
  <tag k="name:pl" v="Rynek Podziemny"/>
  <tag k="name:ru" v="Подземелье рынка"/>
  <tag k="opening_hours" v="Mo-Su 10:00-20:00; Tu 10:00-16:00; Nov-Mar: Mo,We,Th 10:00-19:00; Nov-Mar: Tu 10:00-14:00; Nov-Mar: Fr-Su 10:00-20:00"/>
  <tag k="operator" v="Muzeum Krakowa"/>
  <tag k="operator:type" v="public"/>
  <tag k="ref:ckkp" v="MA00458"/>
  <tag k="tourism" v="museum"/>
  <tag k="website" v="https://muzeumkrakowa.pl/oddzialy/rynek-podziemny"/>
  <tag k="wheelchair" v="limited"/>
  <tag k="wikidata" v="Q5420576"/>
  <tag k="wikipedia" v="pl:Podziemia Rynku w Krakowie"/>
 </node>
 <node id="1509251113" visible="true" version="3" changeset="134261018" timestamp="2023-03-29T12:27:58Z" user="rayleigh1" uid="6739817" lat="50.0612320" lon="19.9365276">
  <tag k="amenity" v="bench"/>
  <tag k="backrest" v="no"/>
  <tag k="check_date" v="2023-03-29"/>
  <tag k="colour" v="gray"/>
  <tag k="material" v="stone"/>
 </node>
 <node id="1509251114" visible="true" version="3" changeset="134261018" timestamp="2023-03-29T12:27:57Z" user="rayleigh1" uid="6739817" lat="50.0612946" lon="19.9365734">
  <tag k="amenity" v="bench"/>
  <tag k="backrest" v="no"/>
  <tag k="check_date" v="2023-03-29"/>
  <tag k="colour" v="gray"/>
  <tag k="material" v="stone"/>
 </node>
 <node id="1509251132" visible="true" version="3" changeset="127070386" timestamp="2022-10-05T22:24:31Z" user="edc22" uid="6529331" lat="50.0613479" lon="19.9379880">
  <tag k="amenity" v="bench"/>
  <tag k="backrest" v="no"/>
  <tag k="check_date" v="2021-03-17"/>
  <tag k="colour" v="gray"/>
  <tag k="material" v="stone"/>
 </node>
 <node id="1509251138" visible="true" version="3" changeset="127070386" timestamp="2022-10-05T22:24:31Z" user="edc22" uid="6529331" lat="50.0613502" lon="19.9379531">
  <tag k="amenity" v="bench"/>
  <tag k="backrest" v="no"/>
  <tag k="check_date" v="2021-03-17"/>
  <tag k="colour" v="gray"/>
  <tag k="material" v="stone"/>
 </node>
 <node id="1509251142" visible="true" version="3" changeset="127070386" timestamp="2022-10-05T22:24:31Z" user="edc22" uid="6529331" lat="50.0613610" lon="19.9379065">
  <tag k="amenity" v="bench"/>
  <tag k="backrest" v="no"/>
  <tag k="check_date" v="2021-03-17"/>
  <tag k="colour" v="gray"/>
  <tag k="material" v="stone"/>
 </node>
 <node id="1509251144" visible="true" version="3" changeset="127070386" timestamp="2022-10-05T22:24:31Z" user="edc22" uid="6529331" lat="50.0613697" lon="19.9378865">
  <tag k="amenity" v="bench"/>
  <tag k="backrest" v="no"/>
  <tag k="check_date" v="2021-03-17"/>
  <tag k="colour" v="gray"/>
  <tag k="material" v="stone"/>
 </node>
 <node id="1509251147" visible="true" version="3" changeset="127070386" timestamp="2022-10-05T22:24:31Z" user="edc22" uid="6529331" lat="50.0613802" lon="19.9378647">
  <tag k="amenity" v="bench"/>
  <tag k="backrest" v="no"/>
  <tag k="check_date" v="2021-03-17"/>
  <tag k="colour" v="gray"/>
  <tag k="material" v="stone"/>
 </node>
 <node id="1517066720" visible="true" version="6" changeset="24538158" timestamp="2014-08-04T15:42:50Z" user="Władysław Komorek" uid="693154" lat="50.0612535" lon="19.9385770"/>
 <node id="1517066750" visible="true" version="8" changeset="187963544" timestamp="2026-08-24T23:16:41Z" user="Adam Haba" uid="12293030" lat="50.0613806" lon="19.9386859"/>
 <node id="1517066761" visible="true" version="8" changeset="187963544" timestamp="2026-08-24T23:16:41Z" user="Adam Haba" uid="12293030" lat="50.0614553" lon="19.9387525"/>
 <node id="1517066765" visible="true" version="4" changeset="14624479" timestamp="2013-01-12T17:03:47Z" user="Paul Evening" uid="560539" lat="50.0614966" lon="19.9386701"/>
 <node id="1517066768" visible="true" version="6" changeset="14624479" timestamp="2013-01-12T17:03:47Z" user="Paul Evening" uid="560539" lat="50.0615693" lon="19.9386214"/>
 <node id="1517066769" visible="true" version="5" changeset="37782084" timestamp="2016-03-12T12:20:29Z" user="Sto-Sto" uid="690673" lat="50.0615930" lon="19.9386210"/>
 <node id="1517066772" visible="true" version="4" changeset="14624479" timestamp="2013-01-12T17:03:47Z" user="Paul Evening" uid="560539" lat="50.0616445" lon="19.9386382"/>
 <node id="1517066775" visible="true" version="4" changeset="14624479" timestamp="2013-01-12T17:03:48Z" user="Paul Evening" uid="560539" lat="50.0618802" lon="19.9388528"/>
 <node id="1517066778" visible="true" version="4" changeset="14624479" timestamp="2013-01-12T17:03:48Z" user="Paul Evening" uid="560539" lat="50.0619216" lon="19.9389253"/>
 <node id="1517066779" visible="true" version="2" changeset="14624479" timestamp="2013-01-12T17:03:48Z" user="Paul Evening" uid="560539" lat="50.0619510" lon="19.9390090"/>
 <node id="1517066781" visible="true" version="4" changeset="14624479" timestamp="2013-01-12T17:03:48Z" user="Paul Evening" uid="560539" lat="50.0619685" lon="19.9390984"/>
 <node id="1517066783" visible="true" version="4" changeset="14624479" timestamp="2013-01-12T17:03:48Z" user="Paul Evening" uid="560539" lat="50.0619749" lon="19.9392112"/>
 <node id="1517066784" visible="true" version="4" changeset="14624479" timestamp="2013-01-12T17:03:48Z" user="Paul Evening" uid="560539" lat="50.0619740" lon="19.9391747"/>
 <node id="1518864600" visible="true" version="7" changeset="73436829" timestamp="2019-08-17T07:58:50Z" user="Władysław Komorek" uid="693154" lat="50.0620894" lon="19.9393302"/>
 <node id="1657846462" visible="true" version="4" changeset="71114088" timestamp="2019-06-10T18:34:01Z" user="Blaise Pexyk" uid="6785548" lat="50.0625493" lon="19.9360560"/>
 <node id="1657846479" visible="true" version="3" changeset="18452522" timestamp="2013-10-20T14:30:36Z" user="Władysław Komorek" uid="693154" lat="50.0626056" lon="19.9359171"/>
 <node id="1657846543" visible="true" version="3" changeset="18452522" timestamp="2013-10-20T14:30:36Z" user="Władysław Komorek" uid="693154" lat="50.0626748" lon="19.9361410"/>
 <node id="1657846606" visible="true" version="4" changeset="71114088" timestamp="2019-06-10T18:34:01Z" user="Blaise Pexyk" uid="6785548" lat="50.0627201" lon="19.9360312"/>
 <node id="1657846668" visible="true" version="2" changeset="25529725" timestamp="2014-09-18T20:49:12Z" user="Władysław Komorek" uid="693154" lat="50.0628019" lon="19.9376545"/>
 <node id="1657846675" visible="true" version="2" changeset="25529725" timestamp="2014-09-18T20:49:12Z" user="Władysław Komorek" uid="693154" lat="50.0628459" lon="19.9376845"/>
 <node id="1657846772" visible="true" version="2" changeset="25529725" timestamp="2014-09-18T20:49:12Z" user="Władysław Komorek" uid="693154" lat="50.0629073" lon="19.9377701"/>
 <node id="1657846775" visible="true" version="2" changeset="25529725" timestamp="2014-09-18T20:49:12Z" user="Władysław Komorek" uid="693154" lat="50.0629274" lon="19.9377065"/>
 <node id="1657846811" visible="true" version="3" changeset="25529725" timestamp="2014-09-18T20:49:12Z" user="Władysław Komorek" uid="693154" lat="50.0629662" lon="19.9373246"/>
 <node id="1657846825" visible="true" version="5" changeset="92259637" timestamp="2020-10-10T00:07:29Z" user="edc22" uid="6529331" lat="50.0629843" lon="19.9372681"/>
 <node id="1657846863" visible="true" version="3" changeset="25529725" timestamp="2014-09-18T20:49:13Z" user="Władysław Komorek" uid="693154" lat="50.0630690" lon="19.9374244"/>
 <node id="1657846869" visible="true" version="3" changeset="25529725" timestamp="2014-09-18T20:49:13Z" user="Władysław Komorek" uid="693154" lat="50.0630897" lon="19.9373569"/>
 <node id="1657846890" visible="true" version="4" changeset="25529725" timestamp="2014-09-18T20:49:13Z" user="Władysław Komorek" uid="693154" lat="50.0631341" lon="19.9375377"/>
 <node id="1658115641" visible="true" version="6" changeset="73437175" timestamp="2019-08-17T08:22:00Z" user="Władysław Komorek" uid="693154" lat="50.0620388" lon="19.9357086"/>
 <node id="1658115717" visible="true" version="6" changeset="73437175" timestamp="2019-08-17T08:22:00Z" user="Władysław Komorek" uid="693154" lat="50.0621749" lon="19.9354367"/>
 <node id="1658115886" visible="true" version="6" changeset="73438130" timestamp="2019-08-17T09:14:45Z" user="Władysław Komorek" uid="693154" lat="50.0625054" lon="19.9359450"/>
 <node id="1658115911" visible="true" version="6" changeset="73438130" timestamp="2019-08-17T09:14:45Z" user="Władysław Komorek" uid="693154" lat="50.0625835" lon="19.9357559"/>
 <node id="1658115945" visible="true" version="5" changeset="73438130" timestamp="2019-08-17T09:14:45Z" user="Władysław Komorek" uid="693154" lat="50.0625978" lon="19.9357287"/>
 <node id="1658115991" visible="true" version="5" changeset="73438130" timestamp="2019-08-17T09:14:45Z" user="Władysław Komorek" uid="693154" lat="50.0626638" lon="19.9357409"/>
 <node id="1658116058" visible="true" version="4" changeset="18415286" timestamp="2013-10-18T08:21:21Z" user="Władysław Komorek" uid="693154" lat="50.0627224" lon="19.9358073"/>
 <node id="1658116147" visible="true" version="4" changeset="18415286" timestamp="2013-10-18T08:21:21Z" user="Władysław Komorek" uid="693154" lat="50.0628788" lon="19.9368450"/>
 <node id="1658116169" visible="true" version="4" changeset="18415286" timestamp="2013-10-18T08:21:21Z" user="Władysław Komorek" uid="693154" lat="50.0629158" lon="19.9358619"/>
 <node id="1658116217" visible="true" version="5" changeset="69652229" timestamp="2019-04-27T23:51:34Z" user="edc22" uid="6529331" lat="50.0629595" lon="19.9366429"/>
 <node id="1658116237" visible="true" version="4" changeset="18415286" timestamp="2013-10-18T08:21:21Z" user="Władysław Komorek" uid="693154" lat="50.0629839" lon="19.9360199"/>
 <node id="1658116275" visible="true" version="5" changeset="69652229" timestamp="2019-04-27T23:51:34Z" user="edc22" uid="6529331" lat="50.0630080" lon="19.9365102"/>
 <node id="1658116292" visible="true" version="4" changeset="69652229" timestamp="2019-04-27T23:51:34Z" user="edc22" uid="6529331" lat="50.0630776" lon="19.9368369"/>
 <node id="1658116326" visible="true" version="5" changeset="69652229" timestamp="2019-04-27T23:51:35Z" user="edc22" uid="6529331" lat="50.0631001" lon="19.9367552"/>
 <node id="1658116344" visible="true" version="5" changeset="73438130" timestamp="2019-08-17T09:14:45Z" user="Władysław Komorek" uid="693154" lat="50.0631369" lon="19.9358786"/>
 <node id="1658116364" visible="true" version="4" changeset="69652229" timestamp="2019-04-27T23:51:35Z" user="edc22" uid="6529331" lat="50.0631635" lon="19.9368497"/>
 <node id="1658116384" visible="true" version="4" changeset="69652229" timestamp="2019-04-27T23:51:35Z" user="edc22" uid="6529331" lat="50.0632056" lon="19.9369419"/>
 <node id="1658116401" visible="true" version="4" changeset="69652229" timestamp="2019-04-27T23:51:35Z" user="edc22" uid="6529331" lat="50.0632273" lon="19.9368686"/>
 <node id="1658116428" visible="true" version="6" changeset="69652229" timestamp="2019-04-27T23:51:35Z" user="edc22" uid="6529331" lat="50.0632249" lon="19.9371145"/>
 <node id="1658116467" visible="true" version="4" changeset="18415286" timestamp="2013-10-18T08:21:21Z" user="Władysław Komorek" uid="693154" lat="50.0632850" lon="19.9358079"/>
 <node id="1658116494" visible="true" version="5" changeset="69652229" timestamp="2019-04-27T23:51:35Z" user="edc22" uid="6529331" lat="50.0632890" lon="19.9369037"/>
 <node id="1673258929" visible="true" version="4" changeset="25529725" timestamp="2014-09-18T20:49:13Z" user="Władysław Komorek" uid="693154" lat="50.0624944" lon="19.9380260"/>
 <node id="1703041812" visible="true" version="3" changeset="18415286" timestamp="2013-10-18T08:21:22Z" user="Władysław Komorek" uid="693154" lat="50.0614668" lon="19.9363278"/>
 <node id="1703041814" visible="true" version="3" changeset="18415286" timestamp="2013-10-18T08:21:22Z" user="Władysław Komorek" uid="693154" lat="50.0614734" lon="19.9363001"/>
 <node id="1771950723" visible="true" version="7" changeset="171933166" timestamp="2025-09-14T19:11:16Z" user="Andrzej Augustyński" uid="16879659" lat="50.0610688" lon="19.9365008">
  <tag k="amenity" v="bicycle_parking"/>
  <tag k="bicycle_parking" v="stands"/>
  <tag k="capacity" v="6"/>
  <tag k="check_date:capacity" v="2025-09-14"/>
  <tag k="covered" v="no"/>
  <tag k="operator" v="ZTP Kraków"/>
 </node>
 <node id="1838666975" visible="true" version="71" changeset="182186054" timestamp="2026-05-04T04:18:53Z" user="rollercoasting" uid="10869342" lat="50.0619474" lon="19.9368564">
  <tag k="alt_name:en" v="Cracow"/>
  <tag k="capital" v="4"/>
  <tag k="multi_postcode_place" v="yes"/>
  <tag k="name" v="Kraków"/>
  <tag k="name:ar" v="كراكوف"/>
  <tag k="name:ast" v="Cracovia"/>
  <tag k="name:be" v="Кракаў"/>
  <tag k="name:br" v="Krakovia"/>
  <tag k="name:ca" v="Cracòvia"/>
  <tag k="name:cs" v="Krakov"/>
  <tag k="name:de" v="Krakau"/>
  <tag k="name:el" v="Κρακοβία"/>
  <tag k="name:en" v="Krakow"/>
  <tag k="name:eo" v="Krakovo"/>
  <tag k="name:es" v="Cracovia"/>
  <tag k="name:eu" v="Krakovia"/>
  <tag k="name:fa" v="کراکوف"/>
  <tag k="name:fi" v="Krakova"/>
  <tag k="name:fr" v="Cracovie"/>
  <tag k="name:hr" v="Krakov"/>
  <tag k="name:hu" v="Krakkó"/>
  <tag k="name:is" v="Kraká"/>
  <tag k="name:it" v="Cracovia"/>
  <tag k="name:ja" v="クラクフ"/>
  <tag k="name:kn" v="ಕ್ರಾಕೌವ್"/>
  <tag k="name:ko" v="크라쿠프"/>
  <tag k="name:la" v="Cracovia"/>
  <tag k="name:lt" v="Krokuva"/>
  <tag k="name:lv" v="Krakova"/>
  <tag k="name:mk" v="Краков"/>
  <tag k="name:ml" v="ക്രാക്കോവ്"/>
  <tag k="name:mt" v="Krakovja"/>
  <tag k="name:nl" v="Krakau"/>
  <tag k="name:pl" v="Kraków"/>
  <tag k="name:pt" v="Cracóvia"/>
  <tag k="name:ro" v="Cracovia"/>
  <tag k="name:ru" v="Краков"/>
  <tag k="name:sk" v="Krakov"/>
  <tag k="name:sl" v="Krakov"/>
  <tag k="name:sr" v="Краков"/>
  <tag k="name:szl" v="Krakōw"/>
  <tag k="name:uk" v="Краків"/>
  <tag k="name:zh-Hans" v="克拉科夫"/>
  <tag k="name:zh-Hant" v="克拉科夫"/>
  <tag k="official_name" v="Stołeczne Królewskie Miasto Kraków"/>
  <tag k="official_name:en" v="Royal Capital City of Krakow"/>
  <tag k="official_name:pl" v="Stołeczne Królewskie Miasto Kraków"/>
  <tag k="place" v="city"/>
  <tag k="population" v="800653"/>
  <tag k="population:date" v="2021-06-30"/>
  <tag k="source:population" v="Narodowy Spis Powszechny 2021"/>
  <tag k="teryt:rm" v="96"/>
  <tag k="teryt:simc" v="0950463"/>
  <tag k="teryt:terc" v="1261011"/>
  <tag k="website" v="https://krakow.pl/"/>
  <tag k="wikidata" v="Q31487"/>
  <tag k="wikipedia" v="pl:Kraków"/>
 </node>
 <node id="1862676201" visible="true" version="8" changeset="152501876" timestamp="2024-06-10T14:56:07Z" user="Blackkness_7" uid="21635177" lat="50.0621529" lon="19.9361520">
  <tag k="addr:housenumber" v="31"/>
  <tag k="addr:street" v="Rynek Główny"/>
  <tag k="amenity" v="atm"/>
  <tag k="brand" v="Bank Pekao"/>
  <tag k="brand:wikidata" v="Q806642"/>
  <tag k="cash_in" v="yes"/>
  <tag k="check_date" v="2023-12-17"/>
  <tag k="operator" v="Bank Pekao"/>
  <tag k="operator:wikidata" v="Q806642"/>
 </node>
 <node id="1913862624" visible="true" version="3" changeset="187963544" timestamp="2026-08-24T23:16:41Z" user="Adam Haba" uid="12293030" lat="50.0606470" lon="19.9377831"/>
 <node id="1913862631" visible="true" version="2" changeset="187963544" timestamp="2026-08-24T23:16:41Z" user="Adam Haba" uid="12293030" lat="50.0604284" lon="19.9376555"/>
 <node id="1913862638" visible="true" version="2" changeset="187963544" timestamp="2026-08-24T23:16:41Z" user="Adam Haba" uid="12293030" lat="50.0606962" lon="19.9374873"/>
 <node id="1913862643" visible="true" version="1" changeset="13105319" timestamp="2012-09-14T10:00:41Z" user="Zibior2" uid="467703" lat="50.0607620" lon="19.9374047"/>
 <node id="1913862646" visible="true" version="1" changeset="13105319" timestamp="2012-09-14T10:00:41Z" user="Zibior2" uid="467703" lat="50.0607604" lon="19.9378743"/>
 <node id="1913862648" visible="true" version="1" changeset="13105319" timestamp="2012-09-14T10:00:41Z" user="Zibior2" uid="467703" lat="50.0608049" lon="19.9379097"/>
 <node id="1913862664" visible="true" version="1" changeset="13105319" timestamp="2012-09-14T10:00:41Z" user="Zibior2" uid="467703" lat="50.0608573" lon="19.9372613"/>
 <node id="1913862666" visible="true" version="2" changeset="33530366" timestamp="2015-08-23T18:31:54Z" user="Sto-Sto" uid="690673" lat="50.0610840" lon="19.9367082"/>
 <node id="1913862668" visible="true" version="1" changeset="13105319" timestamp="2012-09-14T10:00:41Z" user="Zibior2" uid="467703" lat="50.0612934" lon="19.9383127"/>
 <node id="1913862669" visible="true" version="1" changeset="13105319" timestamp="2012-09-14T10:00:41Z" user="Zibior2" uid="467703" lat="50.0614002" lon="19.9357690"/>
 <node id="1913862670" visible="true" version="1" changeset="13105319" timestamp="2012-09-14T10:00:41Z" user="Zibior2" uid="467703" lat="50.0614558" lon="19.9384388"/>
 <node id="1913862673" visible="true" version="1" changeset="13105319" timestamp="2012-09-14T10:00:41Z" user="Zibior2" uid="467703" lat="50.0620126" lon="19.9363194"/>
 <node id="1913862675" visible="true" version="2" changeset="14624479" timestamp="2013-01-12T17:03:48Z" user="Paul Evening" uid="560539" lat="50.0620135" lon="19.9388825"/>
 <node id="1913862676" visible="true" version="1" changeset="13105319" timestamp="2012-09-14T10:00:41Z" user="Zibior2" uid="467703" lat="50.0623226" lon="19.9379745"/>
 <node id="1913862678" visible="true" version="2" changeset="164997288" timestamp="2025-04-15T17:54:43Z" user="Leo Guide" uid="14096219" lat="50.0626838" lon="19.9369093"/>
 <node id="1913875698" visible="true" version="2" changeset="14624479" timestamp="2013-01-12T17:03:48Z" user="Paul Evening" uid="560539" lat="50.0616153" lon="19.9385514"/>
 <node id="1913875712" visible="true" version="2" changeset="14624479" timestamp="2013-01-12T17:03:48Z" user="Paul Evening" uid="560539" lat="50.0620509" lon="19.9392905"/>
 <node id="2000502688" visible="true" version="2" changeset="26665095" timestamp="2014-11-09T15:04:24Z" user="Andrzej3345" uid="1875665" lat="50.0622027" lon="19.9360026">
  <tag k="addr:city" v="Kraków"/>
  <tag k="addr:country" v="PL"/>
  <tag k="addr:housenumber" v="1"/>
  <tag k="addr:postcode" v="31-009"/>
  <tag k="addr:street" v="Szewska"/>
 </node>
 <node id="2104477177" visible="true" version="7" changeset="187770517" timestamp="2026-08-21T00:30:14Z" user="Adam Haba" uid="12293030" lat="50.0640385" lon="19.9338572">
  <tag k="crossing" v="unmarked"/>
  <tag k="crossing:markings" v="no"/>
  <tag k="highway" v="crossing"/>
  <tag k="tactile_paving" v="no"/>
 </node>
 <node id="2107295291" visible="true" version="1" changeset="14624479" timestamp="2013-01-12T17:03:41Z" user="Paul Evening" uid="560539" lat="50.0615305" lon="19.9386365"/>
 <node id="2107295328" visible="true" version="1" changeset="14624479" timestamp="2013-01-12T17:03:41Z" user="Paul Evening" uid="560539" lat="50.0618353" lon="19.9387967"/>
 <node id="2110897851" visible="true" version="3" changeset="33685986" timestamp="2015-08-30T16:34:26Z" user="Sto-Sto" uid="690673" lat="50.0612331" lon="19.9385017"/>
 <node id="2110897859" visible="true" version="1" changeset="14650262" timestamp="2013-01-14T16:36:16Z" user="Paul Evening" uid="560539" lat="50.0620961" lon="19.9360916"/>
 <node id="2110897868" visible="true" version="3" changeset="187768352" timestamp="2026-08-20T22:25:39Z" user="Adam Haba" uid="12293030" lat="50.0624716" lon="19.9380845"/>
 <node id="2110949616" visible="true" version="1" changeset="14650684" timestamp="2013-01-14T17:10:15Z" user="Paul Evening" uid="560539" lat="50.0611875" lon="19.9365060"/>
 <node id="2110949619" visible="true" version="1" changeset="14650684" timestamp="2013-01-14T17:10:15Z" user="Paul Evening" uid="560539" lat="50.0612001" lon="19.9364699"/>
 <node id="2110949622" visible="true" version="3" changeset="146353582" timestamp="2024-01-17T09:01:39Z" user="Władysław Komorek" uid="693154" lat="50.0612058" lon="19.9364997">
  <tag k="leaf_cycle" v="deciduous"/>
  <tag k="leaf_type" v="broadleaved"/>
  <tag k="natural" v="tree"/>
  <tag k="source" v="Knowledge"/>
 </node>
 <node id="2110949627" visible="true" version="1" changeset="14650684" timestamp="2013-01-14T17:10:15Z" user="Paul Evening" uid="560539" lat="50.0612117" lon="19.9365265"/>
 <node id="2110949629" visible="true" version="1" changeset="14650684" timestamp="2013-01-14T17:10:15Z" user="Paul Evening" uid="560539" lat="50.0612243" lon="19.9364904"/>
 <node id="2110949632" visible="true" version="1" changeset="14650684" timestamp="2013-01-14T17:10:15Z" user="Paul Evening" uid="560539" lat="50.0612429" lon="19.9365524"/>
 <node id="2110949634" visible="true" version="1" changeset="14650684" timestamp="2013-01-14T17:10:15Z" user="Paul Evening" uid="560539" lat="50.0612546" lon="19.9363015"/>
 <node id="2110949636" visible="true" version="1" changeset="14650684" timestamp="2013-01-14T17:10:15Z" user="Paul Evening" uid="560539" lat="50.0612555" lon="19.9365162"/>
 <node id="2110949638" visible="true" version="3" changeset="146353582" timestamp="2024-01-17T09:01:39Z" user="Władysław Komorek" uid="693154" lat="50.0612612" lon="19.9365462">
  <tag k="leaf_cycle" v="deciduous"/>
  <tag k="leaf_type" v="broadleaved"/>
  <tag k="natural" v="tree"/>
  <tag k="source" v="Knowledge"/>
 </node>
 <node id="2110949640" visible="true" version="1" changeset="14650684" timestamp="2013-01-14T17:10:15Z" user="Paul Evening" uid="560539" lat="50.0612673" lon="19.9362654"/>
 <node id="2110949641" visible="true" version="1" changeset="14650684" timestamp="2013-01-14T17:10:15Z" user="Paul Evening" uid="560539" lat="50.0612679" lon="19.9365735"/>
 <node id="2110949644" visible="true" version="3" changeset="146353582" timestamp="2024-01-17T09:01:39Z" user="Władysław Komorek" uid="693154" lat="50.0612734" lon="19.9362950">
  <tag k="leaf_cycle" v="deciduous"/>
  <tag k="leaf_type" v="broadleaved"/>
  <tag k="natural" v="tree"/>
  <tag k="source" v="Knowledge"/>
 </node>
 <node id="2110949647" visible="true" version="1" changeset="14650684" timestamp="2013-01-14T17:10:15Z" user="Paul Evening" uid="560539" lat="50.0612788" lon="19.9363220"/>
 <node id="2110949650" visible="true" version="1" changeset="14650684" timestamp="2013-01-14T17:10:15Z" user="Paul Evening" uid="560539" lat="50.0612805" lon="19.9365373"/>
 <node id="2110949654" visible="true" version="1" changeset="14650684" timestamp="2013-01-14T17:10:15Z" user="Paul Evening" uid="560539" lat="50.0612907" lon="19.9361984"/>
 <node id="2110949685" visible="true" version="1" changeset="14650684" timestamp="2013-01-14T17:10:15Z" user="Paul Evening" uid="560539" lat="50.0612914" lon="19.9362858"/>
 <node id="2110949689" visible="true" version="1" changeset="14650684" timestamp="2013-01-14T17:10:15Z" user="Paul Evening" uid="560539" lat="50.0613033" lon="19.9361623"/>
 <node id="2110949693" visible="true" version="3" changeset="146353511" timestamp="2024-01-17T09:00:07Z" user="Władysław Komorek" uid="693154" lat="50.0613085" lon="19.9361906">
  <tag k="leaf_cycle" v="deciduous"/>
  <tag k="leaf_type" v="broadleaved"/>
  <tag k="natural" v="tree"/>
  <tag k="source" v="Knowledge"/>
 </node>
 <node id="2110949699" visible="true" version="1" changeset="14650684" timestamp="2013-01-14T17:10:16Z" user="Paul Evening" uid="560539" lat="50.0613146" lon="19.9366124"/>
 <node id="2110949702" visible="true" version="1" changeset="14650684" timestamp="2013-01-14T17:10:16Z" user="Paul Evening" uid="560539" lat="50.0613149" lon="19.9362189"/>
 <node id="2110949705" visible="true" version="1" changeset="14650684" timestamp="2013-01-14T17:10:16Z" user="Paul Evening" uid="560539" lat="50.0613271" lon="19.9365762"/>
 <node id="2110949708" visible="true" version="1" changeset="14650684" timestamp="2013-01-14T17:10:16Z" user="Paul Evening" uid="560539" lat="50.0613275" lon="19.9361828"/>
 <node id="2110949711" visible="true" version="3" changeset="146353582" timestamp="2024-01-17T09:01:39Z" user="Władysław Komorek" uid="693154" lat="50.0613330" lon="19.9366067">
  <tag k="leaf_cycle" v="deciduous"/>
  <tag k="leaf_type" v="broadleaved"/>
  <tag k="natural" v="tree"/>
  <tag k="source" v="Knowledge"/>
 </node>
 <node id="2110949719" visible="true" version="1" changeset="14650684" timestamp="2013-01-14T17:10:16Z" user="Paul Evening" uid="560539" lat="50.0613390" lon="19.9366329"/>
 <node id="2110949723" visible="true" version="1" changeset="14650684" timestamp="2013-01-14T17:10:16Z" user="Paul Evening" uid="560539" lat="50.0613515" lon="19.9365967"/>
 <node id="2110949741" visible="true" version="1" changeset="14650684" timestamp="2013-01-14T17:10:16Z" user="Paul Evening" uid="560539" lat="50.0613846" lon="19.9366705"/>
 <node id="2110949748" visible="true" version="1" changeset="14650684" timestamp="2013-01-14T17:10:16Z" user="Paul Evening" uid="560539" lat="50.0613975" lon="19.9366346"/>
 <node id="2110949750" visible="true" version="3" changeset="146353582" timestamp="2024-01-17T09:01:39Z" user="Władysław Komorek" uid="693154" lat="50.0614027" lon="19.9366614">
  <tag k="leaf_cycle" v="deciduous"/>
  <tag k="leaf_type" v="broadleaved"/>
  <tag k="natural" v="tree"/>
  <tag k="source" v="Knowledge"/>
 </node>
 <node id="2110949755" visible="true" version="1" changeset="14650684" timestamp="2013-01-14T17:10:16Z" user="Paul Evening" uid="560539" lat="50.0614077" lon="19.9366908"/>
 <node id="2110949758" visible="true" version="1" changeset="14650684" timestamp="2013-01-14T17:10:16Z" user="Paul Evening" uid="560539" lat="50.0614206" lon="19.9366549"/>
 <node id="2110949761" visible="true" version="1" changeset="14650684" timestamp="2013-01-14T17:10:16Z" user="Paul Evening" uid="560539" lat="50.0614602" lon="19.9360473"/>
 <node id="2110949764" visible="true" version="1" changeset="14650684" timestamp="2013-01-14T17:10:16Z" user="Paul Evening" uid="560539" lat="50.0614728" lon="19.9360111"/>
 <node id="2110949767" visible="true" version="3" changeset="146352602" timestamp="2024-01-17T08:38:52Z" user="Władysław Komorek" uid="693154" lat="50.0614777" lon="19.9360389">
  <tag k="leaf_cycle" v="deciduous"/>
  <tag k="leaf_type" v="broadleaved"/>
  <tag k="natural" v="tree"/>
  <tag k="source" v="Knowledge"/>
 </node>
 <node id="2110949774" visible="true" version="1" changeset="14650684" timestamp="2013-01-14T17:10:16Z" user="Paul Evening" uid="560539" lat="50.0614844" lon="19.9360678"/>
 <node id="2110949779" visible="true" version="1" changeset="14650684" timestamp="2013-01-14T17:10:16Z" user="Paul Evening" uid="560539" lat="50.0614970" lon="19.9360316"/>
 <node id="2110949783" visible="true" version="1" changeset="14650684" timestamp="2013-01-14T17:10:16Z" user="Paul Evening" uid="560539" lat="50.0615838" lon="19.9361501"/>
 <node id="2110949787" visible="true" version="1" changeset="14650684" timestamp="2013-01-14T17:10:16Z" user="Paul Evening" uid="560539" lat="50.0615965" lon="19.9361140"/>
 <node id="2110949790" visible="true" version="3" changeset="146352621" timestamp="2024-01-17T08:39:16Z" user="Władysław Komorek" uid="693154" lat="50.0616006" lon="19.9361417">
  <tag k="leaf_cycle" v="deciduous"/>
  <tag k="leaf_type" v="broadleaved"/>
  <tag k="natural" v="tree"/>
  <tag k="source" v="Knowledge"/>
 </node>
 <node id="2110949796" visible="true" version="1" changeset="14650684" timestamp="2013-01-14T17:10:16Z" user="Paul Evening" uid="560539" lat="50.0616080" lon="19.9361706"/>
 <node id="2110949802" visible="true" version="1" changeset="14650684" timestamp="2013-01-14T17:10:16Z" user="Paul Evening" uid="560539" lat="50.0616206" lon="19.9361345"/>
 <node id="2110949805" visible="true" version="1" changeset="14650684" timestamp="2013-01-14T17:10:16Z" user="Paul Evening" uid="560539" lat="50.0616682" lon="19.9362243"/>
 <node id="2110949809" visible="true" version="1" changeset="14650684" timestamp="2013-01-14T17:10:16Z" user="Paul Evening" uid="560539" lat="50.0616808" lon="19.9361882"/>
 <node id="2110949811" visible="true" version="3" changeset="146353461" timestamp="2024-01-17T08:59:00Z" user="Władysław Komorek" uid="693154" lat="50.0616879" lon="19.9362155">
  <tag k="leaf_cycle" v="deciduous"/>
  <tag k="leaf_type" v="broadleaved"/>
  <tag k="natural" v="tree"/>
  <tag k="source" v="Knowledge"/>
 </node>
 <node id="2110949815" visible="true" version="1" changeset="14650684" timestamp="2013-01-14T17:10:16Z" user="Paul Evening" uid="560539" lat="50.0616924" lon="19.9362448"/>
 <node id="2110949818" visible="true" version="1" changeset="14650684" timestamp="2013-01-14T17:10:16Z" user="Paul Evening" uid="560539" lat="50.0617050" lon="19.9362087"/>
 <node id="2110949820" visible="true" version="1" changeset="14650684" timestamp="2013-01-14T17:10:16Z" user="Paul Evening" uid="560539" lat="50.0617434" lon="19.9363024"/>
 <node id="2110949822" visible="true" version="1" changeset="14650684" timestamp="2013-01-14T17:10:16Z" user="Paul Evening" uid="560539" lat="50.0617560" lon="19.9362663"/>
 <node id="2110949824" visible="true" version="3" changeset="146353484" timestamp="2024-01-17T08:59:37Z" user="Władysław Komorek" uid="693154" lat="50.0617618" lon="19.9362950">
  <tag k="leaf_cycle" v="deciduous"/>
  <tag k="leaf_type" v="broadleaved"/>
  <tag k="natural" v="tree"/>
  <tag k="source" v="Knowledge"/>
 </node>
 <node id="2110949827" visible="true" version="2" changeset="25490470" timestamp="2014-09-16T23:12:45Z" user="Władysław Komorek" uid="693154" lat="50.0617689" lon="19.9380299"/>
 <node id="2110949829" visible="true" version="1" changeset="14650684" timestamp="2013-01-14T17:10:16Z" user="Paul Evening" uid="560539" lat="50.0617676" lon="19.9363229"/>
 <node id="2110949830" visible="true" version="2" changeset="25490470" timestamp="2014-09-16T23:12:45Z" user="Władysław Komorek" uid="693154" lat="50.0617807" lon="19.9379947"/>
 <node id="2110949833" visible="true" version="1" changeset="14650684" timestamp="2013-01-14T17:10:16Z" user="Paul Evening" uid="560539" lat="50.0617802" lon="19.9362867"/>
 <node id="2110949840" visible="true" version="2" changeset="25490470" timestamp="2014-09-16T23:12:45Z" user="Władysław Komorek" uid="693154" lat="50.0617910" lon="19.9380477"/>
 <node id="2110949843" visible="true" version="2" changeset="25490470" timestamp="2014-09-16T23:12:46Z" user="Władysław Komorek" uid="693154" lat="50.0618035" lon="19.9380130"/>
 <node id="2110949846" visible="true" version="2" changeset="25490470" timestamp="2014-09-16T23:12:46Z" user="Władysław Komorek" uid="693154" lat="50.0624582" lon="19.9370276"/>
 <node id="2110949849" visible="true" version="2" changeset="25490470" timestamp="2014-09-16T23:12:46Z" user="Władysław Komorek" uid="693154" lat="50.0624704" lon="19.9369929"/>
 <node id="2110949852" visible="true" version="2" changeset="25490470" timestamp="2014-09-16T23:12:46Z" user="Władysław Komorek" uid="693154" lat="50.0624748" lon="19.9370144">
  <tag k="leaf_type" v="broadleaved"/>
  <tag k="natural" v="tree"/>
 </node>
 <node id="2110949857" visible="true" version="2" changeset="25490470" timestamp="2014-09-16T23:12:46Z" user="Władysław Komorek" uid="693154" lat="50.0624810" lon="19.9370465"/>
 <node id="2110949862" visible="true" version="2" changeset="25490470" timestamp="2014-09-16T23:12:46Z" user="Władysław Komorek" uid="693154" lat="50.0624933" lon="19.9370121"/>
 <node id="2271094372" visible="true" version="4" changeset="34522459" timestamp="2015-10-09T05:13:42Z" user="kocio" uid="52087" lat="50.0614370" lon="19.9380300"/>
 <node id="2271094373" visible="true" version="4" changeset="34522459" timestamp="2015-10-09T05:13:42Z" user="kocio" uid="52087" lat="50.0614245" lon="19.9380355"/>
 <node id="2271094374" visible="true" version="4" changeset="34522459" timestamp="2015-10-09T05:13:42Z" user="kocio" uid="52087" lat="50.0614644" lon="19.9380527"/>
 <node id="2271094375" visible="true" version="4" changeset="34522459" timestamp="2015-10-09T05:13:42Z" user="kocio" uid="52087" lat="50.0614167" lon="19.9379926"/>
 <node id="2271094376" visible="true" version="4" changeset="34522459" timestamp="2015-10-09T05:13:42Z" user="kocio" uid="52087" lat="50.0614682" lon="19.9380726"/>
 <node id="2271094377" visible="true" version="4" changeset="34522459" timestamp="2015-10-09T05:13:42Z" user="kocio" uid="52087" lat="50.0614250" lon="19.9379889"/>
 <node id="2271094378" visible="true" version="4" changeset="34522459" timestamp="2015-10-09T05:13:42Z" user="kocio" uid="52087" lat="50.0614962" lon="19.9380594"/>
 <node id="2271094379" visible="true" version="4" changeset="34522459" timestamp="2015-10-09T05:13:42Z" user="kocio" uid="52087" lat="50.0614421" lon="19.9379387"/>
 <node id="2271094380" visible="true" version="4" changeset="34522459" timestamp="2015-10-09T05:13:42Z" user="kocio" uid="52087" lat="50.0614936" lon="19.9380462"/>
 <node id="2271094381" visible="true" version="4" changeset="34522459" timestamp="2015-10-09T05:13:42Z" user="kocio" uid="52087" lat="50.0614404" lon="19.9379300"/>
 <node id="2271094382" visible="true" version="4" changeset="34522459" timestamp="2015-10-09T05:13:42Z" user="kocio" uid="52087" lat="50.0615103" lon="19.9379974"/>
 <node id="2271094383" visible="true" version="4" changeset="34522459" timestamp="2015-10-09T05:13:42Z" user="kocio" uid="52087" lat="50.0614684" lon="19.9379168"/>
 <node id="2271094384" visible="true" version="4" changeset="34522459" timestamp="2015-10-09T05:13:42Z" user="kocio" uid="52087" lat="50.0615191" lon="19.9379935"/>
 <node id="2271094385" visible="true" version="4" changeset="34522459" timestamp="2015-10-09T05:13:42Z" user="kocio" uid="52087" lat="50.0614701" lon="19.9379255"/>
 <node id="2271094387" visible="true" version="4" changeset="34522459" timestamp="2015-10-09T05:13:42Z" user="kocio" uid="52087" lat="50.0615042" lon="19.9379538"/>
 <node id="2271094389" visible="true" version="4" changeset="34522459" timestamp="2015-10-09T05:13:42Z" user="kocio" uid="52087" lat="50.0615113" lon="19.9379507"/>
 <node id="2453051867" visible="true" version="4" changeset="171494077" timestamp="2025-09-05T11:42:17Z" user="Икчпук" uid="21130589" lat="50.0617010" lon="19.9373544"/>
 <node id="2500381529" visible="true" version="2" changeset="18415286" timestamp="2013-10-18T08:21:22Z" user="Władysław Komorek" uid="693154" lat="50.0614195" lon="19.9364497"/>
 <node id="2500381532" visible="true" version="1" changeset="18414826" timestamp="2013-10-18T07:50:04Z" user="Władysław Komorek" uid="693154" lat="50.0614399" lon="19.9364139"/>
 <node id="2500381533" visible="true" version="1" changeset="18414826" timestamp="2013-10-18T07:50:04Z" user="Władysław Komorek" uid="693154" lat="50.0614416" lon="19.9363974"/>
 <node id="2500381534" visible="true" version="1" changeset="18414826" timestamp="2013-10-18T07:50:04Z" user="Władysław Komorek" uid="693154" lat="50.0614416" lon="19.9364303"/>
 <node id="2500381535" visible="true" version="1" changeset="18414826" timestamp="2013-10-18T07:50:04Z" user="Władysław Komorek" uid="693154" lat="50.0614464" lon="19.9363825"/>
 <node id="2500381536" visible="true" version="1" changeset="18414826" timestamp="2013-10-18T07:50:04Z" user="Władysław Komorek" uid="693154" lat="50.0614464" lon="19.9364452"/>
 <node id="2500381537" visible="true" version="2" changeset="18415286" timestamp="2013-10-18T08:21:22Z" user="Władysław Komorek" uid="693154" lat="50.0614539" lon="19.9363323"/>
 <node id="2500381538" visible="true" version="1" changeset="18414826" timestamp="2013-10-18T07:50:05Z" user="Władysław Komorek" uid="693154" lat="50.0614540" lon="19.9363707"/>
 <node id="2500381539" visible="true" version="1" changeset="18414826" timestamp="2013-10-18T07:50:05Z" user="Władysław Komorek" uid="693154" lat="50.0614540" lon="19.9364570"/>
 <node id="2500381540" visible="true" version="1" changeset="18414826" timestamp="2013-10-18T07:50:05Z" user="Władysław Komorek" uid="693154" lat="50.0614611" lon="19.9363646"/>
 <node id="2500381541" visible="true" version="1" changeset="18414826" timestamp="2013-10-18T07:50:05Z" user="Władysław Komorek" uid="693154" lat="50.0614636" lon="19.9363631"/>
 <node id="2500381542" visible="true" version="1" changeset="18414826" timestamp="2013-10-18T07:50:05Z" user="Władysław Komorek" uid="693154" lat="50.0614636" lon="19.9364646"/>
 <node id="2500381543" visible="true" version="1" changeset="18414826" timestamp="2013-10-18T07:50:05Z" user="Władysław Komorek" uid="693154" lat="50.0614697" lon="19.9364668"/>
 <node id="2500381544" visible="true" version="1" changeset="18414826" timestamp="2013-10-18T07:50:05Z" user="Władysław Komorek" uid="693154" lat="50.0614741" lon="19.9363605"/>
 <node id="2500381545" visible="true" version="1" changeset="18414826" timestamp="2013-10-18T07:50:05Z" user="Władysław Komorek" uid="693154" lat="50.0614741" lon="19.9364672"/>
 <node id="2500381550" visible="true" version="1" changeset="18414826" timestamp="2013-10-18T07:50:05Z" user="Władysław Komorek" uid="693154" lat="50.0614847" lon="19.9363631"/>
 <node id="2500381551" visible="true" version="1" changeset="18414826" timestamp="2013-10-18T07:50:05Z" user="Władysław Komorek" uid="693154" lat="50.0614847" lon="19.9364646"/>
 <node id="2500381555" visible="true" version="1" changeset="18414826" timestamp="2013-10-18T07:50:05Z" user="Władysław Komorek" uid="693154" lat="50.0614943" lon="19.9363707"/>
 <node id="2500381556" visible="true" version="1" changeset="18414826" timestamp="2013-10-18T07:50:05Z" user="Władysław Komorek" uid="693154" lat="50.0614943" lon="19.9364570"/>
 <node id="2500381557" visible="true" version="2" changeset="18415286" timestamp="2013-10-18T08:21:22Z" user="Władysław Komorek" uid="693154" lat="50.0614930" lon="19.9365020"/>
 <node id="2500381558" visible="true" version="1" changeset="18414826" timestamp="2013-10-18T07:50:05Z" user="Władysław Komorek" uid="693154" lat="50.0615018" lon="19.9363825"/>
 <node id="2500381559" visible="true" version="1" changeset="18414826" timestamp="2013-10-18T07:50:05Z" user="Władysław Komorek" uid="693154" lat="50.0615018" lon="19.9364452"/>
 <node id="2500381560" visible="true" version="1" changeset="18414826" timestamp="2013-10-18T07:50:05Z" user="Władysław Komorek" uid="693154" lat="50.0615067" lon="19.9363974"/>
 <node id="2500381561" visible="true" version="1" changeset="18414826" timestamp="2013-10-18T07:50:05Z" user="Władysław Komorek" uid="693154" lat="50.0615067" lon="19.9364303"/>
 <node id="2500381562" visible="true" version="1" changeset="18414826" timestamp="2013-10-18T07:50:05Z" user="Władysław Komorek" uid="693154" lat="50.0615083" lon="19.9364113"/>
 <node id="2500381563" visible="true" version="1" changeset="18414826" timestamp="2013-10-18T07:50:05Z" user="Władysław Komorek" uid="693154" lat="50.0615084" lon="19.9364139"/>
 <node id="2500381564" visible="true" version="2" changeset="18415286" timestamp="2013-10-18T08:21:22Z" user="Władysław Komorek" uid="693154" lat="50.0615274" lon="19.9363846"/>
 <node id="2500402140" visible="true" version="1" changeset="18415286" timestamp="2013-10-18T08:21:12Z" user="Władysław Komorek" uid="693154" lat="50.0620574" lon="19.9360325"/>
 <node id="2500402142" visible="true" version="1" changeset="18415286" timestamp="2013-10-18T08:21:13Z" user="Władysław Komorek" uid="693154" lat="50.0621690" lon="19.9357098"/>
 <node id="2500402144" visible="true" version="1" changeset="18415286" timestamp="2013-10-18T08:21:13Z" user="Władysław Komorek" uid="693154" lat="50.0621764" lon="19.9357176"/>
 <node id="2500402146" visible="true" version="1" changeset="18415286" timestamp="2013-10-18T08:21:13Z" user="Władysław Komorek" uid="693154" lat="50.0621801" lon="19.9356812"/>
 <node id="2500402148" visible="true" version="1" changeset="18415286" timestamp="2013-10-18T08:21:13Z" user="Władysław Komorek" uid="693154" lat="50.0621880" lon="19.9356887"/>
 <node id="2500402154" visible="true" version="2" changeset="73437175" timestamp="2019-08-17T08:22:00Z" user="Władysław Komorek" uid="693154" lat="50.0623079" lon="19.9353767"/>
 <node id="2500402216" visible="true" version="2" changeset="18440311" timestamp="2013-10-19T20:02:07Z" user="Władysław Komorek" uid="693154" lat="50.0627882" lon="19.9367182"/>
 <node id="2500402218" visible="true" version="2" changeset="18440311" timestamp="2013-10-19T20:02:07Z" user="Władysław Komorek" uid="693154" lat="50.0627959" lon="19.9367255"/>
 <node id="2500402222" visible="true" version="1" changeset="18415286" timestamp="2013-10-18T08:21:14Z" user="Władysław Komorek" uid="693154" lat="50.0628047" lon="19.9362373"/>
 <node id="2500402224" visible="true" version="1" changeset="18415286" timestamp="2013-10-18T08:21:14Z" user="Władysław Komorek" uid="693154" lat="50.0628081" lon="19.9362310"/>
 <node id="2500402226" visible="true" version="2" changeset="73438130" timestamp="2019-08-17T09:14:45Z" user="Władysław Komorek" uid="693154" lat="50.0628526" lon="19.9365695"/>
 <node id="2500402228" visible="true" version="1" changeset="18415286" timestamp="2013-10-18T08:21:14Z" user="Władysław Komorek" uid="693154" lat="50.0628592" lon="19.9365754"/>
 <node id="2500402230" visible="true" version="2" changeset="73438130" timestamp="2019-08-17T09:14:45Z" user="Władysław Komorek" uid="693154" lat="50.0628621" lon="19.9365430"/>
 <node id="2500402232" visible="true" version="1" changeset="18415286" timestamp="2013-10-18T08:21:14Z" user="Władysław Komorek" uid="693154" lat="50.0628691" lon="19.9365521"/>
 <node id="2500402236" visible="true" version="2" changeset="73438130" timestamp="2019-08-17T09:14:45Z" user="Władysław Komorek" uid="693154" lat="50.0629139" lon="19.9364287"/>
 <node id="2500402238" visible="true" version="2" changeset="73438130" timestamp="2019-08-17T09:14:45Z" user="Władysław Komorek" uid="693154" lat="50.0629215" lon="19.9364369"/>
 <node id="2500402240" visible="true" version="2" changeset="73438130" timestamp="2019-08-17T09:14:45Z" user="Władysław Komorek" uid="693154" lat="50.0629249" lon="19.9364044"/>
 <node id="2500402242" visible="true" version="2" changeset="73438130" timestamp="2019-08-17T09:14:45Z" user="Władysław Komorek" uid="693154" lat="50.0629322" lon="19.9364120"/>
 <node id="2500402244" visible="true" version="2" changeset="73438130" timestamp="2019-08-17T09:14:45Z" user="Władysław Komorek" uid="693154" lat="50.0629433" lon="19.9356879"/>
 <node id="2500402246" visible="true" version="1" changeset="18415286" timestamp="2013-10-18T08:21:14Z" user="Władysław Komorek" uid="693154" lat="50.0629478" lon="19.9359794"/>
 <node id="2500402248" visible="true" version="2" changeset="71114088" timestamp="2019-06-10T18:34:01Z" user="Blaise Pexyk" uid="6785548" lat="50.0629746" lon="19.9359150"/>
 <node id="2500402250" visible="true" version="2" changeset="73438130" timestamp="2019-08-17T09:14:45Z" user="Władysław Komorek" uid="693154" lat="50.0629792" lon="19.9362590"/>
 <node id="2500402252" visible="true" version="1" changeset="18415286" timestamp="2013-10-18T08:21:14Z" user="Władysław Komorek" uid="693154" lat="50.0629876" lon="19.9362665"/>
 <node id="2500402254" visible="true" version="2" changeset="73438130" timestamp="2019-08-17T09:14:45Z" user="Władysław Komorek" uid="693154" lat="50.0629934" lon="19.9362348"/>
 <node id="2500402256" visible="true" version="2" changeset="73438130" timestamp="2019-08-17T09:14:45Z" user="Władysław Komorek" uid="693154" lat="50.0629984" lon="19.9362405"/>
 <node id="2500402258" visible="true" version="2" changeset="73438130" timestamp="2019-08-17T09:14:45Z" user="Władysław Komorek" uid="693154" lat="50.0630310" lon="19.9361562"/>
 <node id="2500402260" visible="true" version="2" changeset="73438130" timestamp="2019-08-17T09:14:45Z" user="Władysław Komorek" uid="693154" lat="50.0630323" lon="19.9361299"/>
 <node id="2500402262" visible="true" version="2" changeset="73438130" timestamp="2019-08-17T09:14:45Z" user="Władysław Komorek" uid="693154" lat="50.0630391" lon="19.9361374"/>
 <node id="2500402266" visible="true" version="2" changeset="73438130" timestamp="2019-08-17T09:14:45Z" user="Władysław Komorek" uid="693154" lat="50.0631282" lon="19.9359025"/>
 <node id="2500402268" visible="true" version="2" changeset="73438130" timestamp="2019-08-17T09:14:45Z" user="Władysław Komorek" uid="693154" lat="50.0631353" lon="19.9359091"/>
 <node id="2500402269" visible="true" version="2" changeset="73438130" timestamp="2019-08-17T09:14:45Z" user="Władysław Komorek" uid="693154" lat="50.0631449" lon="19.9358862"/>
 <node id="2500433505" visible="true" version="1" changeset="18415807" timestamp="2013-10-18T08:58:43Z" user="Władysław Komorek" uid="693154" lat="50.0615045" lon="19.9365062"/>
 <node id="2500433506" visible="true" version="2" changeset="18475706" timestamp="2013-10-21T19:48:31Z" user="Władysław Komorek" uid="693154" lat="50.0615063" lon="19.9364999"/>
 <node id="2500433507" visible="true" version="2" changeset="127958666" timestamp="2022-10-23T13:58:38Z" user="ivanbranco" uid="11220113" lat="50.0615139" lon="19.9364717">
  <tag k="entrance" v="main"/>
  <tag k="wikimedia_commons" v="File:A 9 wieża ratuszowa Kraków, Rynek Główny Rafał Peplinski 4.JPG"/>
 </node>
 <node id="2500433509" visible="true" version="1" changeset="18415807" timestamp="2013-10-18T08:58:43Z" user="Władysław Komorek" uid="693154" lat="50.0615208" lon="19.9364477"/>
 <node id="2500433510" visible="true" version="2" changeset="18475706" timestamp="2013-10-21T19:48:31Z" user="Władysław Komorek" uid="693154" lat="50.0615226" lon="19.9364414"/>
 <node id="2500433511" visible="true" version="1" changeset="18415807" timestamp="2013-10-18T08:58:43Z" user="Władysław Komorek" uid="693154" lat="50.0615585" lon="19.9365416"/>
 <node id="2500433512" visible="true" version="1" changeset="18415807" timestamp="2013-10-18T08:58:43Z" user="Władysław Komorek" uid="693154" lat="50.0615602" lon="19.9365352"/>
 <node id="2500433513" visible="true" version="1" changeset="18415807" timestamp="2013-10-18T08:58:43Z" user="Władysław Komorek" uid="693154" lat="50.0615668" lon="19.9365072"/>
 <node id="2500433514" visible="true" version="1" changeset="18415807" timestamp="2013-10-18T08:58:43Z" user="Władysław Komorek" uid="693154" lat="50.0615747" lon="19.9364831"/>
 <node id="2500433515" visible="true" version="1" changeset="18415807" timestamp="2013-10-18T08:58:43Z" user="Władysław Komorek" uid="693154" lat="50.0615765" lon="19.9364767"/>
 <node id="2500686532" visible="true" version="14" changeset="189697769" timestamp="2026-09-28T20:30:24Z" user="Sejmi" uid="24399298" lat="50.0623975" lon="19.9369161">
  <tag k="drinking_water" v="no"/>
  <tag k="drinking_water:legal" v="no"/>
  <tag k="historic" v="memorial"/>
  <tag k="historic:date" v="1980-03-21"/>
  <tag k="man_made" v="water_well"/>
  <tag k="name" v="Studzienka Badylaka"/>
  <tag k="name:en" v="Walenty Badylak's Well"/>
  <tag k="name:hu" v="Badylak-kút"/>
  <tag k="name:pl" v="Studzienka Badylaka"/>
  <tag k="opening_hours" v="24/7"/>
  <tag k="pump" v="manual"/>
  <tag k="wheelchair" v="yes"/>
  <tag k="wikidata" v="Q9347477"/>
  <tag k="wikimedia_commons" v="Category:Walenty Badylak Well in Kraków"/>
  <tag k="wikipedia" v="pl:Studzienka Badylaka"/>
 </node>
 <node id="2500850984" visible="true" version="3" changeset="171494077" timestamp="2025-09-05T11:42:17Z" user="Икчпук" uid="21130589" lat="50.0611984" lon="19.9371515"/>
 <node id="2500850986" visible="true" version="3" changeset="171494077" timestamp="2025-09-05T11:42:17Z" user="Икчпук" uid="21130589" lat="50.0612045" lon="19.9371566"/>
 <node id="2500850988" visible="true" version="4" changeset="171494077" timestamp="2025-09-05T11:42:17Z" user="Икчпук" uid="21130589" lat="50.0613376" lon="19.9368448"/>
 <node id="2500850991" visible="true" version="3" changeset="171494077" timestamp="2025-09-05T11:42:17Z" user="Икчпук" uid="21130589" lat="50.0613430" lon="19.9368496"/>
 <node id="2500850993" visible="true" version="3" changeset="171494077" timestamp="2025-09-05T11:42:17Z" user="Икчпук" uid="21130589" lat="50.0615909" lon="19.9375482"/>
 <node id="2500850995" visible="true" version="4" changeset="171494077" timestamp="2025-09-05T11:42:17Z" user="Икчпук" uid="21130589" lat="50.0615939" lon="19.9375391"/>
 <node id="2500850997" visible="true" version="4" changeset="171494077" timestamp="2025-09-05T11:42:17Z" user="Икчпук" uid="21130589" lat="50.0616581" lon="19.9376035"/>
 <node id="2500850999" visible="true" version="6" changeset="171494077" timestamp="2025-09-05T11:42:17Z" user="Икчпук" uid="21130589" lat="50.0616607" lon="19.9375958"/>
 <node id="2500851001" visible="true" version="2" changeset="171494077" timestamp="2025-09-05T11:42:17Z" user="Икчпук" uid="21130589" lat="50.0620778" lon="19.9378762"/>
 <node id="2500851002" visible="true" version="3" changeset="171494077" timestamp="2025-09-05T11:42:17Z" user="Икчпук" uid="21130589" lat="50.0620833" lon="19.9378808"/>
 <node id="2500851004" visible="true" version="4" changeset="171494077" timestamp="2025-09-05T11:42:17Z" user="Икчпук" uid="21130589" lat="50.0622070" lon="19.9374901"/>
 <node id="2500851006" visible="true" version="4" changeset="171494077" timestamp="2025-09-05T11:42:17Z" user="Икчпук" uid="21130589" lat="50.0622111" lon="19.9375019"/>
 <node id="2500851008" visible="true" version="2" changeset="171494077" timestamp="2025-09-05T11:42:17Z" user="Икчпук" uid="21130589" lat="50.0622144" lon="19.9374844"/>
 <node id="2500851010" visible="true" version="2" changeset="25530932" timestamp="2014-09-18T21:59:02Z" user="Władysław Komorek" uid="693154" lat="50.0623934" lon="19.9382883"/>
 <node id="2500851014" visible="true" version="2" changeset="25529725" timestamp="2014-09-18T20:49:14Z" user="Władysław Komorek" uid="693154" lat="50.0626989" lon="19.9373490"/>
 <node id="2500851016" visible="true" version="2" changeset="25529725" timestamp="2014-09-18T20:49:14Z" user="Władysław Komorek" uid="693154" lat="50.0627502" lon="19.9372097"/>
 <node id="2500868920" visible="true" version="2" changeset="25605915" timestamp="2014-09-22T15:26:03Z" user="Władysław Komorek" uid="693154" lat="50.0601667" lon="19.9375641"/>
 <node id="2500868938" visible="true" version="2" changeset="25605915" timestamp="2014-09-22T15:26:03Z" user="Władysław Komorek" uid="693154" lat="50.0602583" lon="19.9375206"/>
 <node id="2500868946" visible="true" version="2" changeset="25607883" timestamp="2014-09-22T17:14:02Z" user="Władysław Komorek" uid="693154" lat="50.0603531" lon="19.9378308"/>
 <node id="2500868956" visible="true" version="2" changeset="25605915" timestamp="2014-09-22T15:26:03Z" user="Władysław Komorek" uid="693154" lat="50.0604440" lon="19.9373916"/>
 <node id="2500868957" visible="true" version="2" changeset="25605915" timestamp="2014-09-22T15:26:04Z" user="Władysław Komorek" uid="693154" lat="50.0604609" lon="19.9373789"/>
 <node id="2500868959" visible="true" version="2" changeset="25605915" timestamp="2014-09-22T15:26:04Z" user="Władysław Komorek" uid="693154" lat="50.0604750" lon="19.9373692"/>
 <node id="2500868969" visible="true" version="3" changeset="115383293" timestamp="2021-12-26T11:39:06Z" user="Mateusz Konieczny" uid="1722488" lat="50.0605568" lon="19.9372781"/>
 <node id="2500868971" visible="true" version="3" changeset="115383293" timestamp="2021-12-26T11:39:06Z" user="Mateusz Konieczny" uid="1722488" lat="50.0605607" lon="19.9372891"/>
 <node id="2500868973" visible="true" version="2" changeset="25605915" timestamp="2014-09-22T15:26:04Z" user="Władysław Komorek" uid="693154" lat="50.0606645" lon="19.9372056"/>
 <node id="2500868975" visible="true" version="2" changeset="25605915" timestamp="2014-09-22T15:26:04Z" user="Władysław Komorek" uid="693154" lat="50.0608628" lon="19.9367925"/>
 <node id="2500868977" visible="true" version="2" changeset="25605915" timestamp="2014-09-22T15:26:04Z" user="Władysław Komorek" uid="693154" lat="50.0608668" lon="19.9368002"/>
 <node id="2500868979" visible="true" version="2" changeset="25605915" timestamp="2014-09-22T15:26:05Z" user="Władysław Komorek" uid="693154" lat="50.0608711" lon="19.9367665"/>
 <node id="2500868981" visible="true" version="2" changeset="25605915" timestamp="2014-09-22T15:26:05Z" user="Władysław Komorek" uid="693154" lat="50.0608774" lon="19.9367671"/>
 <node id="2500868983" visible="true" version="3" changeset="25611553" timestamp="2014-09-22T20:01:53Z" user="Władysław Komorek" uid="693154" lat="50.0609391" lon="19.9382165"/>
 <node id="2500868985" visible="true" version="3" changeset="25611553" timestamp="2014-09-22T20:01:53Z" user="Władysław Komorek" uid="693154" lat="50.0609416" lon="19.9382072"/>
 <node id="2500868986" visible="true" version="3" changeset="25611553" timestamp="2014-09-22T20:01:53Z" user="Władysław Komorek" uid="693154" lat="50.0609576" lon="19.9382322"/>
 <node id="2500868988" visible="true" version="3" changeset="25611553" timestamp="2014-09-22T20:01:53Z" user="Władysław Komorek" uid="693154" lat="50.0609614" lon="19.9382234"/>
 <node id="2500868990" visible="true" version="2" changeset="25609868" timestamp="2014-09-22T18:44:54Z" user="Władysław Komorek" uid="693154" lat="50.0610361" lon="19.9382875"/>
 <node id="2500868992" visible="true" version="3" changeset="25611553" timestamp="2014-09-22T20:01:53Z" user="Władysław Komorek" uid="693154" lat="50.0610506" lon="19.9383145"/>
 <node id="2500868994" visible="true" version="3" changeset="25611553" timestamp="2014-09-22T20:01:54Z" user="Władysław Komorek" uid="693154" lat="50.0610552" lon="19.9383036"/>
 <node id="2500868996" visible="true" version="3" changeset="25611553" timestamp="2014-09-22T20:01:54Z" user="Władysław Komorek" uid="693154" lat="50.0611924" lon="19.9384290"/>
 <node id="2500868998" visible="true" version="3" changeset="25611553" timestamp="2014-09-22T20:01:54Z" user="Władysław Komorek" uid="693154" lat="50.0611995" lon="19.9384136"/>
 <node id="2500996740" visible="true" version="3" changeset="187770517" timestamp="2026-08-21T00:30:14Z" user="Adam Haba" uid="12293030" lat="50.0628401" lon="19.9368079"/>
 <node id="2500996741" visible="true" version="2" changeset="187768352" timestamp="2026-08-20T22:25:39Z" user="Adam Haba" uid="12293030" lat="50.0628495" lon="19.9369250"/>
 <node id="2501461812" visible="true" version="2" changeset="171494077" timestamp="2025-09-05T11:42:17Z" user="Икчпук" uid="21130589" lat="50.0611980" lon="19.9371836"/>
 <node id="2501461813" visible="true" version="2" changeset="171494077" timestamp="2025-09-05T11:42:17Z" user="Икчпук" uid="21130589" lat="50.0611980" lon="19.9371922"/>
 <node id="2501461814" visible="true" version="2" changeset="171494077" timestamp="2025-09-05T11:42:17Z" user="Икчпук" uid="21130589" lat="50.0612011" lon="19.9371769"/>
 <node id="2501461815" visible="true" version="2" changeset="171494077" timestamp="2025-09-05T11:42:17Z" user="Икчпук" uid="21130589" lat="50.0612012" lon="19.9371767"/>
 <node id="2501461816" visible="true" version="2" changeset="171494077" timestamp="2025-09-05T11:42:17Z" user="Икчпук" uid="21130589" lat="50.0612012" lon="19.9371991"/>
 <node id="2501461817" visible="true" version="2" changeset="171494077" timestamp="2025-09-05T11:42:17Z" user="Икчпук" uid="21130589" lat="50.0612034" lon="19.9371862"/>
 <node id="2501461818" visible="true" version="2" changeset="171494077" timestamp="2025-09-05T11:42:17Z" user="Икчпук" uid="21130589" lat="50.0612034" lon="19.9371893"/>
 <node id="2501461819" visible="true" version="2" changeset="171494077" timestamp="2025-09-05T11:42:17Z" user="Икчпук" uid="21130589" lat="50.0612046" lon="19.9371837"/>
 <node id="2501461820" visible="true" version="2" changeset="171494077" timestamp="2025-09-05T11:42:17Z" user="Икчпук" uid="21130589" lat="50.0612046" lon="19.9371919"/>
 <node id="2501461821" visible="true" version="2" changeset="171494077" timestamp="2025-09-05T11:42:17Z" user="Икчпук" uid="21130589" lat="50.0612051" lon="19.9371832"/>
 <node id="2501461822" visible="true" version="2" changeset="171494077" timestamp="2025-09-05T11:42:17Z" user="Икчпук" uid="21130589" lat="50.0612051" lon="19.9372016"/>
 <node id="2501461823" visible="true" version="2" changeset="171494077" timestamp="2025-09-05T11:42:17Z" user="Икчпук" uid="21130589" lat="50.0612059" lon="19.9371928"/>
 <node id="2501461824" visible="true" version="2" changeset="171494077" timestamp="2025-09-05T11:42:17Z" user="Икчпук" uid="21130589" lat="50.0612064" lon="19.9371741"/>
 <node id="2501461825" visible="true" version="2" changeset="171494077" timestamp="2025-09-05T11:42:17Z" user="Икчпук" uid="21130589" lat="50.0612064" lon="19.9372017"/>
 <node id="2501461826" visible="true" version="2" changeset="171494077" timestamp="2025-09-05T11:42:17Z" user="Икчпук" uid="21130589" lat="50.0612065" lon="19.9371827"/>
 <node id="2501461827" visible="true" version="2" changeset="171494077" timestamp="2025-09-05T11:42:17Z" user="Икчпук" uid="21130589" lat="50.0612065" lon="19.9371928"/>
 <node id="2501461828" visible="true" version="2" changeset="171494077" timestamp="2025-09-05T11:42:17Z" user="Икчпук" uid="21130589" lat="50.0612084" lon="19.9371837"/>
 <node id="2501461829" visible="true" version="2" changeset="171494077" timestamp="2025-09-05T11:42:17Z" user="Икчпук" uid="21130589" lat="50.0612084" lon="19.9371919"/>
 <node id="2501461830" visible="true" version="2" changeset="171494077" timestamp="2025-09-05T11:42:17Z" user="Икчпук" uid="21130589" lat="50.0612096" lon="19.9371862"/>
 <node id="2501461831" visible="true" version="2" changeset="171494077" timestamp="2025-09-05T11:42:17Z" user="Икчпук" uid="21130589" lat="50.0612096" lon="19.9371893"/>
 <node id="2501461832" visible="true" version="2" changeset="171494077" timestamp="2025-09-05T11:42:17Z" user="Икчпук" uid="21130589" lat="50.0612097" lon="19.9371874"/>
 <node id="2501461833" visible="true" version="2" changeset="171494077" timestamp="2025-09-05T11:42:17Z" user="Икчпук" uid="21130589" lat="50.0612116" lon="19.9371767"/>
 <node id="2501461834" visible="true" version="2" changeset="171494077" timestamp="2025-09-05T11:42:17Z" user="Икчпук" uid="21130589" lat="50.0612116" lon="19.9371991"/>
 <node id="2501461835" visible="true" version="2" changeset="171494077" timestamp="2025-09-05T11:42:17Z" user="Икчпук" uid="21130589" lat="50.0612128" lon="19.9372246"/>
 <node id="2501461836" visible="true" version="3" changeset="171494077" timestamp="2025-09-05T11:42:17Z" user="Икчпук" uid="21130589" lat="50.0612176" lon="19.9371254"/>
 <node id="2501461837" visible="true" version="2" changeset="171494077" timestamp="2025-09-05T11:42:17Z" user="Икчпук" uid="21130589" lat="50.0612148" lon="19.9371836"/>
 <node id="2501461838" visible="true" version="2" changeset="171494077" timestamp="2025-09-05T11:42:17Z" user="Икчпук" uid="21130589" lat="50.0612148" lon="19.9371922"/>
 <node id="2501461839" visible="true" version="2" changeset="171494077" timestamp="2025-09-05T11:42:17Z" user="Икчпук" uid="21130589" lat="50.0612150" lon="19.9371846"/>
 <node id="2501461840" visible="true" version="2" changeset="171494077" timestamp="2025-09-05T11:42:17Z" user="Икчпук" uid="21130589" lat="50.0612291" lon="19.9371771"/>
 <node id="2501461843" visible="true" version="3" changeset="171494077" timestamp="2025-09-05T11:42:17Z" user="Икчпук" uid="21130589" lat="50.0614931" lon="19.9369724"/>
 <node id="2501461845" visible="true" version="3" changeset="171494077" timestamp="2025-09-05T11:42:17Z" user="Икчпук" uid="21130589" lat="50.0615559" lon="19.9374648"/>
 <node id="2501461846" visible="true" version="3" changeset="171494077" timestamp="2025-09-05T11:42:17Z" user="Икчпук" uid="21130589" lat="50.0615703" lon="19.9374223"/>
 <node id="2501461847" visible="true" version="4" changeset="171494077" timestamp="2025-09-05T11:42:17Z" user="Икчпук" uid="21130589" lat="50.0616053" lon="19.9375053"/>
 <node id="2501461851" visible="true" version="5" changeset="171494077" timestamp="2025-09-05T11:42:17Z" user="Икчпук" uid="21130589" lat="50.0616453" lon="19.9375824"/>
 <node id="2501461853" visible="true" version="3" changeset="171494077" timestamp="2025-09-05T11:42:17Z" user="Икчпук" uid="21130589" lat="50.0616751" lon="19.9371229"/>
 <node id="2501461854" visible="true" version="4" changeset="171494077" timestamp="2025-09-05T11:42:17Z" user="Икчпук" uid="21130589" lat="50.0616691" lon="19.9375050"/>
 <node id="2501461857" visible="true" version="3" changeset="171494077" timestamp="2025-09-05T11:42:17Z" user="Икчпук" uid="21130589" lat="50.0617298" lon="19.9375552"/>
 <node id="2501461858" visible="true" version="5" changeset="171494077" timestamp="2025-09-05T11:42:17Z" user="Икчпук" uid="21130589" lat="50.0617395" lon="19.9371130"/>
 <node id="2501461859" visible="true" version="3" changeset="171494077" timestamp="2025-09-05T11:42:17Z" user="Икчпук" uid="21130589" lat="50.0617417" lon="19.9371066"/>
 <node id="2501461860" visible="true" version="6" changeset="171494077" timestamp="2025-09-05T11:42:17Z" user="Икчпук" uid="21130589" lat="50.0617596" lon="19.9371290"/>
 <node id="2501461861" visible="true" version="5" changeset="171494077" timestamp="2025-09-05T11:42:17Z" user="Икчпук" uid="21130589" lat="50.0617617" lon="19.9371231"/>
 <node id="2501461863" visible="true" version="4" changeset="171494077" timestamp="2025-09-05T11:42:17Z" user="Икчпук" uid="21130589" lat="50.0617937" lon="19.9371494"/>
 <node id="2501461864" visible="true" version="4" changeset="171494077" timestamp="2025-09-05T11:42:17Z" user="Икчпук" uid="21130589" lat="50.0618090" lon="19.9371702"/>
 <node id="2501461865" visible="true" version="3" changeset="171494077" timestamp="2025-09-05T11:42:17Z" user="Икчпук" uid="21130589" lat="50.0618111" lon="19.9371638"/>
 <node id="2501461866" visible="true" version="3" changeset="171494077" timestamp="2025-09-05T11:42:17Z" user="Икчпук" uid="21130589" lat="50.0618312" lon="19.9372521"/>
 <node id="2501461869" visible="true" version="2" changeset="171494077" timestamp="2025-09-05T11:42:17Z" user="Икчпук" uid="21130589" lat="50.0620360" lon="19.9379037"/>
 <node id="2501461870" visible="true" version="3" changeset="171494077" timestamp="2025-09-05T11:42:17Z" user="Икчпук" uid="21130589" lat="50.0620521" lon="19.9374331"/>
 <node id="2501461871" visible="true" version="2" changeset="171494077" timestamp="2025-09-05T11:42:17Z" user="Икчпук" uid="21130589" lat="50.0620510" lon="19.9378869"/>
 <node id="2501461872" visible="true" version="2" changeset="171494077" timestamp="2025-09-05T11:42:17Z" user="Икчпук" uid="21130589" lat="50.0620510" lon="19.9378955"/>
 <node id="2501461873" visible="true" version="5" changeset="171494077" timestamp="2025-09-05T11:42:17Z" user="Икчпук" uid="21130589" lat="50.0620530" lon="19.9378560"/>
 <node id="2501461874" visible="true" version="2" changeset="171494077" timestamp="2025-09-05T11:42:17Z" user="Икчпук" uid="21130589" lat="50.0620541" lon="19.9378802"/>
 <node id="2501461875" visible="true" version="2" changeset="171494077" timestamp="2025-09-05T11:42:17Z" user="Икчпук" uid="21130589" lat="50.0620542" lon="19.9378800"/>
 <node id="2501461876" visible="true" version="2" changeset="171494077" timestamp="2025-09-05T11:42:17Z" user="Икчпук" uid="21130589" lat="50.0620542" lon="19.9379024"/>
 <node id="2501461877" visible="true" version="2" changeset="171494077" timestamp="2025-09-05T11:42:17Z" user="Икчпук" uid="21130589" lat="50.0620564" lon="19.9378895"/>
 <node id="2501461878" visible="true" version="2" changeset="171494077" timestamp="2025-09-05T11:42:17Z" user="Икчпук" uid="21130589" lat="50.0620564" lon="19.9378926"/>
 <node id="2501461879" visible="true" version="2" changeset="171494077" timestamp="2025-09-05T11:42:17Z" user="Икчпук" uid="21130589" lat="50.0620576" lon="19.9378870"/>
 <node id="2501461880" visible="true" version="2" changeset="171494077" timestamp="2025-09-05T11:42:17Z" user="Икчпук" uid="21130589" lat="50.0620576" lon="19.9378952"/>
 <node id="2501461881" visible="true" version="2" changeset="171494077" timestamp="2025-09-05T11:42:17Z" user="Икчпук" uid="21130589" lat="50.0620581" lon="19.9378865"/>
 <node id="2501461882" visible="true" version="2" changeset="171494077" timestamp="2025-09-05T11:42:17Z" user="Икчпук" uid="21130589" lat="50.0620581" lon="19.9379049"/>
 <node id="2501461883" visible="true" version="2" changeset="171494077" timestamp="2025-09-05T11:42:17Z" user="Икчпук" uid="21130589" lat="50.0620589" lon="19.9378961"/>
 <node id="2501461884" visible="true" version="2" changeset="171494077" timestamp="2025-09-05T11:42:17Z" user="Икчпук" uid="21130589" lat="50.0620594" lon="19.9378774"/>
 <node id="2501461885" visible="true" version="2" changeset="171494077" timestamp="2025-09-05T11:42:17Z" user="Икчпук" uid="21130589" lat="50.0620594" lon="19.9379050"/>
 <node id="2501461886" visible="true" version="2" changeset="171494077" timestamp="2025-09-05T11:42:17Z" user="Икчпук" uid="21130589" lat="50.0620595" lon="19.9378860"/>
 <node id="2501461887" visible="true" version="2" changeset="171494077" timestamp="2025-09-05T11:42:17Z" user="Икчпук" uid="21130589" lat="50.0620595" lon="19.9378961"/>
 <node id="2501461888" visible="true" version="2" changeset="171494077" timestamp="2025-09-05T11:42:17Z" user="Икчпук" uid="21130589" lat="50.0620614" lon="19.9378870"/>
 <node id="2501461889" visible="true" version="2" changeset="171494077" timestamp="2025-09-05T11:42:17Z" user="Икчпук" uid="21130589" lat="50.0620614" lon="19.9378952"/>
 <node id="2501461890" visible="true" version="2" changeset="171494077" timestamp="2025-09-05T11:42:17Z" user="Икчпук" uid="21130589" lat="50.0620626" lon="19.9378895"/>
 <node id="2501461891" visible="true" version="2" changeset="171494077" timestamp="2025-09-05T11:42:17Z" user="Икчпук" uid="21130589" lat="50.0620626" lon="19.9378926"/>
 <node id="2501461892" visible="true" version="2" changeset="171494077" timestamp="2025-09-05T11:42:17Z" user="Икчпук" uid="21130589" lat="50.0620628" lon="19.9378907"/>
 <node id="2501461893" visible="true" version="2" changeset="171494077" timestamp="2025-09-05T11:42:17Z" user="Икчпук" uid="21130589" lat="50.0620646" lon="19.9378800"/>
 <node id="2501461894" visible="true" version="2" changeset="171494077" timestamp="2025-09-05T11:42:17Z" user="Икчпук" uid="21130589" lat="50.0620646" lon="19.9379024"/>
 <node id="2501461895" visible="true" version="2" changeset="171494077" timestamp="2025-09-05T11:42:17Z" user="Икчпук" uid="21130589" lat="50.0620678" lon="19.9378869"/>
 <node id="2501461896" visible="true" version="2" changeset="171494077" timestamp="2025-09-05T11:42:17Z" user="Икчпук" uid="21130589" lat="50.0620678" lon="19.9378955"/>
 <node id="2501461897" visible="true" version="2" changeset="171494077" timestamp="2025-09-05T11:42:17Z" user="Икчпук" uid="21130589" lat="50.0620680" lon="19.9378879"/>
 <node id="2501461900" visible="true" version="4" changeset="171494077" timestamp="2025-09-05T11:42:17Z" user="Икчпук" uid="21130589" lat="50.0621553" lon="19.9374475"/>
 <node id="2501875591" visible="true" version="3" changeset="25611553" timestamp="2014-09-22T20:01:56Z" user="Władysław Komorek" uid="693154" lat="50.0612106" lon="19.9384804"/>
 <node id="2501976362" visible="true" version="2" changeset="25598849" timestamp="2014-09-22T09:42:33Z" user="Władysław Komorek" uid="693154" lat="50.0609649" lon="19.9364935"/>
 <node id="2501976363" visible="true" version="2" changeset="25598849" timestamp="2014-09-22T09:42:34Z" user="Władysław Komorek" uid="693154" lat="50.0609697" lon="19.9364972"/>
 <node id="2501976377" visible="true" version="1" changeset="18440311" timestamp="2013-10-19T20:01:51Z" user="Władysław Komorek" uid="693154" lat="50.0610830" lon="19.9361379"/>
 <node id="2501976389" visible="true" version="2" changeset="25598849" timestamp="2014-09-22T09:42:34Z" user="Władysław Komorek" uid="693154" lat="50.0611522" lon="19.9359081"/>
 <node id="2501976390" visible="true" version="2" changeset="25598849" timestamp="2014-09-22T09:42:34Z" user="Władysław Komorek" uid="693154" lat="50.0611545" lon="19.9359225"/>
 <node id="2501976391" visible="true" version="2" changeset="25598849" timestamp="2014-09-22T09:42:34Z" user="Władysław Komorek" uid="693154" lat="50.0611550" lon="19.9359102"/>
 <node id="2501976392" visible="true" version="2" changeset="25598849" timestamp="2014-09-22T09:42:34Z" user="Władysław Komorek" uid="693154" lat="50.0611564" lon="19.9359161"/>
 <node id="2501976395" visible="true" version="2" changeset="25598849" timestamp="2014-09-22T09:42:34Z" user="Władysław Komorek" uid="693154" lat="50.0611593" lon="19.9358819"/>
 <node id="2501976396" visible="true" version="2" changeset="25598849" timestamp="2014-09-22T09:42:34Z" user="Władysław Komorek" uid="693154" lat="50.0611621" lon="19.9358838"/>
 <node id="2501976397" visible="true" version="2" changeset="25598849" timestamp="2014-09-22T09:42:35Z" user="Władysław Komorek" uid="693154" lat="50.0611643" lon="19.9358677"/>
 <node id="2501976398" visible="true" version="2" changeset="25598849" timestamp="2014-09-22T09:42:35Z" user="Władysław Komorek" uid="693154" lat="50.0611661" lon="19.9358827"/>
 <node id="2501976399" visible="true" version="2" changeset="25598849" timestamp="2014-09-22T09:42:35Z" user="Władysław Komorek" uid="693154" lat="50.0611668" lon="19.9358693"/>
 <node id="2501976401" visible="true" version="2" changeset="25598849" timestamp="2014-09-22T09:42:35Z" user="Władysław Komorek" uid="693154" lat="50.0611684" lon="19.9358751"/>
 <node id="2501976403" visible="true" version="2" changeset="25598849" timestamp="2014-09-22T09:42:35Z" user="Władysław Komorek" uid="693154" lat="50.0611717" lon="19.9358417"/>
 <node id="2501976404" visible="true" version="1" changeset="18440311" timestamp="2013-10-19T20:01:52Z" user="Władysław Komorek" uid="693154" lat="50.0611741" lon="19.9358435"/>
 <node id="2501976405" visible="true" version="2" changeset="25598849" timestamp="2014-09-22T09:42:35Z" user="Władysław Komorek" uid="693154" lat="50.0611761" lon="19.9358260"/>
 <node id="2501976407" visible="true" version="2" changeset="25598849" timestamp="2014-09-22T09:42:35Z" user="Władysław Komorek" uid="693154" lat="50.0611781" lon="19.9358420"/>
 <node id="2501976408" visible="true" version="2" changeset="25598849" timestamp="2014-09-22T09:42:36Z" user="Władysław Komorek" uid="693154" lat="50.0611793" lon="19.9358282"/>
 <node id="2501976409" visible="true" version="2" changeset="25598849" timestamp="2014-09-22T09:42:36Z" user="Władysław Komorek" uid="693154" lat="50.0611807" lon="19.9358339"/>
 <node id="2501976410" visible="true" version="2" changeset="25598849" timestamp="2014-09-22T09:42:36Z" user="Władysław Komorek" uid="693154" lat="50.0611841" lon="19.9358002"/>
 <node id="2501976411" visible="true" version="2" changeset="25598849" timestamp="2014-09-22T09:42:36Z" user="Władysław Komorek" uid="693154" lat="50.0611872" lon="19.9358025"/>
 <node id="2501976412" visible="true" version="2" changeset="25598849" timestamp="2014-09-22T09:42:36Z" user="Władysław Komorek" uid="693154" lat="50.0611885" lon="19.9357843"/>
 <node id="2501976413" visible="true" version="2" changeset="25598849" timestamp="2014-09-22T09:42:36Z" user="Władysław Komorek" uid="693154" lat="50.0611906" lon="19.9357999"/>
 <node id="2501976414" visible="true" version="2" changeset="25598849" timestamp="2014-09-22T09:42:37Z" user="Władysław Komorek" uid="693154" lat="50.0611917" lon="19.9357868"/>
 <node id="2501976415" visible="true" version="2" changeset="25598849" timestamp="2014-09-22T09:42:37Z" user="Władysław Komorek" uid="693154" lat="50.0611929" lon="19.9357924"/>
 <node id="2501976418" visible="true" version="2" changeset="25598849" timestamp="2014-09-22T09:42:37Z" user="Władysław Komorek" uid="693154" lat="50.0611959" lon="19.9357581"/>
 <node id="2501976421" visible="true" version="2" changeset="25598849" timestamp="2014-09-22T09:42:37Z" user="Władysław Komorek" uid="693154" lat="50.0611989" lon="19.9357601"/>
 <node id="2501976422" visible="true" version="2" changeset="25598849" timestamp="2014-09-22T09:42:37Z" user="Władysław Komorek" uid="693154" lat="50.0612003" lon="19.9357442"/>
 <node id="2501976424" visible="true" version="2" changeset="25598849" timestamp="2014-09-22T09:42:37Z" user="Władysław Komorek" uid="693154" lat="50.0612027" lon="19.9357587"/>
 <node id="2501976425" visible="true" version="1" changeset="18440311" timestamp="2013-10-19T20:01:53Z" user="Władysław Komorek" uid="693154" lat="50.0612033" lon="19.9357465"/>
 <node id="2501976426" visible="true" version="2" changeset="25598849" timestamp="2014-09-22T09:42:37Z" user="Władysław Komorek" uid="693154" lat="50.0612048" lon="19.9357522"/>
 <node id="2501976428" visible="true" version="2" changeset="25598849" timestamp="2014-09-22T09:42:38Z" user="Władysław Komorek" uid="693154" lat="50.0612075" lon="19.9357182"/>
 <node id="2501976429" visible="true" version="2" changeset="25598849" timestamp="2014-09-22T09:42:38Z" user="Władysław Komorek" uid="693154" lat="50.0612106" lon="19.9357193"/>
 <node id="2501976431" visible="true" version="2" changeset="25598849" timestamp="2014-09-22T09:42:38Z" user="Władysław Komorek" uid="693154" lat="50.0612167" lon="19.9356972"/>
 <node id="2501976432" visible="true" version="2" changeset="25598849" timestamp="2014-09-22T09:42:38Z" user="Władysław Komorek" uid="693154" lat="50.0612201" lon="19.9357148"/>
 <node id="2501976433" visible="true" version="2" changeset="25598849" timestamp="2014-09-22T09:42:38Z" user="Władysław Komorek" uid="693154" lat="50.0612206" lon="19.9357017"/>
 <node id="2501976434" visible="true" version="2" changeset="25598849" timestamp="2014-09-22T09:42:38Z" user="Władysław Komorek" uid="693154" lat="50.0612222" lon="19.9357082"/>
 <node id="2501976435" visible="true" version="2" changeset="25598849" timestamp="2014-09-22T09:42:38Z" user="Władysław Komorek" uid="693154" lat="50.0612255" lon="19.9356680"/>
 <node id="2501976438" visible="true" version="2" changeset="25598849" timestamp="2014-09-22T09:42:39Z" user="Władysław Komorek" uid="693154" lat="50.0612290" lon="19.9356702"/>
 <node id="2501976439" visible="true" version="2" changeset="25598849" timestamp="2014-09-22T09:42:39Z" user="Władysław Komorek" uid="693154" lat="50.0612340" lon="19.9356674"/>
 <node id="2501976442" visible="true" version="2" changeset="25598849" timestamp="2014-09-22T09:42:39Z" user="Władysław Komorek" uid="693154" lat="50.0612359" lon="19.9356604"/>
 <node id="2501976460" visible="true" version="3" changeset="73437175" timestamp="2019-08-17T08:22:00Z" user="Władysław Komorek" uid="693154" lat="50.0615005" lon="19.9355580"/>
 <node id="2501976461" visible="true" version="1" changeset="18440311" timestamp="2013-10-19T20:01:53Z" user="Władysław Komorek" uid="693154" lat="50.0615031" lon="19.9355518"/>
 <node id="2501976462" visible="true" version="3" changeset="73437175" timestamp="2019-08-17T08:22:00Z" user="Władysław Komorek" uid="693154" lat="50.0615232" lon="19.9355790"/>
 <node id="2501976463" visible="true" version="2" changeset="18534000" timestamp="2013-10-25T11:24:17Z" user="Władysław Komorek" uid="693154" lat="50.0615244" lon="19.9355711"/>
 <node id="2501976464" visible="true" version="2" changeset="73437175" timestamp="2019-08-17T08:22:00Z" user="Władysław Komorek" uid="693154" lat="50.0615302" lon="19.9355849"/>
 <node id="2501976465" visible="true" version="2" changeset="18534000" timestamp="2013-10-25T11:24:17Z" user="Władysław Komorek" uid="693154" lat="50.0615344" lon="19.9355788"/>
 <node id="2501976466" visible="true" version="3" changeset="73437175" timestamp="2019-08-17T08:22:00Z" user="Władysław Komorek" uid="693154" lat="50.0615544" lon="19.9356064"/>
 <node id="2501976467" visible="true" version="3" changeset="73437175" timestamp="2019-08-17T08:22:00Z" user="Władysław Komorek" uid="693154" lat="50.0615557" lon="19.9355981"/>
 <node id="2501976483" visible="true" version="3" changeset="73437175" timestamp="2019-08-17T08:22:00Z" user="Władysław Komorek" uid="693154" lat="50.0619532" lon="19.9355951"/>
 <node id="2501976488" visible="true" version="2" changeset="73437175" timestamp="2019-08-17T08:22:00Z" user="Władysław Komorek" uid="693154" lat="50.0620049" lon="19.9356780"/>
 <node id="2501976489" visible="true" version="2" changeset="73437175" timestamp="2019-08-17T08:22:00Z" user="Władysław Komorek" uid="693154" lat="50.0620084" lon="19.9356668"/>
 <node id="2501976490" visible="true" version="3" changeset="73437175" timestamp="2019-08-17T08:22:00Z" user="Władysław Komorek" uid="693154" lat="50.0620138" lon="19.9354265"/>
 <node id="2501976499" visible="true" version="2" changeset="73437175" timestamp="2019-08-17T08:22:00Z" user="Władysław Komorek" uid="693154" lat="50.0621393" lon="19.9354405"/>
 <node id="2501976500" visible="true" version="2" changeset="73437175" timestamp="2019-08-17T08:22:00Z" user="Władysław Komorek" uid="693154" lat="50.0621494" lon="19.9354495"/>
 <node id="2501976501" visible="true" version="1" changeset="18440311" timestamp="2013-10-19T20:01:54Z" user="Władysław Komorek" uid="693154" lat="50.0621595" lon="19.9354456"/>
 <node id="2501976502" visible="true" version="1" changeset="18440311" timestamp="2013-10-19T20:01:54Z" user="Władysław Komorek" uid="693154" lat="50.0621693" lon="19.9354530"/>
 <node id="2502901239" visible="true" version="1" changeset="18452522" timestamp="2013-10-20T14:30:26Z" user="Władysław Komorek" uid="693154" lat="50.0625023" lon="19.9360587"/>
 <node id="2502901240" visible="true" version="2" changeset="71114088" timestamp="2019-06-10T18:34:01Z" user="Blaise Pexyk" uid="6785548" lat="50.0625171" lon="19.9360206"/>
 <node id="2502901242" visible="true" version="1" changeset="18452522" timestamp="2013-10-20T14:30:26Z" user="Władysław Komorek" uid="693154" lat="50.0626063" lon="19.9361606"/>
 <node id="2502901243" visible="true" version="1" changeset="18452522" timestamp="2013-10-20T14:30:26Z" user="Władysław Komorek" uid="693154" lat="50.0626134" lon="19.9361202"/>
 <node id="2502901244" visible="true" version="1" changeset="18452522" timestamp="2013-10-20T14:30:26Z" user="Władysław Komorek" uid="693154" lat="50.0626139" lon="19.9361267"/>
 <node id="2502901246" visible="true" version="1" changeset="18452522" timestamp="2013-10-20T14:30:26Z" user="Władysław Komorek" uid="693154" lat="50.0626168" lon="19.9361326"/>
 <node id="2502901249" visible="true" version="1" changeset="18452522" timestamp="2013-10-20T14:30:26Z" user="Władysław Komorek" uid="693154" lat="50.0626241" lon="19.9360965"/>
 <node id="2502901251" visible="true" version="1" changeset="18452522" timestamp="2013-10-20T14:30:26Z" user="Władysław Komorek" uid="693154" lat="50.0626272" lon="19.9360946"/>
 <node id="2503007765" visible="true" version="5" changeset="189697769" timestamp="2026-09-28T20:30:24Z" user="Sejmi" uid="24399298" lat="50.0619632" lon="19.9365834"/>
 <node id="2503007768" visible="true" version="5" changeset="189697769" timestamp="2026-09-28T20:30:24Z" user="Sejmi" uid="24399298" lat="50.0619657" lon="19.9365770"/>
 <node id="2503007771" visible="true" version="5" changeset="189697769" timestamp="2026-09-28T20:30:24Z" user="Sejmi" uid="24399298" lat="50.0619694" lon="19.9365892"/>
 <node id="2503007774" visible="true" version="5" changeset="189697769" timestamp="2026-09-28T20:30:24Z" user="Sejmi" uid="24399298" lat="50.0619719" lon="19.9365827"/>
 <node id="2503367801" visible="true" version="2" changeset="171494077" timestamp="2025-09-05T11:42:17Z" user="Икчпук" uid="21130589" lat="50.0612526" lon="19.9370445"/>
 <node id="2503367802" visible="true" version="4" changeset="171494077" timestamp="2025-09-05T11:42:17Z" user="Икчпук" uid="21130589" lat="50.0612700" lon="19.9370036"/>
 <node id="2503367803" visible="true" version="4" changeset="171494077" timestamp="2025-09-05T11:42:17Z" user="Икчпук" uid="21130589" lat="50.0612749" lon="19.9369920"/>
 <node id="2503367804" visible="true" version="2" changeset="171494077" timestamp="2025-09-05T11:42:17Z" user="Икчпук" uid="21130589" lat="50.0612923" lon="19.9369510"/>
 <node id="2503367805" visible="true" version="4" changeset="171494077" timestamp="2025-09-05T11:42:17Z" user="Икчпук" uid="21130589" lat="50.0613055" lon="19.9370332"/>
 <node id="2503367807" visible="true" version="4" changeset="171494077" timestamp="2025-09-05T11:42:17Z" user="Икчпук" uid="21130589" lat="50.0613098" lon="19.9370210"/>
 <node id="2503367809" visible="true" version="5" changeset="171494077" timestamp="2025-09-05T11:42:17Z" user="Икчпук" uid="21130589" lat="50.0616086" lon="19.9375627"/>
 <node id="2503367810" visible="true" version="5" changeset="171494077" timestamp="2025-09-05T11:42:17Z" user="Икчпук" uid="21130589" lat="50.0616401" lon="19.9375891"/>
 <node id="2503367811" visible="true" version="6" changeset="171494077" timestamp="2025-09-05T11:42:17Z" user="Икчпук" uid="21130589" lat="50.0616696" lon="19.9373878"/>
 <node id="2503367812" visible="true" version="5" changeset="171494077" timestamp="2025-09-05T11:42:17Z" user="Икчпук" uid="21130589" lat="50.0617014" lon="19.9374139"/>
 <node id="2503367813" visible="true" version="6" changeset="171494077" timestamp="2025-09-05T11:42:17Z" user="Икчпук" uid="21130589" lat="50.0617040" lon="19.9372886"/>
 <node id="2503367814" visible="true" version="6" changeset="171494077" timestamp="2025-09-05T11:42:17Z" user="Икчпук" uid="21130589" lat="50.0617359" lon="19.9373147"/>
 <node id="2503367819" visible="true" version="3" changeset="171494077" timestamp="2025-09-05T11:42:17Z" user="Икчпук" uid="21130589" lat="50.0620049" lon="19.9378781"/>
 <node id="2503367820" visible="true" version="5" changeset="171494077" timestamp="2025-09-05T11:42:17Z" user="Икчпук" uid="21130589" lat="50.0620329" lon="19.9377981"/>
 <node id="2503367821" visible="true" version="4" changeset="171494077" timestamp="2025-09-05T11:42:17Z" user="Икчпук" uid="21130589" lat="50.0620633" lon="19.9377111"/>
 <node id="2503367822" visible="true" version="5" changeset="171494077" timestamp="2025-09-05T11:42:17Z" user="Икчпук" uid="21130589" lat="50.0620645" lon="19.9378239"/>
 <node id="2503367824" visible="true" version="3" changeset="171494077" timestamp="2025-09-05T11:42:17Z" user="Икчпук" uid="21130589" lat="50.0620946" lon="19.9377368"/>
 <node id="2503367825" visible="true" version="4" changeset="171494077" timestamp="2025-09-05T11:42:17Z" user="Икчпук" uid="21130589" lat="50.0620946" lon="19.9377369"/>
 <node id="2503367826" visible="true" version="6" changeset="171494077" timestamp="2025-09-05T11:42:17Z" user="Икчпук" uid="21130589" lat="50.0620980" lon="19.9376116"/>
 <node id="2503367827" visible="true" version="4" changeset="171494077" timestamp="2025-09-05T11:42:17Z" user="Икчпук" uid="21130589" lat="50.0621096" lon="19.9376941"/>
 <node id="2503367829" visible="true" version="4" changeset="171494077" timestamp="2025-09-05T11:42:17Z" user="Икчпук" uid="21130589" lat="50.0621139" lon="19.9376818"/>
 <node id="2503367832" visible="true" version="4" changeset="171494077" timestamp="2025-09-05T11:42:17Z" user="Икчпук" uid="21130589" lat="50.0621199" lon="19.9377577"/>
 <node id="2503367833" visible="true" version="6" changeset="171494077" timestamp="2025-09-05T11:42:17Z" user="Икчпук" uid="21130589" lat="50.0621295" lon="19.9376374"/>
 <node id="2503367834" visible="true" version="4" changeset="171494077" timestamp="2025-09-05T11:42:17Z" user="Икчпук" uid="21130589" lat="50.0621351" lon="19.9377150"/>
 <node id="2503367835" visible="true" version="5" changeset="171494077" timestamp="2025-09-05T11:42:17Z" user="Икчпук" uid="21130589" lat="50.0621395" lon="19.9377028"/>
 <node id="2503367837" visible="true" version="5" changeset="171494077" timestamp="2025-09-05T11:42:17Z" user="Икчпук" uid="21130589" lat="50.0621552" lon="19.9376585"/>
 <node id="2503367839" visible="true" version="3" changeset="171494077" timestamp="2025-09-05T11:42:17Z" user="Икчпук" uid="21130589" lat="50.0621870" lon="19.9374736"/>
 <node id="2503367841" visible="true" version="2" changeset="171494077" timestamp="2025-09-05T11:42:17Z" user="Икчпук" uid="21130589" lat="50.0621901" lon="19.9374792"/>
 <node id="2503367842" visible="true" version="2" changeset="171494077" timestamp="2025-09-05T11:42:17Z" user="Икчпук" uid="21130589" lat="50.0622036" lon="19.9374925"/>
 <node id="2503367844" visible="true" version="2" changeset="171494077" timestamp="2025-09-05T11:42:17Z" user="Икчпук" uid="21130589" lat="50.0622036" lon="19.9374927"/>
 <node id="2503367846" visible="true" version="2" changeset="171494077" timestamp="2025-09-05T11:42:17Z" user="Икчпук" uid="21130589" lat="50.0622039" lon="19.9375294"/>
 <node id="2503367848" visible="true" version="2" changeset="171494077" timestamp="2025-09-05T11:42:17Z" user="Икчпук" uid="21130589" lat="50.0622050" lon="19.9375007"/>
 <node id="2503367850" visible="true" version="2" changeset="171494077" timestamp="2025-09-05T11:42:17Z" user="Икчпук" uid="21130589" lat="50.0622056" lon="19.9374845"/>
 <node id="2503367852" visible="true" version="2" changeset="171494077" timestamp="2025-09-05T11:42:17Z" user="Икчпук" uid="21130589" lat="50.0622092" lon="19.9374928"/>
 <node id="2503367854" visible="true" version="2" changeset="171494077" timestamp="2025-09-05T11:42:17Z" user="Икчпук" uid="21130589" lat="50.0622093" lon="19.9374918"/>
 <node id="2503367856" visible="true" version="2" changeset="171494077" timestamp="2025-09-05T11:42:17Z" user="Икчпук" uid="21130589" lat="50.0622093" lon="19.9375061"/>
 <node id="2503367858" visible="true" version="2" changeset="171494077" timestamp="2025-09-05T11:42:17Z" user="Икчпук" uid="21130589" lat="50.0622097" lon="19.9374958"/>
 <node id="2503367860" visible="true" version="2" changeset="171494077" timestamp="2025-09-05T11:42:17Z" user="Икчпук" uid="21130589" lat="50.0622099" lon="19.9374898"/>
 <node id="2503367862" visible="true" version="2" changeset="171494077" timestamp="2025-09-05T11:42:17Z" user="Икчпук" uid="21130589" lat="50.0622102" lon="19.9374799"/>
 <node id="2503367863" visible="true" version="2" changeset="171494077" timestamp="2025-09-05T11:42:17Z" user="Икчпук" uid="21130589" lat="50.0622113" lon="19.9374977"/>
 <node id="2503367865" visible="true" version="2" changeset="171494077" timestamp="2025-09-05T11:42:17Z" user="Икчпук" uid="21130589" lat="50.0622116" lon="19.9374882"/>
 <node id="2503367872" visible="true" version="2" changeset="171494077" timestamp="2025-09-05T11:42:17Z" user="Икчпук" uid="21130589" lat="50.0622133" lon="19.9374979"/>
 <node id="2503367875" visible="true" version="2" changeset="171494077" timestamp="2025-09-05T11:42:17Z" user="Икчпук" uid="21130589" lat="50.0622136" lon="19.9374883"/>
 <node id="2503367877" visible="true" version="2" changeset="171494077" timestamp="2025-09-05T11:42:17Z" user="Икчпук" uid="21130589" lat="50.0622144" lon="19.9374888"/>
 <node id="2503367879" visible="true" version="2" changeset="171494077" timestamp="2025-09-05T11:42:17Z" user="Икчпук" uid="21130589" lat="50.0622146" lon="19.9374969"/>
 <node id="2503367880" visible="true" version="2" changeset="171494077" timestamp="2025-09-05T11:42:17Z" user="Икчпук" uid="21130589" lat="50.0622148" lon="19.9375066"/>
 <node id="2503367881" visible="true" version="2" changeset="171494077" timestamp="2025-09-05T11:42:17Z" user="Икчпук" uid="21130589" lat="50.0622150" lon="19.9374962"/>
 <node id="2503367882" visible="true" version="2" changeset="171494077" timestamp="2025-09-05T11:42:17Z" user="Икчпук" uid="21130589" lat="50.0622152" lon="19.9374902"/>
 <node id="2503367883" visible="true" version="2" changeset="171494077" timestamp="2025-09-05T11:42:17Z" user="Икчпук" uid="21130589" lat="50.0622156" lon="19.9374804"/>
 <node id="2503367885" visible="true" version="2" changeset="171494077" timestamp="2025-09-05T11:42:17Z" user="Икчпук" uid="21130589" lat="50.0622157" lon="19.9374933"/>
 <node id="2503367886" visible="true" version="2" changeset="171494077" timestamp="2025-09-05T11:42:17Z" user="Икчпук" uid="21130589" lat="50.0622162" lon="19.9374808"/>
 <node id="2503367887" visible="true" version="2" changeset="171494077" timestamp="2025-09-05T11:42:17Z" user="Икчпук" uid="21130589" lat="50.0622166" lon="19.9374616"/>
 <node id="2503367888" visible="true" version="2" changeset="171494077" timestamp="2025-09-05T11:42:17Z" user="Икчпук" uid="21130589" lat="50.0622185" lon="19.9375034"/>
 <node id="2503367890" visible="true" version="2" changeset="171494077" timestamp="2025-09-05T11:42:17Z" user="Икчпук" uid="21130589" lat="50.0622193" lon="19.9375019"/>
 <node id="2503367891" visible="true" version="2" changeset="171494077" timestamp="2025-09-05T11:42:17Z" user="Икчпук" uid="21130589" lat="50.0622199" lon="19.9374858"/>
 <node id="2503367892" visible="true" version="2" changeset="171494077" timestamp="2025-09-05T11:42:17Z" user="Икчпук" uid="21130589" lat="50.0622213" lon="19.9374940"/>
 <node id="2503367893" visible="true" version="2" changeset="171494077" timestamp="2025-09-05T11:42:17Z" user="Икчпук" uid="21130589" lat="50.0622224" lon="19.9374578"/>
 <node id="2503367896" visible="true" version="2" changeset="171494077" timestamp="2025-09-05T11:42:17Z" user="Икчпук" uid="21130589" lat="50.0622361" lon="19.9375079"/>
 <node id="2503380052" visible="true" version="3" changeset="171494077" timestamp="2025-09-05T11:42:17Z" user="Икчпук" uid="21130589" lat="50.0620978" lon="19.9376707"/>
 <node id="2503383007" visible="true" version="3" changeset="171494077" timestamp="2025-09-05T11:42:17Z" user="Икчпук" uid="21130589" lat="50.0620872" lon="19.9377012"/>
 <node id="2503383010" visible="true" version="3" changeset="171494077" timestamp="2025-09-05T11:42:17Z" user="Икчпук" uid="21130589" lat="50.0621064" lon="19.9376462"/>
 <node id="2503383012" visible="true" version="4" changeset="172016992" timestamp="2025-09-16T13:59:36Z" user="Икчпук" uid="21130589" lat="50.0621269" lon="19.9377382"/>
 <node id="2503383014" visible="true" version="4" changeset="172016992" timestamp="2025-09-16T13:59:36Z" user="Икчпук" uid="21130589" lat="50.0621467" lon="19.9376824"/>
 <node id="2503547409" visible="true" version="4" changeset="171494077" timestamp="2025-09-05T11:42:17Z" user="Икчпук" uid="21130589" lat="50.0612330" lon="19.9372413"/>
 <node id="2503547411" visible="true" version="2" changeset="171494077" timestamp="2025-09-05T11:42:17Z" user="Икчпук" uid="21130589" lat="50.0612603" lon="19.9371629"/>
 <node id="2503547413" visible="true" version="3" changeset="171494077" timestamp="2025-09-05T11:42:17Z" user="Икчпук" uid="21130589" lat="50.0612654" lon="19.9372681"/>
 <node id="2503547415" visible="true" version="2" changeset="171494077" timestamp="2025-09-05T11:42:17Z" user="Икчпук" uid="21130589" lat="50.0612907" lon="19.9370758"/>
 <node id="2503547416" visible="true" version="3" changeset="171494077" timestamp="2025-09-05T11:42:17Z" user="Икчпук" uid="21130589" lat="50.0612921" lon="19.9371895"/>
 <node id="2503547417" visible="true" version="3" changeset="171494077" timestamp="2025-09-05T11:42:17Z" user="Икчпук" uid="21130589" lat="50.0613143" lon="19.9370681"/>
 <node id="2503547418" visible="true" version="3" changeset="171494077" timestamp="2025-09-05T11:42:17Z" user="Икчпук" uid="21130589" lat="50.0613227" lon="19.9371022"/>
 <node id="2503547419" visible="true" version="3" changeset="171494077" timestamp="2025-09-05T11:42:17Z" user="Икчпук" uid="21130589" lat="50.0613239" lon="19.9370406"/>
 <node id="2503547420" visible="true" version="3" changeset="171494077" timestamp="2025-09-05T11:42:17Z" user="Икчпук" uid="21130589" lat="50.0613249" lon="19.9369777"/>
 <node id="2503547421" visible="true" version="3" changeset="171494077" timestamp="2025-09-05T11:42:17Z" user="Икчпук" uid="21130589" lat="50.0613334" lon="19.9370135"/>
 <node id="2503547422" visible="true" version="4" changeset="171494077" timestamp="2025-09-05T11:42:17Z" user="Икчпук" uid="21130589" lat="50.0613568" lon="19.9370039"/>
 <node id="2503547423" visible="true" version="2" changeset="171494077" timestamp="2025-09-05T11:42:17Z" user="Икчпук" uid="21130589" lat="50.0613830" lon="19.9368110"/>
 <node id="2503547425" visible="true" version="4" changeset="171494077" timestamp="2025-09-05T11:42:17Z" user="Икчпук" uid="21130589" lat="50.0614149" lon="19.9368372"/>
 <node id="2503558046" visible="true" version="4" changeset="171494077" timestamp="2025-09-05T11:42:17Z" user="Икчпук" uid="21130589" lat="50.0612491" lon="19.9372546"/>
 <node id="2503558047" visible="true" version="4" changeset="172016992" timestamp="2025-09-16T13:59:36Z" user="Икчпук" uid="21130589" lat="50.0612597" lon="19.9370273"/>
 <node id="2503558048" visible="true" version="3" changeset="172016992" timestamp="2025-09-16T13:59:36Z" user="Икчпук" uid="21130589" lat="50.0612824" lon="19.9369742"/>
 <node id="2503558049" visible="true" version="2" changeset="171494077" timestamp="2025-09-05T11:42:17Z" user="Икчпук" uid="21130589" lat="50.0613988" lon="19.9368240"/>
 <node id="2503558050" visible="true" version="2" changeset="171494077" timestamp="2025-09-05T11:42:17Z" user="Икчпук" uid="21130589" lat="50.0620208" lon="19.9378912"/>
 <node id="2503558051" visible="true" version="3" changeset="171494077" timestamp="2025-09-05T11:42:17Z" user="Икчпук" uid="21130589" lat="50.0621712" lon="19.9374606"/>
 <node id="2503559225" visible="true" version="5" changeset="172016992" timestamp="2025-09-16T13:59:36Z" user="Икчпук" uid="21130589" lat="50.0616214" lon="19.9375737"/>
 <node id="2503559226" visible="true" version="4" changeset="172016992" timestamp="2025-09-16T13:59:36Z" user="Икчпук" uid="21130589" lat="50.0617790" lon="19.9371373"/>
 <node id="2504486077" visible="true" version="3" changeset="171494077" timestamp="2025-09-05T11:42:17Z" user="Икчпук" uid="21130589" lat="50.0613601" lon="19.9368000"/>
 <node id="2504486080" visible="true" version="3" changeset="171494077" timestamp="2025-09-05T11:42:17Z" user="Икчпук" uid="21130589" lat="50.0613642" lon="19.9368650"/>
 <node id="2504486083" visible="true" version="4" changeset="171494077" timestamp="2025-09-05T11:42:17Z" user="Икчпук" uid="21130589" lat="50.0613808" lon="19.9368172"/>
 <node id="2504486085" visible="true" version="3" changeset="171494077" timestamp="2025-09-05T11:42:17Z" user="Икчпук" uid="21130589" lat="50.0613955" lon="19.9368926"/>
 <node id="2504486088" visible="true" version="3" changeset="171494077" timestamp="2025-09-05T11:42:17Z" user="Икчпук" uid="21130589" lat="50.0615119" lon="19.9369172"/>
 <node id="2504486089" visible="true" version="3" changeset="171494077" timestamp="2025-09-05T11:42:17Z" user="Икчпук" uid="21130589" lat="50.0616939" lon="19.9370672"/>
 <node id="2504486090" visible="true" version="2" changeset="171494077" timestamp="2025-09-05T11:42:17Z" user="Икчпук" uid="21130589" lat="50.0617422" lon="19.9371787"/>
 <node id="2504486094" visible="true" version="2" changeset="171494077" timestamp="2025-09-05T11:42:17Z" user="Икчпук" uid="21130589" lat="50.0617748" lon="19.9372052"/>
 <node id="2504486099" visible="true" version="3" changeset="171494077" timestamp="2025-09-05T11:42:17Z" user="Икчпук" uid="21130589" lat="50.0618500" lon="19.9371959"/>
 <node id="2504486102" visible="true" version="3" changeset="171494077" timestamp="2025-09-05T11:42:17Z" user="Икчпук" uid="21130589" lat="50.0620703" lon="19.9373774"/>
 <node id="2504486103" visible="true" version="2" changeset="171494077" timestamp="2025-09-05T11:42:17Z" user="Икчпук" uid="21130589" lat="50.0621357" lon="19.9375035"/>
 <node id="2504486109" visible="true" version="3" changeset="171494077" timestamp="2025-09-05T11:42:17Z" user="Икчпук" uid="21130589" lat="50.0621679" lon="19.9375279"/>
 <node id="2504486112" visible="true" version="3" changeset="171494077" timestamp="2025-09-05T11:42:17Z" user="Икчпук" uid="21130589" lat="50.0621847" lon="19.9374801"/>
 <node id="2504486115" visible="true" version="2" changeset="171494077" timestamp="2025-09-05T11:42:17Z" user="Икчпук" uid="21130589" lat="50.0621939" lon="19.9375497"/>
 <node id="2504501750" visible="true" version="2" changeset="171494077" timestamp="2025-09-05T11:42:17Z" user="Икчпук" uid="21130589" lat="50.0614554" lon="19.9368752"/>
 <node id="2504501751" visible="true" version="2" changeset="171494077" timestamp="2025-09-05T11:42:17Z" user="Икчпук" uid="21130589" lat="50.0614554" lon="19.9368773"/>
 <node id="2504501752" visible="true" version="2" changeset="171494077" timestamp="2025-09-05T11:42:17Z" user="Икчпук" uid="21130589" lat="50.0614557" lon="19.9368784"/>
 <node id="2504501753" visible="true" version="2" changeset="171494077" timestamp="2025-09-05T11:42:17Z" user="Икчпук" uid="21130589" lat="50.0614561" lon="19.9368736"/>
 <node id="2504501754" visible="true" version="2" changeset="171494077" timestamp="2025-09-05T11:42:17Z" user="Икчпук" uid="21130589" lat="50.0614561" lon="19.9368790"/>
 <node id="2504501755" visible="true" version="2" changeset="171494077" timestamp="2025-09-05T11:42:17Z" user="Икчпук" uid="21130589" lat="50.0614574" lon="19.9368729"/>
 <node id="2504501756" visible="true" version="2" changeset="171494077" timestamp="2025-09-05T11:42:17Z" user="Икчпук" uid="21130589" lat="50.0614574" lon="19.9368796"/>
 <node id="2504501757" visible="true" version="2" changeset="171494077" timestamp="2025-09-05T11:42:17Z" user="Икчпук" uid="21130589" lat="50.0614576" lon="19.9368729"/>
 <node id="2504501758" visible="true" version="2" changeset="171494077" timestamp="2025-09-05T11:42:17Z" user="Икчпук" uid="21130589" lat="50.0614587" lon="19.9368736"/>
 <node id="2504501759" visible="true" version="2" changeset="171494077" timestamp="2025-09-05T11:42:17Z" user="Икчпук" uid="21130589" lat="50.0614587" lon="19.9368790"/>
 <node id="2504501760" visible="true" version="2" changeset="171494077" timestamp="2025-09-05T11:42:17Z" user="Икчпук" uid="21130589" lat="50.0614591" lon="19.9368784"/>
 <node id="2504501761" visible="true" version="2" changeset="171494077" timestamp="2025-09-05T11:42:17Z" user="Икчпук" uid="21130589" lat="50.0614594" lon="19.9368752"/>
 <node id="2504501762" visible="true" version="2" changeset="171494077" timestamp="2025-09-05T11:42:17Z" user="Икчпук" uid="21130589" lat="50.0614594" lon="19.9368773"/>
 <node id="2504501763" visible="true" version="2" changeset="171494077" timestamp="2025-09-05T11:42:17Z" user="Икчпук" uid="21130589" lat="50.0614983" lon="19.9369105"/>
 <node id="2504501764" visible="true" version="2" changeset="171494077" timestamp="2025-09-05T11:42:17Z" user="Икчпук" uid="21130589" lat="50.0614983" lon="19.9369126"/>
 <node id="2504501765" visible="true" version="2" changeset="171494077" timestamp="2025-09-05T11:42:17Z" user="Икчпук" uid="21130589" lat="50.0614986" lon="19.9369137"/>
 <node id="2504501766" visible="true" version="2" changeset="171494077" timestamp="2025-09-05T11:42:17Z" user="Икчпук" uid="21130589" lat="50.0614990" lon="19.9369089"/>
 <node id="2504501767" visible="true" version="2" changeset="171494077" timestamp="2025-09-05T11:42:17Z" user="Икчпук" uid="21130589" lat="50.0614990" lon="19.9369143"/>
 <node id="2504501768" visible="true" version="2" changeset="171494077" timestamp="2025-09-05T11:42:17Z" user="Икчпук" uid="21130589" lat="50.0615003" lon="19.9369082"/>
 <node id="2504501769" visible="true" version="2" changeset="171494077" timestamp="2025-09-05T11:42:17Z" user="Икчпук" uid="21130589" lat="50.0615003" lon="19.9369149"/>
 <node id="2504501770" visible="true" version="2" changeset="171494077" timestamp="2025-09-05T11:42:17Z" user="Икчпук" uid="21130589" lat="50.0615005" lon="19.9369082"/>
 <node id="2504501771" visible="true" version="2" changeset="171494077" timestamp="2025-09-05T11:42:17Z" user="Икчпук" uid="21130589" lat="50.0615016" lon="19.9369089"/>
 <node id="2504501772" visible="true" version="2" changeset="171494077" timestamp="2025-09-05T11:42:17Z" user="Икчпук" uid="21130589" lat="50.0615016" lon="19.9369143"/>
 <node id="2504501773" visible="true" version="2" changeset="171494077" timestamp="2025-09-05T11:42:17Z" user="Икчпук" uid="21130589" lat="50.0615020" lon="19.9369137"/>
 <node id="2504501774" visible="true" version="2" changeset="171494077" timestamp="2025-09-05T11:42:17Z" user="Икчпук" uid="21130589" lat="50.0615023" lon="19.9369105"/>
 <node id="2504501775" visible="true" version="2" changeset="171494077" timestamp="2025-09-05T11:42:17Z" user="Икчпук" uid="21130589" lat="50.0615023" lon="19.9369126"/>
 <node id="2504501776" visible="true" version="2" changeset="171494077" timestamp="2025-09-05T11:42:17Z" user="Икчпук" uid="21130589" lat="50.0615414" lon="19.9369460"/>
 <node id="2504501777" visible="true" version="2" changeset="171494077" timestamp="2025-09-05T11:42:17Z" user="Икчпук" uid="21130589" lat="50.0615414" lon="19.9369481"/>
 <node id="2504501778" visible="true" version="2" changeset="171494077" timestamp="2025-09-05T11:42:17Z" user="Икчпук" uid="21130589" lat="50.0615418" lon="19.9369492"/>
 <node id="2504501779" visible="true" version="2" changeset="171494077" timestamp="2025-09-05T11:42:17Z" user="Икчпук" uid="21130589" lat="50.0615422" lon="19.9369443"/>
 <node id="2504501780" visible="true" version="2" changeset="171494077" timestamp="2025-09-05T11:42:17Z" user="Икчпук" uid="21130589" lat="50.0615422" lon="19.9369497"/>
 <node id="2504501781" visible="true" version="2" changeset="171494077" timestamp="2025-09-05T11:42:17Z" user="Икчпук" uid="21130589" lat="50.0615435" lon="19.9369437"/>
 <node id="2504501782" visible="true" version="2" changeset="171494077" timestamp="2025-09-05T11:42:17Z" user="Икчпук" uid="21130589" lat="50.0615435" lon="19.9369504"/>
 <node id="2504501783" visible="true" version="2" changeset="171494077" timestamp="2025-09-05T11:42:17Z" user="Икчпук" uid="21130589" lat="50.0615437" lon="19.9369437"/>
 <node id="2504501784" visible="true" version="2" changeset="171494077" timestamp="2025-09-05T11:42:17Z" user="Икчпук" uid="21130589" lat="50.0615447" lon="19.9369443"/>
 <node id="2504501785" visible="true" version="2" changeset="171494077" timestamp="2025-09-05T11:42:17Z" user="Икчпук" uid="21130589" lat="50.0615447" lon="19.9369497"/>
 <node id="2504501786" visible="true" version="2" changeset="171494077" timestamp="2025-09-05T11:42:17Z" user="Икчпук" uid="21130589" lat="50.0615452" lon="19.9369491"/>
 <node id="2504501787" visible="true" version="2" changeset="171494077" timestamp="2025-09-05T11:42:17Z" user="Икчпук" uid="21130589" lat="50.0615455" lon="19.9369460"/>
 <node id="2504501788" visible="true" version="2" changeset="171494077" timestamp="2025-09-05T11:42:17Z" user="Икчпук" uid="21130589" lat="50.0615455" lon="19.9369481"/>
 <node id="2504501789" visible="true" version="2" changeset="171494077" timestamp="2025-09-05T11:42:17Z" user="Икчпук" uid="21130589" lat="50.0615846" lon="19.9369817"/>
 <node id="2504501790" visible="true" version="2" changeset="171494077" timestamp="2025-09-05T11:42:17Z" user="Икчпук" uid="21130589" lat="50.0615846" lon="19.9369838"/>
 <node id="2504501791" visible="true" version="2" changeset="171494077" timestamp="2025-09-05T11:42:17Z" user="Икчпук" uid="21130589" lat="50.0615850" lon="19.9369848"/>
 <node id="2504501792" visible="true" version="2" changeset="171494077" timestamp="2025-09-05T11:42:17Z" user="Икчпук" uid="21130589" lat="50.0615854" lon="19.9369800"/>
 <node id="2504501793" visible="true" version="2" changeset="171494077" timestamp="2025-09-05T11:42:17Z" user="Икчпук" uid="21130589" lat="50.0615854" lon="19.9369854"/>
 <node id="2504501794" visible="true" version="2" changeset="171494077" timestamp="2025-09-05T11:42:17Z" user="Икчпук" uid="21130589" lat="50.0615867" lon="19.9369794"/>
 <node id="2504501795" visible="true" version="2" changeset="171494077" timestamp="2025-09-05T11:42:17Z" user="Икчпук" uid="21130589" lat="50.0615867" lon="19.9369861"/>
 <node id="2504501796" visible="true" version="2" changeset="171494077" timestamp="2025-09-05T11:42:17Z" user="Икчпук" uid="21130589" lat="50.0615869" lon="19.9369794"/>
 <node id="2504501797" visible="true" version="2" changeset="171494077" timestamp="2025-09-05T11:42:17Z" user="Икчпук" uid="21130589" lat="50.0615879" lon="19.9369800"/>
 <node id="2504501798" visible="true" version="2" changeset="171494077" timestamp="2025-09-05T11:42:17Z" user="Икчпук" uid="21130589" lat="50.0615879" lon="19.9369854"/>
 <node id="2504501799" visible="true" version="2" changeset="171494077" timestamp="2025-09-05T11:42:17Z" user="Икчпук" uid="21130589" lat="50.0615883" lon="19.9369848"/>
 <node id="2504501800" visible="true" version="2" changeset="171494077" timestamp="2025-09-05T11:42:17Z" user="Икчпук" uid="21130589" lat="50.0615887" lon="19.9369817"/>
 <node id="2504501801" visible="true" version="2" changeset="171494077" timestamp="2025-09-05T11:42:17Z" user="Икчпук" uid="21130589" lat="50.0615887" lon="19.9369838"/>
 <node id="2504501802" visible="true" version="2" changeset="171494077" timestamp="2025-09-05T11:42:17Z" user="Икчпук" uid="21130589" lat="50.0616277" lon="19.9370171"/>
 <node id="2504501803" visible="true" version="2" changeset="171494077" timestamp="2025-09-05T11:42:17Z" user="Икчпук" uid="21130589" lat="50.0616277" lon="19.9370192"/>
 <node id="2504501804" visible="true" version="2" changeset="171494077" timestamp="2025-09-05T11:42:17Z" user="Икчпук" uid="21130589" lat="50.0616281" lon="19.9370203"/>
 <node id="2504501805" visible="true" version="2" changeset="171494077" timestamp="2025-09-05T11:42:17Z" user="Икчпук" uid="21130589" lat="50.0616285" lon="19.9370155"/>
 <node id="2504501806" visible="true" version="2" changeset="171494077" timestamp="2025-09-05T11:42:17Z" user="Икчпук" uid="21130589" lat="50.0616285" lon="19.9370209"/>
 <node id="2504501807" visible="true" version="2" changeset="171494077" timestamp="2025-09-05T11:42:17Z" user="Икчпук" uid="21130589" lat="50.0616297" lon="19.9370148"/>
 <node id="2504501808" visible="true" version="2" changeset="171494077" timestamp="2025-09-05T11:42:17Z" user="Икчпук" uid="21130589" lat="50.0616297" lon="19.9370215"/>
 <node id="2504501809" visible="true" version="2" changeset="171494077" timestamp="2025-09-05T11:42:17Z" user="Икчпук" uid="21130589" lat="50.0616300" lon="19.9370148"/>
 <node id="2504501810" visible="true" version="2" changeset="171494077" timestamp="2025-09-05T11:42:17Z" user="Икчпук" uid="21130589" lat="50.0616310" lon="19.9370155"/>
 <node id="2504501811" visible="true" version="2" changeset="171494077" timestamp="2025-09-05T11:42:17Z" user="Икчпук" uid="21130589" lat="50.0616310" lon="19.9370209"/>
 <node id="2504501812" visible="true" version="2" changeset="171494077" timestamp="2025-09-05T11:42:17Z" user="Икчпук" uid="21130589" lat="50.0616314" lon="19.9370203"/>
 <node id="2504501813" visible="true" version="2" changeset="171494077" timestamp="2025-09-05T11:42:17Z" user="Икчпук" uid="21130589" lat="50.0616318" lon="19.9370171"/>
 <node id="2504501814" visible="true" version="2" changeset="171494077" timestamp="2025-09-05T11:42:17Z" user="Икчпук" uid="21130589" lat="50.0616318" lon="19.9370192"/>
 <node id="2504501815" visible="true" version="2" changeset="171494077" timestamp="2025-09-05T11:42:17Z" user="Икчпук" uid="21130589" lat="50.0616709" lon="19.9370528"/>
 <node id="2504501816" visible="true" version="2" changeset="171494077" timestamp="2025-09-05T11:42:17Z" user="Икчпук" uid="21130589" lat="50.0616709" lon="19.9370549"/>
 <node id="2504501817" visible="true" version="2" changeset="171494077" timestamp="2025-09-05T11:42:17Z" user="Икчпук" uid="21130589" lat="50.0616713" lon="19.9370559"/>
 <node id="2504501818" visible="true" version="2" changeset="171494077" timestamp="2025-09-05T11:42:17Z" user="Икчпук" uid="21130589" lat="50.0616717" lon="19.9370511"/>
 <node id="2504501819" visible="true" version="2" changeset="171494077" timestamp="2025-09-05T11:42:17Z" user="Икчпук" uid="21130589" lat="50.0616717" lon="19.9370565"/>
 <node id="2504501820" visible="true" version="2" changeset="171494077" timestamp="2025-09-05T11:42:17Z" user="Икчпук" uid="21130589" lat="50.0616730" lon="19.9370505"/>
 <node id="2504501821" visible="true" version="2" changeset="171494077" timestamp="2025-09-05T11:42:17Z" user="Икчпук" uid="21130589" lat="50.0616730" lon="19.9370572"/>
 <node id="2504501822" visible="true" version="2" changeset="171494077" timestamp="2025-09-05T11:42:17Z" user="Икчпук" uid="21130589" lat="50.0616732" lon="19.9370505"/>
 <node id="2504501823" visible="true" version="2" changeset="171494077" timestamp="2025-09-05T11:42:17Z" user="Икчпук" uid="21130589" lat="50.0616742" lon="19.9370511"/>
 <node id="2504501824" visible="true" version="2" changeset="171494077" timestamp="2025-09-05T11:42:17Z" user="Икчпук" uid="21130589" lat="50.0616742" lon="19.9370565"/>
 <node id="2504501825" visible="true" version="2" changeset="171494077" timestamp="2025-09-05T11:42:17Z" user="Икчпук" uid="21130589" lat="50.0616746" lon="19.9370559"/>
 <node id="2504501826" visible="true" version="2" changeset="171494077" timestamp="2025-09-05T11:42:17Z" user="Икчпук" uid="21130589" lat="50.0616750" lon="19.9370528"/>
 <node id="2504501827" visible="true" version="2" changeset="171494077" timestamp="2025-09-05T11:42:17Z" user="Икчпук" uid="21130589" lat="50.0616750" lon="19.9370549"/>
 <node id="2504501828" visible="true" version="2" changeset="171494077" timestamp="2025-09-05T11:42:17Z" user="Икчпук" uid="21130589" lat="50.0617147" lon="19.9370889"/>
 <node id="2504501829" visible="true" version="2" changeset="171494077" timestamp="2025-09-05T11:42:17Z" user="Икчпук" uid="21130589" lat="50.0617147" lon="19.9370909"/>
 <node id="2504501830" visible="true" version="2" changeset="171494077" timestamp="2025-09-05T11:42:17Z" user="Икчпук" uid="21130589" lat="50.0617150" lon="19.9370920"/>
 <node id="2504501831" visible="true" version="2" changeset="171494077" timestamp="2025-09-05T11:42:17Z" user="Икчпук" uid="21130589" lat="50.0617154" lon="19.9370872"/>
 <node id="2504501832" visible="true" version="2" changeset="171494077" timestamp="2025-09-05T11:42:17Z" user="Икчпук" uid="21130589" lat="50.0617154" lon="19.9370926"/>
 <node id="2504501833" visible="true" version="2" changeset="171494077" timestamp="2025-09-05T11:42:17Z" user="Икчпук" uid="21130589" lat="50.0617167" lon="19.9370865"/>
 <node id="2504501834" visible="true" version="2" changeset="171494077" timestamp="2025-09-05T11:42:17Z" user="Икчпук" uid="21130589" lat="50.0617167" lon="19.9370932"/>
 <node id="2504501835" visible="true" version="2" changeset="171494077" timestamp="2025-09-05T11:42:17Z" user="Икчпук" uid="21130589" lat="50.0617169" lon="19.9370866"/>
 <node id="2504501836" visible="true" version="2" changeset="171494077" timestamp="2025-09-05T11:42:17Z" user="Икчпук" uid="21130589" lat="50.0617180" lon="19.9370872"/>
 <node id="2504501837" visible="true" version="2" changeset="171494077" timestamp="2025-09-05T11:42:17Z" user="Икчпук" uid="21130589" lat="50.0617180" lon="19.9370926"/>
 <node id="2504501838" visible="true" version="2" changeset="171494077" timestamp="2025-09-05T11:42:17Z" user="Икчпук" uid="21130589" lat="50.0617184" lon="19.9370920"/>
 <node id="2504501839" visible="true" version="2" changeset="171494077" timestamp="2025-09-05T11:42:17Z" user="Икчпук" uid="21130589" lat="50.0617188" lon="19.9370889"/>
 <node id="2504501840" visible="true" version="2" changeset="171494077" timestamp="2025-09-05T11:42:17Z" user="Икчпук" uid="21130589" lat="50.0617188" lon="19.9370909"/>
 <node id="2504501841" visible="true" version="3" changeset="171494077" timestamp="2025-09-05T11:42:17Z" user="Икчпук" uid="21130589" lat="50.0617566" lon="19.9371234"/>
 <node id="2504501842" visible="true" version="3" changeset="171494077" timestamp="2025-09-05T11:42:17Z" user="Икчпук" uid="21130589" lat="50.0617566" lon="19.9371255"/>
 <node id="2504501843" visible="true" version="3" changeset="171494077" timestamp="2025-09-05T11:42:17Z" user="Икчпук" uid="21130589" lat="50.0617569" lon="19.9371265"/>
 <node id="2504501844" visible="true" version="3" changeset="171494077" timestamp="2025-09-05T11:42:17Z" user="Икчпук" uid="21130589" lat="50.0617573" lon="19.9371217"/>
 <node id="2504501845" visible="true" version="3" changeset="171494077" timestamp="2025-09-05T11:42:17Z" user="Икчпук" uid="21130589" lat="50.0617573" lon="19.9371271"/>
 <node id="2504501847" visible="true" version="3" changeset="171494077" timestamp="2025-09-05T11:42:17Z" user="Икчпук" uid="21130589" lat="50.0617586" lon="19.9371211"/>
 <node id="2504501848" visible="true" version="3" changeset="171494077" timestamp="2025-09-05T11:42:17Z" user="Икчпук" uid="21130589" lat="50.0617586" lon="19.9371278"/>
 <node id="2504501849" visible="true" version="3" changeset="171494077" timestamp="2025-09-05T11:42:17Z" user="Икчпук" uid="21130589" lat="50.0617588" lon="19.9371211"/>
 <node id="2504501851" visible="true" version="3" changeset="171494077" timestamp="2025-09-05T11:42:17Z" user="Икчпук" uid="21130589" lat="50.0617599" lon="19.9371217"/>
 <node id="2504501852" visible="true" version="3" changeset="171494077" timestamp="2025-09-05T11:42:17Z" user="Икчпук" uid="21130589" lat="50.0617599" lon="19.9371271"/>
 <node id="2504501853" visible="true" version="3" changeset="171494077" timestamp="2025-09-05T11:42:17Z" user="Икчпук" uid="21130589" lat="50.0617603" lon="19.9371265"/>
 <node id="2504501854" visible="true" version="3" changeset="171494077" timestamp="2025-09-05T11:42:17Z" user="Икчпук" uid="21130589" lat="50.0617606" lon="19.9371234"/>
 <node id="2504501855" visible="true" version="3" changeset="171494077" timestamp="2025-09-05T11:42:17Z" user="Икчпук" uid="21130589" lat="50.0617606" lon="19.9371255"/>
 <node id="2504501857" visible="true" version="3" changeset="171494077" timestamp="2025-09-05T11:42:17Z" user="Икчпук" uid="21130589" lat="50.0617915" lon="19.9371559"/>
 <node id="2504501858" visible="true" version="2" changeset="171494077" timestamp="2025-09-05T11:42:17Z" user="Икчпук" uid="21130589" lat="50.0618013" lon="19.9371603"/>
 <node id="2504501859" visible="true" version="2" changeset="171494077" timestamp="2025-09-05T11:42:17Z" user="Икчпук" uid="21130589" lat="50.0618013" lon="19.9371623"/>
 <node id="2504501860" visible="true" version="2" changeset="171494077" timestamp="2025-09-05T11:42:17Z" user="Икчпук" uid="21130589" lat="50.0618017" lon="19.9371634"/>
 <node id="2504501861" visible="true" version="2" changeset="171494077" timestamp="2025-09-05T11:42:17Z" user="Икчпук" uid="21130589" lat="50.0618021" lon="19.9371586"/>
 <node id="2504501862" visible="true" version="2" changeset="171494077" timestamp="2025-09-05T11:42:17Z" user="Икчпук" uid="21130589" lat="50.0618021" lon="19.9371640"/>
 <node id="2504501863" visible="true" version="2" changeset="171494077" timestamp="2025-09-05T11:42:17Z" user="Икчпук" uid="21130589" lat="50.0618034" lon="19.9371580"/>
 <node id="2504501864" visible="true" version="2" changeset="171494077" timestamp="2025-09-05T11:42:17Z" user="Икчпук" uid="21130589" lat="50.0618034" lon="19.9371647"/>
 <node id="2504501865" visible="true" version="2" changeset="171494077" timestamp="2025-09-05T11:42:17Z" user="Икчпук" uid="21130589" lat="50.0618036" lon="19.9371580"/>
 <node id="2504501866" visible="true" version="2" changeset="171494077" timestamp="2025-09-05T11:42:17Z" user="Икчпук" uid="21130589" lat="50.0618046" lon="19.9371586"/>
 <node id="2504501867" visible="true" version="2" changeset="171494077" timestamp="2025-09-05T11:42:17Z" user="Икчпук" uid="21130589" lat="50.0618046" lon="19.9371640"/>
 <node id="2504501868" visible="true" version="2" changeset="171494077" timestamp="2025-09-05T11:42:17Z" user="Икчпук" uid="21130589" lat="50.0618050" lon="19.9371634"/>
 <node id="2504501869" visible="true" version="2" changeset="171494077" timestamp="2025-09-05T11:42:17Z" user="Икчпук" uid="21130589" lat="50.0618054" lon="19.9371603"/>
 <node id="2504501870" visible="true" version="2" changeset="171494077" timestamp="2025-09-05T11:42:17Z" user="Икчпук" uid="21130589" lat="50.0618054" lon="19.9371623"/>
 <node id="2504501871" visible="true" version="2" changeset="171494077" timestamp="2025-09-05T11:42:17Z" user="Икчпук" uid="21130589" lat="50.0618446" lon="19.9371962"/>
 <node id="2504501872" visible="true" version="2" changeset="171494077" timestamp="2025-09-05T11:42:17Z" user="Икчпук" uid="21130589" lat="50.0618446" lon="19.9371983"/>
 <node id="2504501873" visible="true" version="2" changeset="171494077" timestamp="2025-09-05T11:42:17Z" user="Икчпук" uid="21130589" lat="50.0618450" lon="19.9371994"/>
 <node id="2504501874" visible="true" version="2" changeset="171494077" timestamp="2025-09-05T11:42:17Z" user="Икчпук" uid="21130589" lat="50.0618454" lon="19.9371945"/>
 <node id="2504501875" visible="true" version="2" changeset="171494077" timestamp="2025-09-05T11:42:17Z" user="Икчпук" uid="21130589" lat="50.0618454" lon="19.9372000"/>
 <node id="2504501876" visible="true" version="2" changeset="171494077" timestamp="2025-09-05T11:42:17Z" user="Икчпук" uid="21130589" lat="50.0618467" lon="19.9371939"/>
 <node id="2504501877" visible="true" version="2" changeset="171494077" timestamp="2025-09-05T11:42:17Z" user="Икчпук" uid="21130589" lat="50.0618467" lon="19.9372006"/>
 <node id="2504501878" visible="true" version="2" changeset="171494077" timestamp="2025-09-05T11:42:17Z" user="Икчпук" uid="21130589" lat="50.0618469" lon="19.9371939"/>
 <node id="2504501879" visible="true" version="2" changeset="171494077" timestamp="2025-09-05T11:42:17Z" user="Икчпук" uid="21130589" lat="50.0618479" lon="19.9371945"/>
 <node id="2504501880" visible="true" version="2" changeset="171494077" timestamp="2025-09-05T11:42:17Z" user="Икчпук" uid="21130589" lat="50.0618479" lon="19.9372000"/>
 <node id="2504501881" visible="true" version="2" changeset="171494077" timestamp="2025-09-05T11:42:17Z" user="Икчпук" uid="21130589" lat="50.0618483" lon="19.9371993"/>
 <node id="2504501882" visible="true" version="2" changeset="171494077" timestamp="2025-09-05T11:42:17Z" user="Икчпук" uid="21130589" lat="50.0618487" lon="19.9371962"/>
 <node id="2504501883" visible="true" version="2" changeset="171494077" timestamp="2025-09-05T11:42:17Z" user="Икчпук" uid="21130589" lat="50.0618487" lon="19.9371983"/>
 <node id="2504501884" visible="true" version="2" changeset="171494077" timestamp="2025-09-05T11:42:17Z" user="Икчпук" uid="21130589" lat="50.0618878" lon="19.9372317"/>
 <node id="2504501885" visible="true" version="2" changeset="171494077" timestamp="2025-09-05T11:42:17Z" user="Икчпук" uid="21130589" lat="50.0618878" lon="19.9372337"/>
 <node id="2504501886" visible="true" version="2" changeset="171494077" timestamp="2025-09-05T11:42:17Z" user="Икчпук" uid="21130589" lat="50.0618882" lon="19.9372348"/>
 <node id="2504501887" visible="true" version="2" changeset="171494077" timestamp="2025-09-05T11:42:17Z" user="Икчпук" uid="21130589" lat="50.0618886" lon="19.9372300"/>
 <node id="2504501888" visible="true" version="2" changeset="171494077" timestamp="2025-09-05T11:42:17Z" user="Икчпук" uid="21130589" lat="50.0618886" lon="19.9372354"/>
 <node id="2504501889" visible="true" version="2" changeset="171494077" timestamp="2025-09-05T11:42:17Z" user="Икчпук" uid="21130589" lat="50.0618899" lon="19.9372294"/>
 <node id="2504501890" visible="true" version="2" changeset="171494077" timestamp="2025-09-05T11:42:17Z" user="Икчпук" uid="21130589" lat="50.0618899" lon="19.9372360"/>
 <node id="2504501891" visible="true" version="2" changeset="171494077" timestamp="2025-09-05T11:42:17Z" user="Икчпук" uid="21130589" lat="50.0618901" lon="19.9372294"/>
 <node id="2504501892" visible="true" version="2" changeset="171494077" timestamp="2025-09-05T11:42:17Z" user="Икчпук" uid="21130589" lat="50.0618911" lon="19.9372300"/>
 <node id="2504501893" visible="true" version="2" changeset="171494077" timestamp="2025-09-05T11:42:17Z" user="Икчпук" uid="21130589" lat="50.0618911" lon="19.9372354"/>
 <node id="2504501894" visible="true" version="2" changeset="171494077" timestamp="2025-09-05T11:42:17Z" user="Икчпук" uid="21130589" lat="50.0618915" lon="19.9372348"/>
 <node id="2504501895" visible="true" version="2" changeset="171494077" timestamp="2025-09-05T11:42:17Z" user="Икчпук" uid="21130589" lat="50.0618919" lon="19.9372317"/>
 <node id="2504501896" visible="true" version="2" changeset="171494077" timestamp="2025-09-05T11:42:17Z" user="Икчпук" uid="21130589" lat="50.0618919" lon="19.9372337"/>
 <node id="2504501897" visible="true" version="2" changeset="171494077" timestamp="2025-09-05T11:42:17Z" user="Икчпук" uid="21130589" lat="50.0619310" lon="19.9372674"/>
 <node id="2504501898" visible="true" version="2" changeset="171494077" timestamp="2025-09-05T11:42:17Z" user="Икчпук" uid="21130589" lat="50.0619310" lon="19.9372695"/>
 <node id="2504501899" visible="true" version="2" changeset="171494077" timestamp="2025-09-05T11:42:17Z" user="Икчпук" uid="21130589" lat="50.0619314" lon="19.9372706"/>
 <node id="2504501900" visible="true" version="2" changeset="171494077" timestamp="2025-09-05T11:42:17Z" user="Икчпук" uid="21130589" lat="50.0619318" lon="19.9372657"/>
 <node id="2504501901" visible="true" version="2" changeset="171494077" timestamp="2025-09-05T11:42:17Z" user="Икчпук" uid="21130589" lat="50.0619318" lon="19.9372712"/>
 <node id="2504501902" visible="true" version="2" changeset="171494077" timestamp="2025-09-05T11:42:17Z" user="Икчпук" uid="21130589" lat="50.0619331" lon="19.9372651"/>
 <node id="2504501903" visible="true" version="2" changeset="171494077" timestamp="2025-09-05T11:42:17Z" user="Икчпук" uid="21130589" lat="50.0619331" lon="19.9372718"/>
 <node id="2504501904" visible="true" version="2" changeset="171494077" timestamp="2025-09-05T11:42:17Z" user="Икчпук" uid="21130589" lat="50.0619333" lon="19.9372651"/>
 <node id="2504501905" visible="true" version="2" changeset="171494077" timestamp="2025-09-05T11:42:17Z" user="Икчпук" uid="21130589" lat="50.0619343" lon="19.9372657"/>
 <node id="2504501906" visible="true" version="2" changeset="171494077" timestamp="2025-09-05T11:42:17Z" user="Икчпук" uid="21130589" lat="50.0619343" lon="19.9372712"/>
 <node id="2504501907" visible="true" version="2" changeset="171494077" timestamp="2025-09-05T11:42:17Z" user="Икчпук" uid="21130589" lat="50.0619348" lon="19.9372706"/>
 <node id="2504501908" visible="true" version="2" changeset="171494077" timestamp="2025-09-05T11:42:17Z" user="Икчпук" uid="21130589" lat="50.0619351" lon="19.9372674"/>
 <node id="2504501909" visible="true" version="2" changeset="171494077" timestamp="2025-09-05T11:42:17Z" user="Икчпук" uid="21130589" lat="50.0619351" lon="19.9372695"/>
 <node id="2504501910" visible="true" version="2" changeset="171494077" timestamp="2025-09-05T11:42:17Z" user="Икчпук" uid="21130589" lat="50.0619743" lon="19.9373032"/>
 <node id="2504501911" visible="true" version="2" changeset="171494077" timestamp="2025-09-05T11:42:17Z" user="Икчпук" uid="21130589" lat="50.0619743" lon="19.9373053"/>
 <node id="2504501912" visible="true" version="2" changeset="171494077" timestamp="2025-09-05T11:42:17Z" user="Икчпук" uid="21130589" lat="50.0619747" lon="19.9373063"/>
 <node id="2504501913" visible="true" version="2" changeset="171494077" timestamp="2025-09-05T11:42:17Z" user="Икчпук" uid="21130589" lat="50.0619751" lon="19.9373015"/>
 <node id="2504501914" visible="true" version="2" changeset="171494077" timestamp="2025-09-05T11:42:17Z" user="Икчпук" uid="21130589" lat="50.0619751" lon="19.9373069"/>
 <node id="2504501915" visible="true" version="2" changeset="171494077" timestamp="2025-09-05T11:42:17Z" user="Икчпук" uid="21130589" lat="50.0619764" lon="19.9373009"/>
 <node id="2504501916" visible="true" version="2" changeset="171494077" timestamp="2025-09-05T11:42:17Z" user="Икчпук" uid="21130589" lat="50.0619764" lon="19.9373076"/>
 <node id="2504501917" visible="true" version="2" changeset="171494077" timestamp="2025-09-05T11:42:17Z" user="Икчпук" uid="21130589" lat="50.0619766" lon="19.9373009"/>
 <node id="2504501918" visible="true" version="2" changeset="171494077" timestamp="2025-09-05T11:42:17Z" user="Икчпук" uid="21130589" lat="50.0619777" lon="19.9373015"/>
 <node id="2504501919" visible="true" version="2" changeset="171494077" timestamp="2025-09-05T11:42:17Z" user="Икчпук" uid="21130589" lat="50.0619777" lon="19.9373069"/>
 <node id="2504501920" visible="true" version="2" changeset="171494077" timestamp="2025-09-05T11:42:17Z" user="Икчпук" uid="21130589" lat="50.0619781" lon="19.9373063"/>
 <node id="2504501921" visible="true" version="2" changeset="171494077" timestamp="2025-09-05T11:42:17Z" user="Икчпук" uid="21130589" lat="50.0619784" lon="19.9373032"/>
 <node id="2504501922" visible="true" version="2" changeset="171494077" timestamp="2025-09-05T11:42:17Z" user="Икчпук" uid="21130589" lat="50.0619784" lon="19.9373053"/>
 <node id="2504501923" visible="true" version="2" changeset="171494077" timestamp="2025-09-05T11:42:17Z" user="Икчпук" uid="21130589" lat="50.0620176" lon="19.9373389"/>
 <node id="2504501924" visible="true" version="2" changeset="171494077" timestamp="2025-09-05T11:42:17Z" user="Икчпук" uid="21130589" lat="50.0620176" lon="19.9373410"/>
 <node id="2504501925" visible="true" version="2" changeset="171494077" timestamp="2025-09-05T11:42:17Z" user="Икчпук" uid="21130589" lat="50.0620180" lon="19.9373420"/>
 <node id="2504501926" visible="true" version="2" changeset="171494077" timestamp="2025-09-05T11:42:17Z" user="Икчпук" uid="21130589" lat="50.0620184" lon="19.9373372"/>
 <node id="2504501927" visible="true" version="2" changeset="171494077" timestamp="2025-09-05T11:42:17Z" user="Икчпук" uid="21130589" lat="50.0620184" lon="19.9373426"/>
 <node id="2504501928" visible="true" version="2" changeset="171494077" timestamp="2025-09-05T11:42:17Z" user="Икчпук" uid="21130589" lat="50.0620197" lon="19.9373366"/>
 <node id="2504501929" visible="true" version="2" changeset="171494077" timestamp="2025-09-05T11:42:17Z" user="Икчпук" uid="21130589" lat="50.0620197" lon="19.9373433"/>
 <node id="2504501930" visible="true" version="2" changeset="171494077" timestamp="2025-09-05T11:42:17Z" user="Икчпук" uid="21130589" lat="50.0620199" lon="19.9373366"/>
 <node id="2504501931" visible="true" version="2" changeset="171494077" timestamp="2025-09-05T11:42:17Z" user="Икчпук" uid="21130589" lat="50.0620209" lon="19.9373372"/>
 <node id="2504501932" visible="true" version="2" changeset="171494077" timestamp="2025-09-05T11:42:17Z" user="Икчпук" uid="21130589" lat="50.0620209" lon="19.9373426"/>
 <node id="2504501933" visible="true" version="2" changeset="171494077" timestamp="2025-09-05T11:42:17Z" user="Икчпук" uid="21130589" lat="50.0620213" lon="19.9373420"/>
 <node id="2504501934" visible="true" version="2" changeset="171494077" timestamp="2025-09-05T11:42:17Z" user="Икчпук" uid="21130589" lat="50.0620217" lon="19.9373389"/>
 <node id="2504501935" visible="true" version="2" changeset="171494077" timestamp="2025-09-05T11:42:17Z" user="Икчпук" uid="21130589" lat="50.0620217" lon="19.9373410"/>
 <node id="2504501936" visible="true" version="2" changeset="171494077" timestamp="2025-09-05T11:42:17Z" user="Икчпук" uid="21130589" lat="50.0620610" lon="19.9373743"/>
 <node id="2504501937" visible="true" version="2" changeset="171494077" timestamp="2025-09-05T11:42:17Z" user="Икчпук" uid="21130589" lat="50.0620610" lon="19.9373764"/>
 <node id="2504501938" visible="true" version="2" changeset="171494077" timestamp="2025-09-05T11:42:17Z" user="Икчпук" uid="21130589" lat="50.0620614" lon="19.9373775"/>
 <node id="2504501939" visible="true" version="2" changeset="171494077" timestamp="2025-09-05T11:42:17Z" user="Икчпук" uid="21130589" lat="50.0620618" lon="19.9373727"/>
 <node id="2504501940" visible="true" version="2" changeset="171494077" timestamp="2025-09-05T11:42:17Z" user="Икчпук" uid="21130589" lat="50.0620618" lon="19.9373781"/>
 <node id="2504501941" visible="true" version="2" changeset="171494077" timestamp="2025-09-05T11:42:17Z" user="Икчпук" uid="21130589" lat="50.0620630" lon="19.9373720"/>
 <node id="2504501942" visible="true" version="2" changeset="171494077" timestamp="2025-09-05T11:42:17Z" user="Икчпук" uid="21130589" lat="50.0620630" lon="19.9373787"/>
 <node id="2504501943" visible="true" version="2" changeset="171494077" timestamp="2025-09-05T11:42:17Z" user="Икчпук" uid="21130589" lat="50.0620633" lon="19.9373720"/>
 <node id="2504501944" visible="true" version="2" changeset="171494077" timestamp="2025-09-05T11:42:17Z" user="Икчпук" uid="21130589" lat="50.0620643" lon="19.9373727"/>
 <node id="2504501945" visible="true" version="2" changeset="171494077" timestamp="2025-09-05T11:42:17Z" user="Икчпук" uid="21130589" lat="50.0620643" lon="19.9373781"/>
 <node id="2504501946" visible="true" version="2" changeset="171494077" timestamp="2025-09-05T11:42:17Z" user="Икчпук" uid="21130589" lat="50.0620647" lon="19.9373775"/>
 <node id="2504501947" visible="true" version="2" changeset="171494077" timestamp="2025-09-05T11:42:17Z" user="Икчпук" uid="21130589" lat="50.0620651" lon="19.9373743"/>
 <node id="2504501948" visible="true" version="2" changeset="171494077" timestamp="2025-09-05T11:42:17Z" user="Икчпук" uid="21130589" lat="50.0620651" lon="19.9373764"/>
 <node id="2504501949" visible="true" version="2" changeset="171494077" timestamp="2025-09-05T11:42:17Z" user="Икчпук" uid="21130589" lat="50.0621041" lon="19.9374101"/>
 <node id="2504501950" visible="true" version="2" changeset="171494077" timestamp="2025-09-05T11:42:17Z" user="Икчпук" uid="21130589" lat="50.0621041" lon="19.9374121"/>
 <node id="2504501951" visible="true" version="2" changeset="171494077" timestamp="2025-09-05T11:42:17Z" user="Икчпук" uid="21130589" lat="50.0621045" lon="19.9374132"/>
 <node id="2504501952" visible="true" version="2" changeset="171494077" timestamp="2025-09-05T11:42:17Z" user="Икчпук" uid="21130589" lat="50.0621049" lon="19.9374084"/>
 <node id="2504501953" visible="true" version="2" changeset="171494077" timestamp="2025-09-05T11:42:17Z" user="Икчпук" uid="21130589" lat="50.0621049" lon="19.9374138"/>
 <node id="2504501954" visible="true" version="2" changeset="171494077" timestamp="2025-09-05T11:42:17Z" user="Икчпук" uid="21130589" lat="50.0621062" lon="19.9374078"/>
 <node id="2504501955" visible="true" version="2" changeset="171494077" timestamp="2025-09-05T11:42:17Z" user="Икчпук" uid="21130589" lat="50.0621062" lon="19.9374145"/>
 <node id="2504501956" visible="true" version="2" changeset="171494077" timestamp="2025-09-05T11:42:17Z" user="Икчпук" uid="21130589" lat="50.0621064" lon="19.9374078"/>
 <node id="2504501957" visible="true" version="2" changeset="171494077" timestamp="2025-09-05T11:42:17Z" user="Икчпук" uid="21130589" lat="50.0621074" lon="19.9374084"/>
 <node id="2504501958" visible="true" version="2" changeset="171494077" timestamp="2025-09-05T11:42:17Z" user="Икчпук" uid="21130589" lat="50.0621074" lon="19.9374138"/>
 <node id="2504501959" visible="true" version="2" changeset="171494077" timestamp="2025-09-05T11:42:17Z" user="Икчпук" uid="21130589" lat="50.0621078" lon="19.9374132"/>
 <node id="2504501960" visible="true" version="2" changeset="171494077" timestamp="2025-09-05T11:42:17Z" user="Икчпук" uid="21130589" lat="50.0621082" lon="19.9374101"/>
 <node id="2504501961" visible="true" version="2" changeset="171494077" timestamp="2025-09-05T11:42:17Z" user="Икчпук" uid="21130589" lat="50.0621082" lon="19.9374121"/>
 <node id="2504501962" visible="true" version="2" changeset="171494077" timestamp="2025-09-05T11:42:17Z" user="Икчпук" uid="21130589" lat="50.0621501" lon="19.9374478"/>
 <node id="2504501963" visible="true" version="2" changeset="171494077" timestamp="2025-09-05T11:42:17Z" user="Икчпук" uid="21130589" lat="50.0621501" lon="19.9374499"/>
 <node id="2504501964" visible="true" version="2" changeset="171494077" timestamp="2025-09-05T11:42:17Z" user="Икчпук" uid="21130589" lat="50.0621505" lon="19.9374510"/>
 <node id="2504501965" visible="true" version="2" changeset="171494077" timestamp="2025-09-05T11:42:17Z" user="Икчпук" uid="21130589" lat="50.0621509" lon="19.9374462"/>
 <node id="2504501966" visible="true" version="2" changeset="171494077" timestamp="2025-09-05T11:42:17Z" user="Икчпук" uid="21130589" lat="50.0621509" lon="19.9374516"/>
 <node id="2504501967" visible="true" version="2" changeset="171494077" timestamp="2025-09-05T11:42:17Z" user="Икчпук" uid="21130589" lat="50.0621521" lon="19.9374455"/>
 <node id="2504501968" visible="true" version="2" changeset="171494077" timestamp="2025-09-05T11:42:17Z" user="Икчпук" uid="21130589" lat="50.0621521" lon="19.9374522"/>
 <node id="2504501969" visible="true" version="2" changeset="171494077" timestamp="2025-09-05T11:42:17Z" user="Икчпук" uid="21130589" lat="50.0621524" lon="19.9374455"/>
 <node id="2504501970" visible="true" version="2" changeset="171494077" timestamp="2025-09-05T11:42:17Z" user="Икчпук" uid="21130589" lat="50.0621534" lon="19.9374462"/>
 <node id="2504501971" visible="true" version="2" changeset="171494077" timestamp="2025-09-05T11:42:17Z" user="Икчпук" uid="21130589" lat="50.0621534" lon="19.9374516"/>
 <node id="2504501972" visible="true" version="2" changeset="171494077" timestamp="2025-09-05T11:42:17Z" user="Икчпук" uid="21130589" lat="50.0621538" lon="19.9374510"/>
 <node id="2504501973" visible="true" version="2" changeset="171494077" timestamp="2025-09-05T11:42:17Z" user="Икчпук" uid="21130589" lat="50.0621542" lon="19.9374478"/>
 <node id="2504501974" visible="true" version="2" changeset="171494077" timestamp="2025-09-05T11:42:17Z" user="Икчпук" uid="21130589" lat="50.0621542" lon="19.9374499"/>
 <node id="2504780905" visible="true" version="2" changeset="171494077" timestamp="2025-09-05T11:42:17Z" user="Икчпук" uid="21130589" lat="50.0611980" lon="19.9372123">
  <tag k="entrance" v="yes"/>
 </node>
 <node id="2504780906" visible="true" version="2" changeset="171494077" timestamp="2025-09-05T11:42:17Z" user="Икчпук" uid="21130589" lat="50.0612149" lon="19.9372184"/>
 <node id="2504780907" visible="true" version="2" changeset="171494077" timestamp="2025-09-05T11:42:17Z" user="Икчпук" uid="21130589" lat="50.0612665" lon="19.9372656"/>
 <node id="2504780908" visible="true" version="2" changeset="171494077" timestamp="2025-09-05T11:42:17Z" user="Икчпук" uid="21130589" lat="50.0612665" lon="19.9372677"/>
 <node id="2504780909" visible="true" version="2" changeset="171494077" timestamp="2025-09-05T11:42:17Z" user="Икчпук" uid="21130589" lat="50.0612668" lon="19.9372688"/>
 <node id="2504780910" visible="true" version="2" changeset="171494077" timestamp="2025-09-05T11:42:17Z" user="Икчпук" uid="21130589" lat="50.0612672" lon="19.9372694"/>
 <node id="2504780911" visible="true" version="2" changeset="171494077" timestamp="2025-09-05T11:42:17Z" user="Икчпук" uid="21130589" lat="50.0612673" lon="19.9372640"/>
 <node id="2504780912" visible="true" version="2" changeset="171494077" timestamp="2025-09-05T11:42:17Z" user="Икчпук" uid="21130589" lat="50.0612685" lon="19.9372700"/>
 <node id="2504780913" visible="true" version="2" changeset="171494077" timestamp="2025-09-05T11:42:17Z" user="Икчпук" uid="21130589" lat="50.0612686" lon="19.9372633"/>
 <node id="2504780914" visible="true" version="2" changeset="171494077" timestamp="2025-09-05T11:42:17Z" user="Икчпук" uid="21130589" lat="50.0612688" lon="19.9372633"/>
 <node id="2504780915" visible="true" version="2" changeset="171494077" timestamp="2025-09-05T11:42:17Z" user="Икчпук" uid="21130589" lat="50.0612698" lon="19.9372694"/>
 <node id="2504780916" visible="true" version="2" changeset="171494077" timestamp="2025-09-05T11:42:17Z" user="Икчпук" uid="21130589" lat="50.0612699" lon="19.9372640"/>
 <node id="2504780917" visible="true" version="2" changeset="171494077" timestamp="2025-09-05T11:42:17Z" user="Икчпук" uid="21130589" lat="50.0612702" lon="19.9372688"/>
 <node id="2504780918" visible="true" version="2" changeset="171494077" timestamp="2025-09-05T11:42:17Z" user="Икчпук" uid="21130589" lat="50.0612705" lon="19.9372656"/>
 <node id="2504780919" visible="true" version="2" changeset="171494077" timestamp="2025-09-05T11:42:17Z" user="Икчпук" uid="21130589" lat="50.0612705" lon="19.9372676"/>
 <node id="2504780920" visible="true" version="3" changeset="171494077" timestamp="2025-09-05T11:42:17Z" user="Икчпук" uid="21130589" lat="50.0613073" lon="19.9372989"/>
 <node id="2504780921" visible="true" version="3" changeset="171494077" timestamp="2025-09-05T11:42:17Z" user="Икчпук" uid="21130589" lat="50.0613073" lon="19.9373010"/>
 <node id="2504780922" visible="true" version="3" changeset="171494077" timestamp="2025-09-05T11:42:17Z" user="Икчпук" uid="21130589" lat="50.0613076" lon="19.9373021"/>
 <node id="2504780923" visible="true" version="3" changeset="171494077" timestamp="2025-09-05T11:42:17Z" user="Икчпук" uid="21130589" lat="50.0613080" lon="19.9372973"/>
 <node id="2504780924" visible="true" version="3" changeset="171494077" timestamp="2025-09-05T11:42:17Z" user="Икчпук" uid="21130589" lat="50.0613080" lon="19.9373027"/>
 <node id="2504780925" visible="true" version="3" changeset="171494077" timestamp="2025-09-05T11:42:17Z" user="Икчпук" uid="21130589" lat="50.0613093" lon="19.9372966"/>
 <node id="2504780926" visible="true" version="3" changeset="171494077" timestamp="2025-09-05T11:42:17Z" user="Икчпук" uid="21130589" lat="50.0613093" lon="19.9373033"/>
 <node id="2504780927" visible="true" version="3" changeset="171494077" timestamp="2025-09-05T11:42:17Z" user="Икчпук" uid="21130589" lat="50.0613095" lon="19.9372966"/>
 <node id="2504780928" visible="true" version="3" changeset="171494077" timestamp="2025-09-05T11:42:17Z" user="Икчпук" uid="21130589" lat="50.0613106" lon="19.9372973"/>
 <node id="2504780929" visible="true" version="3" changeset="171494077" timestamp="2025-09-05T11:42:17Z" user="Икчпук" uid="21130589" lat="50.0613106" lon="19.9373027"/>
 <node id="2504780930" visible="true" version="3" changeset="171494077" timestamp="2025-09-05T11:42:17Z" user="Икчпук" uid="21130589" lat="50.0613110" lon="19.9373021"/>
 <node id="2504780931" visible="true" version="3" changeset="171494077" timestamp="2025-09-05T11:42:17Z" user="Икчпук" uid="21130589" lat="50.0613113" lon="19.9372989"/>
 <node id="2504780932" visible="true" version="3" changeset="171494077" timestamp="2025-09-05T11:42:17Z" user="Икчпук" uid="21130589" lat="50.0613113" lon="19.9373009"/>
 <node id="2504780933" visible="true" version="3" changeset="171494077" timestamp="2025-09-05T11:42:17Z" user="Икчпук" uid="21130589" lat="50.0613501" lon="19.9373346"/>
 <node id="2504780934" visible="true" version="3" changeset="171494077" timestamp="2025-09-05T11:42:17Z" user="Икчпук" uid="21130589" lat="50.0613501" lon="19.9373367"/>
 <node id="2504780935" visible="true" version="3" changeset="171494077" timestamp="2025-09-05T11:42:17Z" user="Икчпук" uid="21130589" lat="50.0613504" lon="19.9373378"/>
 <node id="2504780936" visible="true" version="3" changeset="171494077" timestamp="2025-09-05T11:42:17Z" user="Икчпук" uid="21130589" lat="50.0613508" lon="19.9373330"/>
 <node id="2504780937" visible="true" version="3" changeset="171494077" timestamp="2025-09-05T11:42:17Z" user="Икчпук" uid="21130589" lat="50.0613508" lon="19.9373384"/>
 <node id="2504780938" visible="true" version="3" changeset="171494077" timestamp="2025-09-05T11:42:17Z" user="Икчпук" uid="21130589" lat="50.0613521" lon="19.9373323"/>
 <node id="2504780939" visible="true" version="3" changeset="171494077" timestamp="2025-09-05T11:42:17Z" user="Икчпук" uid="21130589" lat="50.0613521" lon="19.9373390"/>
 <node id="2504780940" visible="true" version="3" changeset="171494077" timestamp="2025-09-05T11:42:17Z" user="Икчпук" uid="21130589" lat="50.0613523" lon="19.9373323"/>
 <node id="2504780941" visible="true" version="3" changeset="171494077" timestamp="2025-09-05T11:42:17Z" user="Икчпук" uid="21130589" lat="50.0613534" lon="19.9373330"/>
 <node id="2504780942" visible="true" version="3" changeset="171494077" timestamp="2025-09-05T11:42:17Z" user="Икчпук" uid="21130589" lat="50.0613534" lon="19.9373384"/>
 <node id="2504780943" visible="true" version="3" changeset="171494077" timestamp="2025-09-05T11:42:17Z" user="Икчпук" uid="21130589" lat="50.0613538" lon="19.9373378"/>
 <node id="2504780944" visible="true" version="3" changeset="171494077" timestamp="2025-09-05T11:42:17Z" user="Икчпук" uid="21130589" lat="50.0613541" lon="19.9373346"/>
 <node id="2504780945" visible="true" version="3" changeset="171494077" timestamp="2025-09-05T11:42:17Z" user="Икчпук" uid="21130589" lat="50.0613541" lon="19.9373367"/>
 <node id="2504780946" visible="true" version="4" changeset="171494077" timestamp="2025-09-05T11:42:17Z" user="Икчпук" uid="21130589" lat="50.0613931" lon="19.9373702"/>
 <node id="2504780947" visible="true" version="4" changeset="171494077" timestamp="2025-09-05T11:42:17Z" user="Икчпук" uid="21130589" lat="50.0613931" lon="19.9373723"/>
 <node id="2504780948" visible="true" version="4" changeset="171494077" timestamp="2025-09-05T11:42:17Z" user="Икчпук" uid="21130589" lat="50.0613935" lon="19.9373734"/>
 <node id="2504780949" visible="true" version="4" changeset="171494077" timestamp="2025-09-05T11:42:17Z" user="Икчпук" uid="21130589" lat="50.0613939" lon="19.9373685"/>
 <node id="2504780950" visible="true" version="4" changeset="171494077" timestamp="2025-09-05T11:42:17Z" user="Икчпук" uid="21130589" lat="50.0613939" lon="19.9373739"/>
 <node id="2504780951" visible="true" version="4" changeset="171494077" timestamp="2025-09-05T11:42:17Z" user="Икчпук" uid="21130589" lat="50.0613952" lon="19.9373679"/>
 <node id="2504780952" visible="true" version="4" changeset="171494077" timestamp="2025-09-05T11:42:17Z" user="Икчпук" uid="21130589" lat="50.0613952" lon="19.9373746"/>
 <node id="2504780953" visible="true" version="4" changeset="171494077" timestamp="2025-09-05T11:42:17Z" user="Икчпук" uid="21130589" lat="50.0613954" lon="19.9373679"/>
 <node id="2504780954" visible="true" version="4" changeset="171494077" timestamp="2025-09-05T11:42:17Z" user="Икчпук" uid="21130589" lat="50.0613964" lon="19.9373685"/>
 <node id="2504780955" visible="true" version="4" changeset="171494077" timestamp="2025-09-05T11:42:17Z" user="Икчпук" uid="21130589" lat="50.0613964" lon="19.9373739"/>
 <node id="2504780956" visible="true" version="4" changeset="171494077" timestamp="2025-09-05T11:42:17Z" user="Икчпук" uid="21130589" lat="50.0613969" lon="19.9373733"/>
 <node id="2504780957" visible="true" version="4" changeset="171494077" timestamp="2025-09-05T11:42:17Z" user="Икчпук" uid="21130589" lat="50.0613972" lon="19.9373702"/>
 <node id="2504780958" visible="true" version="4" changeset="171494077" timestamp="2025-09-05T11:42:17Z" user="Икчпук" uid="21130589" lat="50.0613972" lon="19.9373723"/>
 <node id="2504780959" visible="true" version="3" changeset="171494077" timestamp="2025-09-05T11:42:17Z" user="Икчпук" uid="21130589" lat="50.0614363" lon="19.9374063"/>
 <node id="2504780960" visible="true" version="3" changeset="171494077" timestamp="2025-09-05T11:42:17Z" user="Икчпук" uid="21130589" lat="50.0614363" lon="19.9374084"/>
 <node id="2504780961" visible="true" version="3" changeset="171494077" timestamp="2025-09-05T11:42:17Z" user="Икчпук" uid="21130589" lat="50.0614367" lon="19.9374094"/>
 <node id="2504780962" visible="true" version="3" changeset="171494077" timestamp="2025-09-05T11:42:17Z" user="Икчпук" uid="21130589" lat="50.0614371" lon="19.9374046"/>
 <node id="2504780963" visible="true" version="3" changeset="171494077" timestamp="2025-09-05T11:42:17Z" user="Икчпук" uid="21130589" lat="50.0614371" lon="19.9374100"/>
 <node id="2504780964" visible="true" version="3" changeset="171494077" timestamp="2025-09-05T11:42:17Z" user="Икчпук" uid="21130589" lat="50.0614384" lon="19.9374040"/>
 <node id="2504780965" visible="true" version="3" changeset="171494077" timestamp="2025-09-05T11:42:17Z" user="Икчпук" uid="21130589" lat="50.0614384" lon="19.9374107"/>
 <node id="2504780966" visible="true" version="3" changeset="171494077" timestamp="2025-09-05T11:42:17Z" user="Икчпук" uid="21130589" lat="50.0614386" lon="19.9374040"/>
 <node id="2504780967" visible="true" version="3" changeset="171494077" timestamp="2025-09-05T11:42:17Z" user="Икчпук" uid="21130589" lat="50.0614396" lon="19.9374046"/>
 <node id="2504780968" visible="true" version="3" changeset="171494077" timestamp="2025-09-05T11:42:17Z" user="Икчпук" uid="21130589" lat="50.0614396" lon="19.9374100"/>
 <node id="2504780969" visible="true" version="3" changeset="171494077" timestamp="2025-09-05T11:42:17Z" user="Икчпук" uid="21130589" lat="50.0614400" lon="19.9374094"/>
 <node id="2504780970" visible="true" version="3" changeset="171494077" timestamp="2025-09-05T11:42:17Z" user="Икчпук" uid="21130589" lat="50.0614404" lon="19.9374063"/>
 <node id="2504780971" visible="true" version="3" changeset="171494077" timestamp="2025-09-05T11:42:17Z" user="Икчпук" uid="21130589" lat="50.0614404" lon="19.9374084"/>
 <node id="2504780972" visible="true" version="3" changeset="171494077" timestamp="2025-09-05T11:42:17Z" user="Икчпук" uid="21130589" lat="50.0614797" lon="19.9374417"/>
 <node id="2504780973" visible="true" version="3" changeset="171494077" timestamp="2025-09-05T11:42:17Z" user="Икчпук" uid="21130589" lat="50.0614797" lon="19.9374438"/>
 <node id="2504780974" visible="true" version="3" changeset="171494077" timestamp="2025-09-05T11:42:17Z" user="Икчпук" uid="21130589" lat="50.0614801" lon="19.9374449"/>
 <node id="2504780975" visible="true" version="3" changeset="171494077" timestamp="2025-09-05T11:42:17Z" user="Икчпук" uid="21130589" lat="50.0614805" lon="19.9374401"/>
 <node id="2504780976" visible="true" version="3" changeset="171494077" timestamp="2025-09-05T11:42:17Z" user="Икчпук" uid="21130589" lat="50.0614805" lon="19.9374455"/>
 <node id="2504780977" visible="true" version="3" changeset="171494077" timestamp="2025-09-05T11:42:17Z" user="Икчпук" uid="21130589" lat="50.0614817" lon="19.9374394"/>
 <node id="2504780978" visible="true" version="3" changeset="171494077" timestamp="2025-09-05T11:42:17Z" user="Икчпук" uid="21130589" lat="50.0614817" lon="19.9374461"/>
 <node id="2504780979" visible="true" version="3" changeset="171494077" timestamp="2025-09-05T11:42:17Z" user="Икчпук" uid="21130589" lat="50.0614820" lon="19.9374394"/>
 <node id="2504780980" visible="true" version="3" changeset="171494077" timestamp="2025-09-05T11:42:17Z" user="Икчпук" uid="21130589" lat="50.0614830" lon="19.9374401"/>
 <node id="2504780981" visible="true" version="3" changeset="171494077" timestamp="2025-09-05T11:42:17Z" user="Икчпук" uid="21130589" lat="50.0614830" lon="19.9374455"/>
 <node id="2504780982" visible="true" version="3" changeset="171494077" timestamp="2025-09-05T11:42:17Z" user="Икчпук" uid="21130589" lat="50.0614834" lon="19.9374449"/>
 <node id="2504780983" visible="true" version="3" changeset="171494077" timestamp="2025-09-05T11:42:17Z" user="Икчпук" uid="21130589" lat="50.0614838" lon="19.9374417"/>
 <node id="2504780984" visible="true" version="3" changeset="171494077" timestamp="2025-09-05T11:42:17Z" user="Икчпук" uid="21130589" lat="50.0614838" lon="19.9374438"/>
 <node id="2504780985" visible="true" version="3" changeset="171494077" timestamp="2025-09-05T11:42:17Z" user="Икчпук" uid="21130589" lat="50.0615228" lon="19.9374773"/>
 <node id="2504780986" visible="true" version="3" changeset="171494077" timestamp="2025-09-05T11:42:17Z" user="Икчпук" uid="21130589" lat="50.0615228" lon="19.9374794"/>
 <node id="2504780987" visible="true" version="3" changeset="171494077" timestamp="2025-09-05T11:42:17Z" user="Икчпук" uid="21130589" lat="50.0615232" lon="19.9374804"/>
 <node id="2504780988" visible="true" version="3" changeset="171494077" timestamp="2025-09-05T11:42:17Z" user="Икчпук" uid="21130589" lat="50.0615236" lon="19.9374756"/>
 <node id="2504780989" visible="true" version="3" changeset="171494077" timestamp="2025-09-05T11:42:17Z" user="Икчпук" uid="21130589" lat="50.0615236" lon="19.9374810"/>
 <node id="2504780990" visible="true" version="3" changeset="171494077" timestamp="2025-09-05T11:42:17Z" user="Икчпук" uid="21130589" lat="50.0615248" lon="19.9374817"/>
 <node id="2504780991" visible="true" version="3" changeset="171494077" timestamp="2025-09-05T11:42:17Z" user="Икчпук" uid="21130589" lat="50.0615249" lon="19.9374750"/>
 <node id="2504780992" visible="true" version="3" changeset="171494077" timestamp="2025-09-05T11:42:17Z" user="Икчпук" uid="21130589" lat="50.0615251" lon="19.9374750"/>
 <node id="2504780993" visible="true" version="3" changeset="171494077" timestamp="2025-09-05T11:42:17Z" user="Икчпук" uid="21130589" lat="50.0615261" lon="19.9374757"/>
 <node id="2504780994" visible="true" version="3" changeset="171494077" timestamp="2025-09-05T11:42:17Z" user="Икчпук" uid="21130589" lat="50.0615261" lon="19.9374811"/>
 <node id="2504780995" visible="true" version="3" changeset="171494077" timestamp="2025-09-05T11:42:17Z" user="Икчпук" uid="21130589" lat="50.0615265" lon="19.9374805"/>
 <node id="2504780997" visible="true" version="3" changeset="171494077" timestamp="2025-09-05T11:42:17Z" user="Икчпук" uid="21130589" lat="50.0615269" lon="19.9374774"/>
 <node id="2504780999" visible="true" version="3" changeset="171494077" timestamp="2025-09-05T11:42:17Z" user="Икчпук" uid="21130589" lat="50.0615269" lon="19.9374795"/>
 <node id="2504781003" visible="true" version="2" changeset="171494077" timestamp="2025-09-05T11:42:17Z" user="Икчпук" uid="21130589" lat="50.0615649" lon="19.9375075"/>
 <node id="2504781004" visible="true" version="3" changeset="171494077" timestamp="2025-09-05T11:42:17Z" user="Икчпук" uid="21130589" lat="50.0615662" lon="19.9375134"/>
 <node id="2504781005" visible="true" version="3" changeset="171494077" timestamp="2025-09-05T11:42:17Z" user="Икчпук" uid="21130589" lat="50.0615662" lon="19.9375154"/>
 <node id="2504781006" visible="true" version="3" changeset="171494077" timestamp="2025-09-05T11:42:17Z" user="Икчпук" uid="21130589" lat="50.0615665" lon="19.9375165"/>
 <node id="2504781007" visible="true" version="3" changeset="171494077" timestamp="2025-09-05T11:42:17Z" user="Икчпук" uid="21130589" lat="50.0615669" lon="19.9375117"/>
 <node id="2504781008" visible="true" version="3" changeset="171494077" timestamp="2025-09-05T11:42:17Z" user="Икчпук" uid="21130589" lat="50.0615669" lon="19.9375171"/>
 <node id="2504781009" visible="true" version="3" changeset="171494077" timestamp="2025-09-05T11:42:17Z" user="Икчпук" uid="21130589" lat="50.0615682" lon="19.9375110"/>
 <node id="2504781010" visible="true" version="3" changeset="171494077" timestamp="2025-09-05T11:42:17Z" user="Икчпук" uid="21130589" lat="50.0615682" lon="19.9375177"/>
 <node id="2504781011" visible="true" version="3" changeset="171494077" timestamp="2025-09-05T11:42:17Z" user="Икчпук" uid="21130589" lat="50.0615684" lon="19.9375111"/>
 <node id="2504781012" visible="true" version="3" changeset="171494077" timestamp="2025-09-05T11:42:17Z" user="Икчпук" uid="21130589" lat="50.0615695" lon="19.9375117"/>
 <node id="2504781013" visible="true" version="3" changeset="171494077" timestamp="2025-09-05T11:42:17Z" user="Икчпук" uid="21130589" lat="50.0615695" lon="19.9375171"/>
 <node id="2504781014" visible="true" version="3" changeset="171494077" timestamp="2025-09-05T11:42:17Z" user="Икчпук" uid="21130589" lat="50.0615699" lon="19.9375165"/>
 <node id="2504781015" visible="true" version="3" changeset="171494077" timestamp="2025-09-05T11:42:17Z" user="Икчпук" uid="21130589" lat="50.0615703" lon="19.9375134"/>
 <node id="2504781016" visible="true" version="3" changeset="171494077" timestamp="2025-09-05T11:42:17Z" user="Икчпук" uid="21130589" lat="50.0615703" lon="19.9375154"/>
 <node id="2504781018" visible="true" version="2" changeset="171494077" timestamp="2025-09-05T11:42:17Z" user="Икчпук" uid="21130589" lat="50.0615959" lon="19.9375332"/>
 <node id="2504781019" visible="true" version="2" changeset="171494077" timestamp="2025-09-05T11:42:17Z" user="Икчпук" uid="21130589" lat="50.0616137" lon="19.9375484"/>
 <node id="2504781020" visible="true" version="2" changeset="171494077" timestamp="2025-09-05T11:42:17Z" user="Икчпук" uid="21130589" lat="50.0616378" lon="19.9374788"/>
 <node id="2504781021" visible="true" version="3" changeset="171494077" timestamp="2025-09-05T11:42:17Z" user="Икчпук" uid="21130589" lat="50.0616450" lon="19.9375750"/>
 <node id="2504781022" visible="true" version="2" changeset="171494077" timestamp="2025-09-05T11:42:17Z" user="Икчпук" uid="21130589" lat="50.0616626" lon="19.9375900"/>
 <node id="2504781023" visible="true" version="3" changeset="171494077" timestamp="2025-09-05T11:42:17Z" user="Икчпук" uid="21130589" lat="50.0616733" lon="19.9375585"/>
 <node id="2504781024" visible="true" version="3" changeset="171494077" timestamp="2025-09-05T11:42:17Z" user="Икчпук" uid="21130589" lat="50.0616963" lon="19.9376218"/>
 <node id="2504781025" visible="true" version="3" changeset="171494077" timestamp="2025-09-05T11:42:17Z" user="Икчпук" uid="21130589" lat="50.0616963" lon="19.9376239"/>
 <node id="2504781026" visible="true" version="3" changeset="171494077" timestamp="2025-09-05T11:42:17Z" user="Икчпук" uid="21130589" lat="50.0616967" lon="19.9376250"/>
 <node id="2504781027" visible="true" version="3" changeset="171494077" timestamp="2025-09-05T11:42:17Z" user="Икчпук" uid="21130589" lat="50.0616971" lon="19.9376201"/>
 <node id="2504781028" visible="true" version="3" changeset="171494077" timestamp="2025-09-05T11:42:17Z" user="Икчпук" uid="21130589" lat="50.0616971" lon="19.9376256"/>
 <node id="2504781029" visible="true" version="3" changeset="171494077" timestamp="2025-09-05T11:42:17Z" user="Икчпук" uid="21130589" lat="50.0616984" lon="19.9376195"/>
 <node id="2504781030" visible="true" version="3" changeset="171494077" timestamp="2025-09-05T11:42:17Z" user="Икчпук" uid="21130589" lat="50.0616984" lon="19.9376262"/>
 <node id="2504781031" visible="true" version="3" changeset="171494077" timestamp="2025-09-05T11:42:17Z" user="Икчпук" uid="21130589" lat="50.0616986" lon="19.9376195"/>
 <node id="2504781032" visible="true" version="3" changeset="171494077" timestamp="2025-09-05T11:42:17Z" user="Икчпук" uid="21130589" lat="50.0616996" lon="19.9376201"/>
 <node id="2504781034" visible="true" version="3" changeset="171494077" timestamp="2025-09-05T11:42:17Z" user="Икчпук" uid="21130589" lat="50.0616996" lon="19.9376256"/>
 <node id="2504781036" visible="true" version="3" changeset="171494077" timestamp="2025-09-05T11:42:17Z" user="Икчпук" uid="21130589" lat="50.0617000" lon="19.9376249"/>
 <node id="2504781038" visible="true" version="3" changeset="171494077" timestamp="2025-09-05T11:42:17Z" user="Икчпук" uid="21130589" lat="50.0617004" lon="19.9376218"/>
 <node id="2504781039" visible="true" version="3" changeset="171494077" timestamp="2025-09-05T11:42:17Z" user="Икчпук" uid="21130589" lat="50.0617004" lon="19.9376239"/>
 <node id="2504781042" visible="true" version="3" changeset="171494077" timestamp="2025-09-05T11:42:17Z" user="Икчпук" uid="21130589" lat="50.0617166" lon="19.9375941"/>
 <node id="2504781043" visible="true" version="2" changeset="171494077" timestamp="2025-09-05T11:42:17Z" user="Икчпук" uid="21130589" lat="50.0617396" lon="19.9376573"/>
 <node id="2504781045" visible="true" version="2" changeset="171494077" timestamp="2025-09-05T11:42:17Z" user="Икчпук" uid="21130589" lat="50.0617396" lon="19.9376593"/>
 <node id="2504781047" visible="true" version="2" changeset="171494077" timestamp="2025-09-05T11:42:17Z" user="Икчпук" uid="21130589" lat="50.0617400" lon="19.9376604"/>
 <node id="2504781049" visible="true" version="2" changeset="171494077" timestamp="2025-09-05T11:42:17Z" user="Икчпук" uid="21130589" lat="50.0617404" lon="19.9376556"/>
 <node id="2504781051" visible="true" version="2" changeset="171494077" timestamp="2025-09-05T11:42:17Z" user="Икчпук" uid="21130589" lat="50.0617404" lon="19.9376610"/>
 <node id="2504781054" visible="true" version="2" changeset="171494077" timestamp="2025-09-05T11:42:17Z" user="Икчпук" uid="21130589" lat="50.0617417" lon="19.9376550"/>
 <node id="2504781056" visible="true" version="2" changeset="171494077" timestamp="2025-09-05T11:42:17Z" user="Икчпук" uid="21130589" lat="50.0617417" lon="19.9376616"/>
 <node id="2504781058" visible="true" version="2" changeset="171494077" timestamp="2025-09-05T11:42:17Z" user="Икчпук" uid="21130589" lat="50.0617419" lon="19.9376550"/>
 <node id="2504781059" visible="true" version="2" changeset="171494077" timestamp="2025-09-05T11:42:17Z" user="Икчпук" uid="21130589" lat="50.0617429" lon="19.9376556"/>
 <node id="2504781061" visible="true" version="2" changeset="171494077" timestamp="2025-09-05T11:42:17Z" user="Икчпук" uid="21130589" lat="50.0617429" lon="19.9376610"/>
 <node id="2504781063" visible="true" version="2" changeset="171494077" timestamp="2025-09-05T11:42:17Z" user="Икчпук" uid="21130589" lat="50.0617433" lon="19.9376604"/>
 <node id="2504781064" visible="true" version="2" changeset="171494077" timestamp="2025-09-05T11:42:17Z" user="Икчпук" uid="21130589" lat="50.0617437" lon="19.9376573"/>
 <node id="2504781065" visible="true" version="2" changeset="171494077" timestamp="2025-09-05T11:42:17Z" user="Икчпук" uid="21130589" lat="50.0617437" lon="19.9376593"/>
 <node id="2504781066" visible="true" version="2" changeset="171494077" timestamp="2025-09-05T11:42:17Z" user="Икчпук" uid="21130589" lat="50.0617828" lon="19.9376927"/>
 <node id="2504781067" visible="true" version="2" changeset="171494077" timestamp="2025-09-05T11:42:17Z" user="Икчпук" uid="21130589" lat="50.0617828" lon="19.9376948"/>
 <node id="2504781068" visible="true" version="2" changeset="171494077" timestamp="2025-09-05T11:42:17Z" user="Икчпук" uid="21130589" lat="50.0617832" lon="19.9376959"/>
 <node id="2504781069" visible="true" version="2" changeset="171494077" timestamp="2025-09-05T11:42:17Z" user="Икчпук" uid="21130589" lat="50.0617836" lon="19.9376910"/>
 <node id="2504781070" visible="true" version="2" changeset="171494077" timestamp="2025-09-05T11:42:17Z" user="Икчпук" uid="21130589" lat="50.0617836" lon="19.9376965"/>
 <node id="2504781071" visible="true" version="2" changeset="171494077" timestamp="2025-09-05T11:42:17Z" user="Икчпук" uid="21130589" lat="50.0617849" lon="19.9376904"/>
 <node id="2504781072" visible="true" version="2" changeset="171494077" timestamp="2025-09-05T11:42:17Z" user="Икчпук" uid="21130589" lat="50.0617849" lon="19.9376971"/>
 <node id="2504781073" visible="true" version="2" changeset="171494077" timestamp="2025-09-05T11:42:17Z" user="Икчпук" uid="21130589" lat="50.0617851" lon="19.9376904"/>
 <node id="2504781074" visible="true" version="2" changeset="171494077" timestamp="2025-09-05T11:42:17Z" user="Икчпук" uid="21130589" lat="50.0617861" lon="19.9376910"/>
 <node id="2504781075" visible="true" version="2" changeset="171494077" timestamp="2025-09-05T11:42:17Z" user="Икчпук" uid="21130589" lat="50.0617861" lon="19.9376965"/>
 <node id="2504781076" visible="true" version="2" changeset="171494077" timestamp="2025-09-05T11:42:17Z" user="Икчпук" uid="21130589" lat="50.0617866" lon="19.9376959"/>
 <node id="2504781077" visible="true" version="2" changeset="171494077" timestamp="2025-09-05T11:42:17Z" user="Икчпук" uid="21130589" lat="50.0617869" lon="19.9376927"/>
 <node id="2504781078" visible="true" version="2" changeset="171494077" timestamp="2025-09-05T11:42:17Z" user="Икчпук" uid="21130589" lat="50.0617869" lon="19.9376948"/>
 <node id="2504781079" visible="true" version="2" changeset="171494077" timestamp="2025-09-05T11:42:17Z" user="Икчпук" uid="21130589" lat="50.0618260" lon="19.9377283"/>
 <node id="2504781080" visible="true" version="2" changeset="171494077" timestamp="2025-09-05T11:42:17Z" user="Икчпук" uid="21130589" lat="50.0618260" lon="19.9377304"/>
 <node id="2504781081" visible="true" version="2" changeset="171494077" timestamp="2025-09-05T11:42:17Z" user="Икчпук" uid="21130589" lat="50.0618264" lon="19.9377314"/>
 <node id="2504781082" visible="true" version="2" changeset="171494077" timestamp="2025-09-05T11:42:17Z" user="Икчпук" uid="21130589" lat="50.0618268" lon="19.9377266"/>
 <node id="2504781083" visible="true" version="2" changeset="171494077" timestamp="2025-09-05T11:42:17Z" user="Икчпук" uid="21130589" lat="50.0618268" lon="19.9377320"/>
 <node id="2504781084" visible="true" version="2" changeset="171494077" timestamp="2025-09-05T11:42:17Z" user="Икчпук" uid="21130589" lat="50.0618281" lon="19.9377260"/>
 <node id="2504781085" visible="true" version="2" changeset="171494077" timestamp="2025-09-05T11:42:17Z" user="Икчпук" uid="21130589" lat="50.0618281" lon="19.9377327"/>
 <node id="2504781086" visible="true" version="2" changeset="171494077" timestamp="2025-09-05T11:42:17Z" user="Икчпук" uid="21130589" lat="50.0618283" lon="19.9377260"/>
 <node id="2504781087" visible="true" version="2" changeset="171494077" timestamp="2025-09-05T11:42:17Z" user="Икчпук" uid="21130589" lat="50.0618294" lon="19.9377266"/>
 <node id="2504781088" visible="true" version="2" changeset="171494077" timestamp="2025-09-05T11:42:17Z" user="Икчпук" uid="21130589" lat="50.0618294" lon="19.9377320"/>
 <node id="2504781089" visible="true" version="2" changeset="171494077" timestamp="2025-09-05T11:42:17Z" user="Икчпук" uid="21130589" lat="50.0618298" lon="19.9377314"/>
 <node id="2504781090" visible="true" version="2" changeset="171494077" timestamp="2025-09-05T11:42:17Z" user="Икчпук" uid="21130589" lat="50.0618301" lon="19.9377283"/>
 <node id="2504781091" visible="true" version="2" changeset="171494077" timestamp="2025-09-05T11:42:17Z" user="Икчпук" uid="21130589" lat="50.0618301" lon="19.9377304"/>
 <node id="2504781092" visible="true" version="2" changeset="171494077" timestamp="2025-09-05T11:42:17Z" user="Икчпук" uid="21130589" lat="50.0618694" lon="19.9377638"/>
 <node id="2504781093" visible="true" version="2" changeset="171494077" timestamp="2025-09-05T11:42:17Z" user="Икчпук" uid="21130589" lat="50.0618694" lon="19.9377659"/>
 <node id="2504781094" visible="true" version="2" changeset="171494077" timestamp="2025-09-05T11:42:17Z" user="Икчпук" uid="21130589" lat="50.0618698" lon="19.9377669"/>
 <node id="2504781095" visible="true" version="2" changeset="171494077" timestamp="2025-09-05T11:42:17Z" user="Икчпук" uid="21130589" lat="50.0618702" lon="19.9377621"/>
 <node id="2504781096" visible="true" version="2" changeset="171494077" timestamp="2025-09-05T11:42:17Z" user="Икчпук" uid="21130589" lat="50.0618702" lon="19.9377675"/>
 <node id="2504781097" visible="true" version="2" changeset="171494077" timestamp="2025-09-05T11:42:17Z" user="Икчпук" uid="21130589" lat="50.0618715" lon="19.9377615"/>
 <node id="2504781098" visible="true" version="2" changeset="171494077" timestamp="2025-09-05T11:42:17Z" user="Икчпук" uid="21130589" lat="50.0618715" lon="19.9377682"/>
 <node id="2504781099" visible="true" version="2" changeset="171494077" timestamp="2025-09-05T11:42:17Z" user="Икчпук" uid="21130589" lat="50.0618717" lon="19.9377615"/>
 <node id="2504781100" visible="true" version="2" changeset="171494077" timestamp="2025-09-05T11:42:17Z" user="Икчпук" uid="21130589" lat="50.0618727" lon="19.9377621"/>
 <node id="2504781101" visible="true" version="2" changeset="171494077" timestamp="2025-09-05T11:42:17Z" user="Икчпук" uid="21130589" lat="50.0618727" lon="19.9377675"/>
 <node id="2504781102" visible="true" version="2" changeset="171494077" timestamp="2025-09-05T11:42:17Z" user="Икчпук" uid="21130589" lat="50.0618731" lon="19.9377669"/>
 <node id="2504781103" visible="true" version="2" changeset="171494077" timestamp="2025-09-05T11:42:17Z" user="Икчпук" uid="21130589" lat="50.0618735" lon="19.9377638"/>
 <node id="2504781104" visible="true" version="2" changeset="171494077" timestamp="2025-09-05T11:42:17Z" user="Икчпук" uid="21130589" lat="50.0618735" lon="19.9377659"/>
 <node id="2504781105" visible="true" version="2" changeset="171494077" timestamp="2025-09-05T11:42:17Z" user="Икчпук" uid="21130589" lat="50.0619128" lon="19.9377994"/>
 <node id="2504781106" visible="true" version="2" changeset="171494077" timestamp="2025-09-05T11:42:17Z" user="Икчпук" uid="21130589" lat="50.0619128" lon="19.9378015"/>
 <node id="2504781107" visible="true" version="2" changeset="171494077" timestamp="2025-09-05T11:42:17Z" user="Икчпук" uid="21130589" lat="50.0619132" lon="19.9378026"/>
 <node id="2504781108" visible="true" version="2" changeset="171494077" timestamp="2025-09-05T11:42:17Z" user="Икчпук" uid="21130589" lat="50.0619136" lon="19.9377978"/>
 <node id="2504781109" visible="true" version="2" changeset="171494077" timestamp="2025-09-05T11:42:17Z" user="Икчпук" uid="21130589" lat="50.0619136" lon="19.9378032"/>
 <node id="2504781110" visible="true" version="2" changeset="171494077" timestamp="2025-09-05T11:42:17Z" user="Икчпук" uid="21130589" lat="50.0619148" lon="19.9377971"/>
 <node id="2504781111" visible="true" version="2" changeset="171494077" timestamp="2025-09-05T11:42:17Z" user="Икчпук" uid="21130589" lat="50.0619148" lon="19.9378038"/>
 <node id="2504781112" visible="true" version="2" changeset="171494077" timestamp="2025-09-05T11:42:17Z" user="Икчпук" uid="21130589" lat="50.0619151" lon="19.9377971"/>
 <node id="2504781113" visible="true" version="2" changeset="171494077" timestamp="2025-09-05T11:42:17Z" user="Икчпук" uid="21130589" lat="50.0619161" lon="19.9377978"/>
 <node id="2504781114" visible="true" version="2" changeset="171494077" timestamp="2025-09-05T11:42:17Z" user="Икчпук" uid="21130589" lat="50.0619161" lon="19.9378032"/>
 <node id="2504781115" visible="true" version="2" changeset="171494077" timestamp="2025-09-05T11:42:17Z" user="Икчпук" uid="21130589" lat="50.0619165" lon="19.9378026"/>
 <node id="2504781116" visible="true" version="2" changeset="171494077" timestamp="2025-09-05T11:42:17Z" user="Икчпук" uid="21130589" lat="50.0619169" lon="19.9377994"/>
 <node id="2504781117" visible="true" version="2" changeset="171494077" timestamp="2025-09-05T11:42:17Z" user="Икчпук" uid="21130589" lat="50.0619169" lon="19.9378015"/>
 <node id="2504781118" visible="true" version="2" changeset="171494077" timestamp="2025-09-05T11:42:17Z" user="Икчпук" uid="21130589" lat="50.0619559" lon="19.9378348"/>
 <node id="2504781119" visible="true" version="2" changeset="171494077" timestamp="2025-09-05T11:42:17Z" user="Икчпук" uid="21130589" lat="50.0619559" lon="19.9378368"/>
 <node id="2504781120" visible="true" version="2" changeset="171494077" timestamp="2025-09-05T11:42:17Z" user="Икчпук" uid="21130589" lat="50.0619563" lon="19.9378379"/>
 <node id="2504781121" visible="true" version="2" changeset="171494077" timestamp="2025-09-05T11:42:17Z" user="Икчпук" uid="21130589" lat="50.0619567" lon="19.9378331"/>
 <node id="2504781122" visible="true" version="2" changeset="171494077" timestamp="2025-09-05T11:42:17Z" user="Икчпук" uid="21130589" lat="50.0619567" lon="19.9378385"/>
 <node id="2504781123" visible="true" version="2" changeset="171494077" timestamp="2025-09-05T11:42:17Z" user="Икчпук" uid="21130589" lat="50.0619580" lon="19.9378325"/>
 <node id="2504781124" visible="true" version="2" changeset="171494077" timestamp="2025-09-05T11:42:17Z" user="Икчпук" uid="21130589" lat="50.0619580" lon="19.9378392"/>
 <node id="2504781125" visible="true" version="2" changeset="171494077" timestamp="2025-09-05T11:42:17Z" user="Икчпук" uid="21130589" lat="50.0619582" lon="19.9378325"/>
 <node id="2504781126" visible="true" version="2" changeset="171494077" timestamp="2025-09-05T11:42:17Z" user="Икчпук" uid="21130589" lat="50.0619592" lon="19.9378331"/>
 <node id="2504781127" visible="true" version="2" changeset="171494077" timestamp="2025-09-05T11:42:17Z" user="Икчпук" uid="21130589" lat="50.0619592" lon="19.9378385"/>
 <node id="2504781128" visible="true" version="2" changeset="171494077" timestamp="2025-09-05T11:42:17Z" user="Икчпук" uid="21130589" lat="50.0619596" lon="19.9378379"/>
 <node id="2504781129" visible="true" version="2" changeset="171494077" timestamp="2025-09-05T11:42:17Z" user="Икчпук" uid="21130589" lat="50.0619600" lon="19.9378348"/>
 <node id="2504781130" visible="true" version="2" changeset="171494077" timestamp="2025-09-05T11:42:17Z" user="Икчпук" uid="21130589" lat="50.0619600" lon="19.9378368"/>
 <node id="2504781131" visible="true" version="2" changeset="171494077" timestamp="2025-09-05T11:42:17Z" user="Икчпук" uid="21130589" lat="50.0620019" lon="19.9378725"/>
 <node id="2504781132" visible="true" version="2" changeset="171494077" timestamp="2025-09-05T11:42:17Z" user="Икчпук" uid="21130589" lat="50.0620019" lon="19.9378746"/>
 <node id="2504781133" visible="true" version="2" changeset="171494077" timestamp="2025-09-05T11:42:17Z" user="Икчпук" uid="21130589" lat="50.0620023" lon="19.9378757"/>
 <node id="2504781134" visible="true" version="2" changeset="171494077" timestamp="2025-09-05T11:42:17Z" user="Икчпук" uid="21130589" lat="50.0620027" lon="19.9378709"/>
 <node id="2504781135" visible="true" version="2" changeset="171494077" timestamp="2025-09-05T11:42:17Z" user="Икчпук" uid="21130589" lat="50.0620027" lon="19.9378763"/>
 <node id="2504781136" visible="true" version="2" changeset="171494077" timestamp="2025-09-05T11:42:17Z" user="Икчпук" uid="21130589" lat="50.0620039" lon="19.9378702"/>
 <node id="2504781137" visible="true" version="2" changeset="171494077" timestamp="2025-09-05T11:42:17Z" user="Икчпук" uid="21130589" lat="50.0620039" lon="19.9378769"/>
 <node id="2504781138" visible="true" version="2" changeset="171494077" timestamp="2025-09-05T11:42:17Z" user="Икчпук" uid="21130589" lat="50.0620042" lon="19.9378702"/>
 <node id="2504781139" visible="true" version="2" changeset="171494077" timestamp="2025-09-05T11:42:17Z" user="Икчпук" uid="21130589" lat="50.0620052" lon="19.9378709"/>
 <node id="2504781140" visible="true" version="2" changeset="171494077" timestamp="2025-09-05T11:42:17Z" user="Икчпук" uid="21130589" lat="50.0620052" lon="19.9378763"/>
 <node id="2504781141" visible="true" version="2" changeset="171494077" timestamp="2025-09-05T11:42:17Z" user="Икчпук" uid="21130589" lat="50.0620056" lon="19.9378757"/>
 <node id="2504781142" visible="true" version="2" changeset="171494077" timestamp="2025-09-05T11:42:17Z" user="Икчпук" uid="21130589" lat="50.0620060" lon="19.9378725"/>
 <node id="2504781143" visible="true" version="2" changeset="171494077" timestamp="2025-09-05T11:42:17Z" user="Икчпук" uid="21130589" lat="50.0620060" lon="19.9378746"/>
 <node id="2504781144" visible="true" version="3" changeset="171494077" timestamp="2025-09-05T11:42:17Z" user="Икчпук" uid="21130589" lat="50.0620070" lon="19.9378722"/>
 <node id="2504781145" visible="true" version="4" changeset="171494077" timestamp="2025-09-05T11:42:17Z" user="Икчпук" uid="21130589" lat="50.0620382" lon="19.9378975"/>
 <node id="2504980479" visible="true" version="2" changeset="171494077" timestamp="2025-09-05T11:42:17Z" user="Икчпук" uid="21130589" lat="50.0612085" lon="19.9371599"/>
 <node id="2504980481" visible="true" version="2" changeset="171494077" timestamp="2025-09-05T11:42:17Z" user="Икчпук" uid="21130589" lat="50.0612214" lon="19.9371292"/>
 <node id="2504980482" visible="true" version="2" changeset="171494077" timestamp="2025-09-05T11:42:17Z" user="Икчпук" uid="21130589" lat="50.0614127" lon="19.9368435"/>
 <node id="2504980484" visible="true" version="2" changeset="171494077" timestamp="2025-09-05T11:42:17Z" user="Икчпук" uid="21130589" lat="50.0617085" lon="19.9370872"/>
 <node id="2504980485" visible="true" version="2" changeset="171494077" timestamp="2025-09-05T11:42:17Z" user="Икчпук" uid="21130589" lat="50.0617244" lon="19.9371003"/>
 <node id="2504980487" visible="true" version="2" changeset="171494077" timestamp="2025-09-05T11:42:17Z" user="Икчпук" uid="21130589" lat="50.0618479" lon="19.9372023"/>
 <node id="2504980491" visible="true" version="2" changeset="171494077" timestamp="2025-09-05T11:42:17Z" user="Икчпук" uid="21130589" lat="50.0621380" lon="19.9374413"/>
 <node id="2504980493" visible="true" version="2" changeset="171494077" timestamp="2025-09-05T11:42:17Z" user="Икчпук" uid="21130589" lat="50.0621531" lon="19.9374541"/>
 <node id="2505644081" visible="true" version="2" changeset="171494077" timestamp="2025-09-05T11:42:17Z" user="Икчпук" uid="21130589" lat="50.0620344" lon="19.9378944"/>
 <node id="2505644085" visible="true" version="2" changeset="171494077" timestamp="2025-09-05T11:42:17Z" user="Икчпук" uid="21130589" lat="50.0620605" lon="19.9378206"/>
 <node id="2505650813" visible="true" version="2" changeset="171494077" timestamp="2025-09-05T11:42:17Z" user="Икчпук" uid="21130589" lat="50.0616116" lon="19.9375543"/>
 <node id="2505650814" visible="true" version="3" changeset="171494077" timestamp="2025-09-05T11:42:17Z" user="Икчпук" uid="21130589" lat="50.0616430" lon="19.9375806"/>
 <node id="2506148258" visible="true" version="2" changeset="171494077" timestamp="2025-09-05T11:42:17Z" user="Икчпук" uid="21130589" lat="50.0612351" lon="19.9372351"/>
 <node id="2506148259" visible="true" version="2" changeset="171494077" timestamp="2025-09-05T11:42:17Z" user="Икчпук" uid="21130589" lat="50.0612675" lon="19.9372619"/>
 <node id="2507454075" visible="true" version="2" changeset="25531142" timestamp="2014-09-18T22:19:54Z" user="Władysław Komorek" uid="693154" lat="50.0611205" lon="19.9363453">
  <tag k="highway" v="street_lamp"/>
 </node>
 <node id="2507454078" visible="true" version="1" changeset="18523533" timestamp="2013-10-24T17:33:11Z" user="Władysław Komorek" uid="693154" lat="50.0614329" lon="19.9378226">
  <tag k="highway" v="street_lamp"/>
 </node>
 <node id="2507454081" visible="true" version="2" changeset="25531142" timestamp="2014-09-18T22:19:54Z" user="Władysław Komorek" uid="693154" lat="50.0615795" lon="19.9379417">
  <tag k="highway" v="street_lamp"/>
 </node>
 <node id="2507454084" visible="true" version="2" changeset="25531142" timestamp="2014-09-18T22:19:55Z" user="Władysław Komorek" uid="693154" lat="50.0622416" lon="19.9364337">
  <tag k="highway" v="street_lamp"/>
 </node>
 <node id="2507454086" visible="true" version="2" changeset="25531142" timestamp="2014-09-18T22:19:55Z" user="Władysław Komorek" uid="693154" lat="50.0624854" lon="19.9376857">
  <tag k="highway" v="street_lamp"/>
 </node>
 <node id="2507454087" visible="true" version="2" changeset="25531142" timestamp="2014-09-18T22:19:55Z" user="Władysław Komorek" uid="693154" lat="50.0625659" lon="19.9367368">
  <tag k="highway" v="street_lamp"/>
 </node>
 <node id="2507454088" visible="true" version="2" changeset="25531142" timestamp="2014-09-18T22:19:55Z" user="Władysław Komorek" uid="693154" lat="50.0626727" lon="19.9371058">
  <tag k="highway" v="street_lamp"/>
 </node>
 <node id="2508026681" visible="true" version="15" changeset="174075427" timestamp="2025-11-01T18:26:06Z" user="Mateusz Konieczny" uid="1722488" lat="50.0615411" lon="19.9361907">
  <tag k="alt_name:es" v="La verdadera cara de Cracovia"/>
  <tag k="artist_name" v="Igor Mitoraj"/>
  <tag k="artwork_type" v="sculpture"/>
  <tag k="height" v="2.25"/>
  <tag k="inscription" v="IGOR MITORAJ|EROS BENDATO|BRĄZ 1999|DAR ARTYSTY DLA MIASTA KRAKOWA 2005"/>
  <tag k="inscription:url" v="https://upload.wikimedia.org/wikipedia/commons/c/c9/Eros_Bendato_by_Igor_Mitoraj_%287822175836%29.jpg"/>
  <tag k="material" v="bronze"/>
  <tag k="name" v="Eros spętany"/>
  <tag k="name:en" v="Eros bound"/>
  <tag k="name:es" v="Eros Bendato"/>
  <tag k="name:pl" v="Eros spętany"/>
  <tag k="start_date" v="1999"/>
  <tag k="tourism" v="artwork"/>
  <tag k="wikidata" v="Q105993379"/>
  <tag k="wikipedia" v="es:Eros Bendato"/>
 </node>
 <node id="2508038438" visible="true" version="2" changeset="25490470" timestamp="2014-09-16T23:13:00Z" user="Władysław Komorek" uid="693154" lat="50.0611373" lon="19.9368913"/>
 <node id="2508038439" visible="true" version="2" changeset="25490470" timestamp="2014-09-16T23:13:01Z" user="Władysław Komorek" uid="693154" lat="50.0611432" lon="19.9368739"/>
 <node id="2508038440" visible="true" version="2" changeset="25490470" timestamp="2014-09-16T23:13:01Z" user="Władysław Komorek" uid="693154" lat="50.0611483" lon="19.9369004"/>
 <node id="2508038441" visible="true" version="2" changeset="25490470" timestamp="2014-09-16T23:13:01Z" user="Władysław Komorek" uid="693154" lat="50.0611543" lon="19.9368832"/>
 <node id="2508038442" visible="true" version="4" changeset="189104496" timestamp="2026-09-16T10:46:40Z" user="Yukiro" uid="21828911" lat="50.0618650" lon="19.9365040">
  <tag k="barrier" v="bollard"/>
  <tag k="bollard" v="concrete"/>
  <tag k="material" v="concrete"/>
 </node>
 <node id="2508038444" visible="true" version="4" changeset="189104496" timestamp="2026-09-16T10:46:40Z" user="Yukiro" uid="21828911" lat="50.0618731" lon="19.9364802">
  <tag k="barrier" v="bollard"/>
  <tag k="bollard" v="concrete"/>
  <tag k="material" v="concrete"/>
 </node>
 <node id="2508038448" visible="true" version="4" changeset="189104496" timestamp="2026-09-16T10:46:40Z" user="Yukiro" uid="21828911" lat="50.0618818" lon="19.9365179">
  <tag k="barrier" v="bollard"/>
  <tag k="bollard" v="concrete"/>
  <tag k="material" v="concrete"/>
 </node>
 <node id="2508038450" visible="true" version="4" changeset="189104496" timestamp="2026-09-16T10:46:40Z" user="Yukiro" uid="21828911" lat="50.0618899" lon="19.9364941">
  <tag k="barrier" v="bollard"/>
  <tag k="bollard" v="concrete"/>
  <tag k="material" v="concrete"/>
 </node>
 <node id="2574617500" visible="true" version="7" changeset="110154660" timestamp="2021-08-24T07:44:33Z" user="Mateusz Konieczny" uid="1722488" lat="50.0629155" lon="19.9369118">
  <tag k="amenity" v="bicycle_parking"/>
  <tag k="bicycle_parking" v="stands"/>
  <tag k="capacity" v="22"/>
  <tag k="covered" v="no"/>
  <tag k="operator" v="ZTP Kraków"/>
 </node>
 <node id="2996087007" visible="true" version="1" changeset="24538158" timestamp="2014-08-04T15:42:27Z" user="Władysław Komorek" uid="693154" lat="50.0614447" lon="19.9387433"/>
 <node id="2996088768" visible="true" version="1" changeset="24538158" timestamp="2014-08-04T15:42:18Z" user="Władysław Komorek" uid="693154" lat="50.0613283" lon="19.9386481"/>
 <node id="2996088773" visible="true" version="1" changeset="24538158" timestamp="2014-08-04T15:42:21Z" user="Władysław Komorek" uid="693154" lat="50.0613640" lon="19.9386729"/>
 <node id="2996090617" visible="true" version="1" changeset="24538158" timestamp="2014-08-04T15:42:23Z" user="Władysław Komorek" uid="693154" lat="50.0613910" lon="19.9387000"/>
 <node id="2996090624" visible="true" version="1" changeset="24538158" timestamp="2014-08-04T15:42:25Z" user="Władysław Komorek" uid="693154" lat="50.0614121" lon="19.9387160"/>
 <node id="2996090627" visible="true" version="1" changeset="24538158" timestamp="2014-08-04T15:42:26Z" user="Władysław Komorek" uid="693154" lat="50.0614234" lon="19.9387255"/>
 <node id="2996090630" visible="true" version="1" changeset="24538158" timestamp="2014-08-04T15:42:27Z" user="Władysław Komorek" uid="693154" lat="50.0614430" lon="19.9387482"/>
 <node id="2996090847" visible="true" version="1" changeset="24538158" timestamp="2014-08-04T15:42:15Z" user="Władysław Komorek" uid="693154" lat="50.0613056" lon="19.9386241"/>
 <node id="2996090850" visible="true" version="1" changeset="24538158" timestamp="2014-08-04T15:42:19Z" user="Władysław Komorek" uid="693154" lat="50.0613397" lon="19.9386525"/>
 <node id="2996090857" visible="true" version="1" changeset="24538158" timestamp="2014-08-04T15:42:22Z" user="Władysław Komorek" uid="693154" lat="50.0613794" lon="19.9386894"/>
 <node id="2996090861" visible="true" version="1" changeset="24538158" timestamp="2014-08-04T15:42:23Z" user="Władysław Komorek" uid="693154" lat="50.0613915" lon="19.9386982"/>
 <node id="2996090867" visible="true" version="1" changeset="24538158" timestamp="2014-08-04T15:42:25Z" user="Władysław Komorek" uid="693154" lat="50.0614115" lon="19.9387176"/>
 <node id="2996090869" visible="true" version="1" changeset="24538158" timestamp="2014-08-04T15:42:25Z" user="Władysław Komorek" uid="693154" lat="50.0614220" lon="19.9387299"/>
 <node id="2996091084" visible="true" version="1" changeset="24538158" timestamp="2014-08-04T15:42:12Z" user="Władysław Komorek" uid="693154" lat="50.0612667" lon="19.9385919"/>
 <node id="2996091085" visible="true" version="1" changeset="24538158" timestamp="2014-08-04T15:42:13Z" user="Władysław Komorek" uid="693154" lat="50.0612706" lon="19.9386002"/>
 <node id="2996091158" visible="true" version="1" changeset="24538158" timestamp="2014-08-04T15:42:14Z" user="Władysław Komorek" uid="693154" lat="50.0612946" lon="19.9386194"/>
 <node id="2996091168" visible="true" version="1" changeset="24538158" timestamp="2014-08-04T15:42:19Z" user="Władysław Komorek" uid="693154" lat="50.0613385" lon="19.9386568"/>
 <node id="2996091174" visible="true" version="1" changeset="24538158" timestamp="2014-08-04T15:42:21Z" user="Władysław Komorek" uid="693154" lat="50.0613627" lon="19.9386768"/>
 <node id="2996091268" visible="true" version="1" changeset="24538158" timestamp="2014-08-04T15:42:12Z" user="Władysław Komorek" uid="693154" lat="50.0612676" lon="19.9385893"/>
 <node id="2996091270" visible="true" version="1" changeset="24538158" timestamp="2014-08-04T15:42:13Z" user="Władysław Komorek" uid="693154" lat="50.0612719" lon="19.9385965"/>
 <node id="2996091272" visible="true" version="1" changeset="24538158" timestamp="2014-08-04T15:42:14Z" user="Władysław Komorek" uid="693154" lat="50.0612958" lon="19.9386160"/>
 <node id="2996091274" visible="true" version="1" changeset="24538158" timestamp="2014-08-04T15:42:15Z" user="Władysław Komorek" uid="693154" lat="50.0613040" lon="19.9386282"/>
 <node id="2996091306" visible="true" version="1" changeset="24538158" timestamp="2014-08-04T15:42:18Z" user="Władysław Komorek" uid="693154" lat="50.0613298" lon="19.9386443"/>
 <node id="3012787773" visible="true" version="9" changeset="162980654" timestamp="2025-02-26T17:07:52Z" user="AzimuthalScout" uid="20472848" lat="50.0625127" lon="19.9380452">
  <tag k="addr:city" v="Kraków"/>
  <tag k="addr:housenumber" v="2"/>
  <tag k="addr:postcode" v="31-018"/>
  <tag k="addr:street" v="Świętego Jana"/>
  <tag k="amenity" v="atm"/>
  <tag k="brand" v="Euronet"/>
  <tag k="brand:wikidata" v="Q5412010"/>
  <tag k="cash_in" v="no"/>
  <tag k="check_date" v="2025-02-26"/>
  <tag k="indoor" v="no"/>
  <tag k="name" v="Euronet"/>
  <tag k="operator" v="Euronet"/>
  <tag k="operator:wikidata" v="Q5412010"/>
 </node>
 <node id="3080531511" visible="true" version="4" changeset="187770517" timestamp="2026-08-21T00:30:14Z" user="Adam Haba" uid="12293030" lat="50.0633486" lon="19.9355917"/>
 <node id="3085232331" visible="true" version="1" changeset="25529725" timestamp="2014-09-18T20:48:33Z" user="Władysław Komorek" uid="693154" lat="50.0625708" lon="19.9377548"/>
 <node id="3085239577" visible="true" version="1" changeset="25529725" timestamp="2014-09-18T20:48:34Z" user="Władysław Komorek" uid="693154" lat="50.0626124" lon="19.9376153"/>
 <node id="3085239578" visible="true" version="1" changeset="25529725" timestamp="2014-09-18T20:48:34Z" user="Władysław Komorek" uid="693154" lat="50.0626532" lon="19.9374867"/>
 <node id="3085239579" visible="true" version="1" changeset="25529725" timestamp="2014-09-18T20:48:35Z" user="Władysław Komorek" uid="693154" lat="50.0626653" lon="19.9374449"/>
 <node id="3085239580" visible="true" version="1" changeset="25529725" timestamp="2014-09-18T20:48:40Z" user="Władysław Komorek" uid="693154" lat="50.0628892" lon="19.9376827"/>
 <node id="3085239581" visible="true" version="1" changeset="25529725" timestamp="2014-09-18T20:48:41Z" user="Władysław Komorek" uid="693154" lat="50.0629126" lon="19.9373457"/>
 <node id="3085239583" visible="true" version="1" changeset="25529725" timestamp="2014-09-18T20:48:42Z" user="Władysław Komorek" uid="693154" lat="50.0629213" lon="19.9375141"/>
 <node id="3085239584" visible="true" version="1" changeset="25529725" timestamp="2014-09-18T20:48:43Z" user="Władysław Komorek" uid="693154" lat="50.0629470" lon="19.9375519"/>
 <node id="3085239586" visible="true" version="1" changeset="25529725" timestamp="2014-09-18T20:48:44Z" user="Władysław Komorek" uid="693154" lat="50.0629583" lon="19.9378920"/>
 <node id="3085239587" visible="true" version="1" changeset="25529725" timestamp="2014-09-18T20:48:44Z" user="Władysław Komorek" uid="693154" lat="50.0629652" lon="19.9378200"/>
 <node id="3085239588" visible="true" version="1" changeset="25529725" timestamp="2014-09-18T20:48:45Z" user="Władysław Komorek" uid="693154" lat="50.0629731" lon="19.9374745"/>
 <node id="3085239589" visible="true" version="1" changeset="25529725" timestamp="2014-09-18T20:48:45Z" user="Władysław Komorek" uid="693154" lat="50.0629828" lon="19.9377538"/>
 <node id="3085239591" visible="true" version="1" changeset="25529725" timestamp="2014-09-18T20:48:46Z" user="Władysław Komorek" uid="693154" lat="50.0629907" lon="19.9375734"/>
 <node id="3085239592" visible="true" version="1" changeset="25529725" timestamp="2014-09-18T20:48:47Z" user="Władysław Komorek" uid="693154" lat="50.0630057" lon="19.9373603"/>
 <node id="3085239594" visible="true" version="1" changeset="25529725" timestamp="2014-09-18T20:48:48Z" user="Władysław Komorek" uid="693154" lat="50.0630154" lon="19.9375962"/>
 <node id="3085239596" visible="true" version="1" changeset="25529725" timestamp="2014-09-18T20:48:49Z" user="Władysław Komorek" uid="693154" lat="50.0630334" lon="19.9377956"/>
 <node id="3085239597" visible="true" version="1" changeset="25529725" timestamp="2014-09-18T20:48:49Z" user="Władysław Komorek" uid="693154" lat="50.0630360" lon="19.9377902"/>
 <node id="3085239598" visible="true" version="1" changeset="25529725" timestamp="2014-09-18T20:48:50Z" user="Władysław Komorek" uid="693154" lat="50.0630408" lon="19.9378719"/>
 <node id="3085239600" visible="true" version="1" changeset="25529725" timestamp="2014-09-18T20:48:51Z" user="Władysław Komorek" uid="693154" lat="50.0630604" lon="19.9371662"/>
 <node id="3085239601" visible="true" version="1" changeset="25529725" timestamp="2014-09-18T20:48:51Z" user="Władysław Komorek" uid="693154" lat="50.0630770" lon="19.9375521"/>
 <node id="3085239602" visible="true" version="1" changeset="25529725" timestamp="2014-09-18T20:48:51Z" user="Władysław Komorek" uid="693154" lat="50.0630880" lon="19.9371920"/>
 <node id="3085239603" visible="true" version="1" changeset="25529725" timestamp="2014-09-18T20:48:52Z" user="Władysław Komorek" uid="693154" lat="50.0630890" lon="19.9376743"/>
 <node id="3085241575" visible="true" version="1" changeset="25529725" timestamp="2014-09-18T20:48:43Z" user="Władysław Komorek" uid="693154" lat="50.0629482" lon="19.9379239"/>
 <node id="3085241577" visible="true" version="1" changeset="25529725" timestamp="2014-09-18T20:48:44Z" user="Władysław Komorek" uid="693154" lat="50.0629627" lon="19.9378782"/>
 <node id="3085241578" visible="true" version="1" changeset="25529725" timestamp="2014-09-18T20:48:45Z" user="Władysław Komorek" uid="693154" lat="50.0629722" lon="19.9375599"/>
 <node id="3085241580" visible="true" version="1" changeset="25529725" timestamp="2014-09-18T20:48:45Z" user="Władysław Komorek" uid="693154" lat="50.0629834" lon="19.9374055"/>
 <node id="3085241583" visible="true" version="1" changeset="25529725" timestamp="2014-09-18T20:48:48Z" user="Władysław Komorek" uid="693154" lat="50.0630187" lon="19.9379441"/>
 <node id="3085241584" visible="true" version="1" changeset="25529725" timestamp="2014-09-18T20:48:48Z" user="Władysław Komorek" uid="693154" lat="50.0630264" lon="19.9373931"/>
 <node id="3085241586" visible="true" version="1" changeset="25529725" timestamp="2014-09-18T20:48:49Z" user="Władysław Komorek" uid="693154" lat="50.0630362" lon="19.9376246"/>
 <node id="3085241587" visible="true" version="1" changeset="25529725" timestamp="2014-09-18T20:48:50Z" user="Władysław Komorek" uid="693154" lat="50.0630413" lon="19.9375275"/>
 <node id="3085241588" visible="true" version="1" changeset="25529725" timestamp="2014-09-18T20:48:50Z" user="Władysław Komorek" uid="693154" lat="50.0630595" lon="19.9371685"/>
 <node id="3085241779" visible="true" version="1" changeset="25529725" timestamp="2014-09-18T20:48:37Z" user="Władysław Komorek" uid="693154" lat="50.0627675" lon="19.9371599"/>
 <node id="3085241780" visible="true" version="1" changeset="25529725" timestamp="2014-09-18T20:48:37Z" user="Władysław Komorek" uid="693154" lat="50.0627910" lon="19.9376928"/>
 <node id="3085241781" visible="true" version="1" changeset="25529725" timestamp="2014-09-18T20:48:38Z" user="Władysław Komorek" uid="693154" lat="50.0628183" lon="19.9377790"/>
 <node id="3085241782" visible="true" version="1" changeset="25529725" timestamp="2014-09-18T20:48:38Z" user="Władysław Komorek" uid="693154" lat="50.0628310" lon="19.9369838"/>
 <node id="3085241783" visible="true" version="1" changeset="25529725" timestamp="2014-09-18T20:48:39Z" user="Władysław Komorek" uid="693154" lat="50.0628402" lon="19.9379675"/>
 <node id="3085241784" visible="true" version="1" changeset="25529725" timestamp="2014-09-18T20:48:39Z" user="Władysław Komorek" uid="693154" lat="50.0628628" lon="19.9374734"/>
 <node id="3085241785" visible="true" version="1" changeset="25529725" timestamp="2014-09-18T20:48:40Z" user="Władysław Komorek" uid="693154" lat="50.0628830" lon="19.9377530"/>
 <node id="3085241788" visible="true" version="1" changeset="25529725" timestamp="2014-09-18T20:48:49Z" user="Władysław Komorek" uid="693154" lat="50.0630348" lon="19.9378940"/>
 <node id="3085241789" visible="true" version="1" changeset="25529725" timestamp="2014-09-18T20:48:49Z" user="Władysław Komorek" uid="693154" lat="50.0630379" lon="19.9376210"/>
 <node id="3085241790" visible="true" version="1" changeset="25529725" timestamp="2014-09-18T20:48:50Z" user="Władysław Komorek" uid="693154" lat="50.0630474" lon="19.9376296"/>
 <node id="3085241791" visible="true" version="1" changeset="25529725" timestamp="2014-09-18T20:48:50Z" user="Władysław Komorek" uid="693154" lat="50.0630595" lon="19.9374653"/>
 <node id="3085241794" visible="true" version="1" changeset="25529725" timestamp="2014-09-18T20:48:51Z" user="Władysław Komorek" uid="693154" lat="50.0630888" lon="19.9371897"/>
 <node id="3085241795" visible="true" version="1" changeset="25529725" timestamp="2014-09-18T20:48:52Z" user="Władysław Komorek" uid="693154" lat="50.0630975" lon="19.9376485"/>
 <node id="3085241950" visible="true" version="1" changeset="25529725" timestamp="2014-09-18T20:48:33Z" user="Władysław Komorek" uid="693154" lat="50.0628984" lon="19.9370499">
  <tag k="addr:city" v="Kraków"/>
  <tag k="addr:country" v="PL"/>
  <tag k="addr:housenumber" v="1a"/>
  <tag k="addr:postcode" v="31-014"/>
  <tag k="addr:street" v="Sławkowska"/>
 </node>
 <node id="3085241951" visible="true" version="1" changeset="25529725" timestamp="2014-09-18T20:48:33Z" user="Władysław Komorek" uid="693154" lat="50.0625873" lon="19.9376993"/>
 <node id="3085241952" visible="true" version="1" changeset="25529725" timestamp="2014-09-18T20:48:34Z" user="Władysław Komorek" uid="693154" lat="50.0626473" lon="19.9374974"/>
 <node id="3085241953" visible="true" version="1" changeset="25529725" timestamp="2014-09-18T20:48:34Z" user="Władysław Komorek" uid="693154" lat="50.0626625" lon="19.9374535"/>
 <node id="3085241954" visible="true" version="1" changeset="25529725" timestamp="2014-09-18T20:48:35Z" user="Władysław Komorek" uid="693154" lat="50.0626667" lon="19.9374459"/>
 <node id="3085241955" visible="true" version="1" changeset="25529725" timestamp="2014-09-18T20:48:35Z" user="Władysław Komorek" uid="693154" lat="50.0627050" lon="19.9381797"/>
 <node id="3085241956" visible="true" version="2" changeset="142117821" timestamp="2023-10-03T20:45:44Z" user="uprkos" uid="11239973" lat="50.0628878" lon="19.9383061"/>
 <node id="3085241957" visible="true" version="1" changeset="25529725" timestamp="2014-09-18T20:48:40Z" user="Władysław Komorek" uid="693154" lat="50.0628914" lon="19.9374001"/>
 <node id="3085241958" visible="true" version="1" changeset="25529725" timestamp="2014-09-18T20:48:41Z" user="Władysław Komorek" uid="693154" lat="50.0629016" lon="19.9383160"/>
 <node id="3085241959" visible="true" version="1" changeset="25529725" timestamp="2014-09-18T20:48:41Z" user="Władysław Komorek" uid="693154" lat="50.0629128" lon="19.9380266"/>
 <node id="3085241960" visible="true" version="2" changeset="73436829" timestamp="2019-08-17T07:58:50Z" user="Władysław Komorek" uid="693154" lat="50.0628723" lon="19.9375794"/>
 <node id="3085241961" visible="true" version="1" changeset="25529725" timestamp="2014-09-18T20:48:42Z" user="Władysław Komorek" uid="693154" lat="50.0629186" lon="19.9375252"/>
 <node id="3085241963" visible="true" version="1" changeset="25529725" timestamp="2014-09-18T20:48:43Z" user="Władysław Komorek" uid="693154" lat="50.0629480" lon="19.9375466"/>
 <node id="3085241964" visible="true" version="1" changeset="25529725" timestamp="2014-09-18T20:48:43Z" user="Władysław Komorek" uid="693154" lat="50.0629516" lon="19.9378712"/>
 <node id="3085241966" visible="true" version="1" changeset="25529725" timestamp="2014-09-18T20:48:44Z" user="Władysław Komorek" uid="693154" lat="50.0629705" lon="19.9375648"/>
 <node id="3085241967" visible="true" version="1" changeset="25529725" timestamp="2014-09-18T20:48:45Z" user="Władysław Komorek" uid="693154" lat="50.0629737" lon="19.9374718"/>
 <node id="3085241969" visible="true" version="1" changeset="25529725" timestamp="2014-09-18T20:48:46Z" user="Władysław Komorek" uid="693154" lat="50.0629847" lon="19.9377460"/>
 <node id="3085241970" visible="true" version="1" changeset="25529725" timestamp="2014-09-18T20:48:46Z" user="Władysław Komorek" uid="693154" lat="50.0629890" lon="19.9375786"/>
 <node id="3085241972" visible="true" version="1" changeset="25529725" timestamp="2014-09-18T20:48:47Z" user="Władysław Komorek" uid="693154" lat="50.0630080" lon="19.9373530"/>
 <node id="3085241973" visible="true" version="1" changeset="25529725" timestamp="2014-09-18T20:48:48Z" user="Władysław Komorek" uid="693154" lat="50.0630135" lon="19.9376011"/>
 <node id="3085241975" visible="true" version="1" changeset="25529725" timestamp="2014-09-18T20:48:49Z" user="Władysław Komorek" uid="693154" lat="50.0630327" lon="19.9373723"/>
 <node id="3085242326" visible="true" version="1" changeset="25529725" timestamp="2014-09-18T20:48:33Z" user="Władysław Komorek" uid="693154" lat="50.0624966" lon="19.9380340"/>
 <node id="3085242327" visible="true" version="1" changeset="25529725" timestamp="2014-09-18T20:48:34Z" user="Władysław Komorek" uid="693154" lat="50.0625887" lon="19.9377002"/>
 <node id="3085242328" visible="true" version="1" changeset="25529725" timestamp="2014-09-18T20:48:34Z" user="Władysław Komorek" uid="693154" lat="50.0626507" lon="19.9374852"/>
 <node id="3085242329" visible="true" version="1" changeset="25529725" timestamp="2014-09-18T20:48:34Z" user="Władysław Komorek" uid="693154" lat="50.0626647" lon="19.9374552"/>
 <node id="3085242332" visible="true" version="1" changeset="25529725" timestamp="2014-09-18T20:48:35Z" user="Władysław Komorek" uid="693154" lat="50.0626721" lon="19.9374254"/>
 <node id="3085242655" visible="true" version="1" changeset="25529725" timestamp="2014-09-18T20:48:35Z" user="Władysław Komorek" uid="693154" lat="50.0626737" lon="19.9374268"/>
 <node id="3085242656" visible="true" version="1" changeset="25529725" timestamp="2014-09-18T20:48:36Z" user="Władysław Komorek" uid="693154" lat="50.0627312" lon="19.9381979"/>
 <node id="3085242657" visible="true" version="1" changeset="25529725" timestamp="2014-09-18T20:48:36Z" user="Władysław Komorek" uid="693154" lat="50.0627364" lon="19.9382018"/>
 <node id="3085242658" visible="true" version="1" changeset="25529725" timestamp="2014-09-18T20:48:36Z" user="Władysław Komorek" uid="693154" lat="50.0627459" lon="19.9379606"/>
 <node id="3085242659" visible="true" version="1" changeset="25529725" timestamp="2014-09-18T20:48:37Z" user="Władysław Komorek" uid="693154" lat="50.0627635" lon="19.9378926"/>
 <node id="3085242660" visible="true" version="1" changeset="25529725" timestamp="2014-09-18T20:48:37Z" user="Władysław Komorek" uid="693154" lat="50.0627787" lon="19.9371278"/>
 <node id="3085242661" visible="true" version="1" changeset="25529725" timestamp="2014-09-18T20:48:38Z" user="Władysław Komorek" uid="693154" lat="50.0628152" lon="19.9377766"/>
 <node id="3085242662" visible="true" version="1" changeset="25529725" timestamp="2014-09-18T20:48:38Z" user="Władysław Komorek" uid="693154" lat="50.0628289" lon="19.9369900"/>
 <node id="3085242663" visible="true" version="1" changeset="25529725" timestamp="2014-09-18T20:48:38Z" user="Władysław Komorek" uid="693154" lat="50.0628340" lon="19.9377176"/>
 <node id="3085242664" visible="true" version="1" changeset="25529725" timestamp="2014-09-18T20:48:39Z" user="Władysław Komorek" uid="693154" lat="50.0628568" lon="19.9374862"/>
 <node id="3085242665" visible="true" version="1" changeset="25529725" timestamp="2014-09-18T20:48:39Z" user="Władysław Komorek" uid="693154" lat="50.0628689" lon="19.9374778"/>
 <node id="3085242666" visible="true" version="1" changeset="25529725" timestamp="2014-09-18T20:48:40Z" user="Władysław Komorek" uid="693154" lat="50.0628841" lon="19.9376993"/>
 <node id="3085242733" visible="true" version="1" changeset="25529725" timestamp="2014-09-18T20:48:35Z" user="Władysław Komorek" uid="693154" lat="50.0627069" lon="19.9381734"/>
 <node id="3085242734" visible="true" version="1" changeset="25529725" timestamp="2014-09-18T20:48:36Z" user="Władysław Komorek" uid="693154" lat="50.0627332" lon="19.9381914"/>
 <node id="3085242735" visible="true" version="1" changeset="25529725" timestamp="2014-09-18T20:48:36Z" user="Władysław Komorek" uid="693154" lat="50.0627383" lon="19.9381956"/>
 <node id="3085242736" visible="true" version="1" changeset="25529725" timestamp="2014-09-18T20:48:36Z" user="Władysław Komorek" uid="693154" lat="50.0627610" lon="19.9379029"/>
 <node id="3085242737" visible="true" version="1" changeset="25529725" timestamp="2014-09-18T20:48:37Z" user="Władysław Komorek" uid="693154" lat="50.0627774" lon="19.9371266"/>
 <node id="3085242738" visible="true" version="1" changeset="25529725" timestamp="2014-09-18T20:48:37Z" user="Władysław Komorek" uid="693154" lat="50.0628139" lon="19.9376144"/>
 <node id="3085242739" visible="true" version="1" changeset="25529725" timestamp="2014-09-18T20:48:38Z" user="Władysław Komorek" uid="693154" lat="50.0628278" lon="19.9380133"/>
 <node id="3085242740" visible="true" version="1" changeset="25529725" timestamp="2014-09-18T20:48:38Z" user="Władysław Komorek" uid="693154" lat="50.0628335" lon="19.9377192"/>
 <node id="3085242741" visible="true" version="1" changeset="25529725" timestamp="2014-09-18T20:48:39Z" user="Władysław Komorek" uid="693154" lat="50.0628483" lon="19.9376765"/>
 <node id="3085242742" visible="true" version="1" changeset="25529725" timestamp="2014-09-18T20:48:39Z" user="Władysław Komorek" uid="693154" lat="50.0628683" lon="19.9374799"/>
 <node id="3085242743" visible="true" version="1" changeset="25529725" timestamp="2014-09-18T20:48:40Z" user="Władysław Komorek" uid="693154" lat="50.0628836" lon="19.9377495"/>
 <node id="3085242748" visible="true" version="1" changeset="25529725" timestamp="2014-09-18T20:48:42Z" user="Władysław Komorek" uid="693154" lat="50.0629177" lon="19.9380124"/>
 <node id="3085264791" visible="true" version="1" changeset="25530048" timestamp="2014-09-18T21:08:40Z" user="Władysław Komorek" uid="693154" lat="50.0622542" lon="19.9363492"/>
 <node id="3085264792" visible="true" version="1" changeset="25530048" timestamp="2014-09-18T21:08:40Z" user="Władysław Komorek" uid="693154" lat="50.0622542" lon="19.9363708"/>
 <node id="3085264794" visible="true" version="1" changeset="25530048" timestamp="2014-09-18T21:09:20Z" user="Władysław Komorek" uid="693154" lat="50.0624513" lon="19.9379244"/>
 <node id="3085264795" visible="true" version="1" changeset="25530048" timestamp="2014-09-18T21:09:20Z" user="Władysław Komorek" uid="693154" lat="50.0624516" lon="19.9365349"/>
 <node id="3085264796" visible="true" version="1" changeset="25530048" timestamp="2014-09-18T21:09:20Z" user="Władysław Komorek" uid="693154" lat="50.0624520" lon="19.9365261"/>
 <node id="3085264797" visible="true" version="1" changeset="25530048" timestamp="2014-09-18T21:09:20Z" user="Władysław Komorek" uid="693154" lat="50.0624521" lon="19.9365319"/>
 <node id="3085264798" visible="true" version="1" changeset="25530048" timestamp="2014-09-18T21:09:20Z" user="Władysław Komorek" uid="693154" lat="50.0624522" lon="19.9365290"/>
 <node id="3085264799" visible="true" version="1" changeset="25530048" timestamp="2014-09-18T21:09:20Z" user="Władysław Komorek" uid="693154" lat="50.0624530" lon="19.9378980"/>
 <node id="3085264800" visible="true" version="1" changeset="25530048" timestamp="2014-09-18T21:09:20Z" user="Władysław Komorek" uid="693154" lat="50.0624531" lon="19.9379256"/>
 <node id="3085264801" visible="true" version="1" changeset="25530048" timestamp="2014-09-18T21:09:21Z" user="Władysław Komorek" uid="693154" lat="50.0624549" lon="19.9378974"/>
 <node id="3085264802" visible="true" version="1" changeset="25530048" timestamp="2014-09-18T21:09:21Z" user="Władysław Komorek" uid="693154" lat="50.0624550" lon="19.9379262"/>
 <node id="3085264803" visible="true" version="1" changeset="25530048" timestamp="2014-09-18T21:09:21Z" user="Władysław Komorek" uid="693154" lat="50.0624564" lon="19.9379117">
  <tag k="leaf_type" v="broadleaved"/>
  <tag k="natural" v="tree"/>
 </node>
 <node id="3085264804" visible="true" version="1" changeset="25530048" timestamp="2014-09-18T21:09:21Z" user="Władysław Komorek" uid="693154" lat="50.0624568" lon="19.9378974"/>
 <node id="3085264805" visible="true" version="1" changeset="25530048" timestamp="2014-09-18T21:09:21Z" user="Władysław Komorek" uid="693154" lat="50.0624570" lon="19.9379262"/>
 <node id="3085264806" visible="true" version="1" changeset="25530048" timestamp="2014-09-18T21:09:21Z" user="Władysław Komorek" uid="693154" lat="50.0624586" lon="19.9378979"/>
 <node id="3085264807" visible="true" version="1" changeset="25530048" timestamp="2014-09-18T21:09:21Z" user="Władysław Komorek" uid="693154" lat="50.0624590" lon="19.9379255"/>
 <node id="3085264808" visible="true" version="1" changeset="25530048" timestamp="2014-09-18T21:09:22Z" user="Władysław Komorek" uid="693154" lat="50.0624604" lon="19.9378991"/>
 <node id="3085264809" visible="true" version="1" changeset="25530048" timestamp="2014-09-18T21:09:22Z" user="Władysław Komorek" uid="693154" lat="50.0624608" lon="19.9379241"/>
 <node id="3085264810" visible="true" version="1" changeset="25530048" timestamp="2014-09-18T21:09:22Z" user="Władysław Komorek" uid="693154" lat="50.0624619" lon="19.9379008"/>
 <node id="3085264811" visible="true" version="1" changeset="25530048" timestamp="2014-09-18T21:09:22Z" user="Władysław Komorek" uid="693154" lat="50.0624624" lon="19.9379222"/>
 <node id="3085264812" visible="true" version="1" changeset="25530048" timestamp="2014-09-18T21:09:22Z" user="Władysław Komorek" uid="693154" lat="50.0624632" lon="19.9379029"/>
 <node id="3085264813" visible="true" version="1" changeset="25530048" timestamp="2014-09-18T21:09:22Z" user="Władysław Komorek" uid="693154" lat="50.0624636" lon="19.9379198"/>
 <node id="3085264814" visible="true" version="1" changeset="25530048" timestamp="2014-09-18T21:09:22Z" user="Władysław Komorek" uid="693154" lat="50.0624642" lon="19.9379054"/>
 <node id="3085264815" visible="true" version="1" changeset="25530048" timestamp="2014-09-18T21:09:23Z" user="Władysław Komorek" uid="693154" lat="50.0624646" lon="19.9379171"/>
 <node id="3085264816" visible="true" version="1" changeset="25530048" timestamp="2014-09-18T21:09:23Z" user="Władysław Komorek" uid="693154" lat="50.0624649" lon="19.9379082"/>
 <node id="3085264817" visible="true" version="1" changeset="25530048" timestamp="2014-09-18T21:09:23Z" user="Władysław Komorek" uid="693154" lat="50.0624651" lon="19.9379141"/>
 <node id="3085264818" visible="true" version="1" changeset="25530048" timestamp="2014-09-18T21:09:23Z" user="Władysław Komorek" uid="693154" lat="50.0624652" lon="19.9379111"/>
 <node id="3085264819" visible="true" version="1" changeset="25530048" timestamp="2014-09-18T21:09:23Z" user="Władysław Komorek" uid="693154" lat="50.0624805" lon="19.9378112"/>
 <node id="3085264820" visible="true" version="1" changeset="25530048" timestamp="2014-09-18T21:09:23Z" user="Władysław Komorek" uid="693154" lat="50.0624807" lon="19.9378081"/>
 <node id="3085264821" visible="true" version="1" changeset="25530048" timestamp="2014-09-18T21:09:24Z" user="Władysław Komorek" uid="693154" lat="50.0624807" lon="19.9378142"/>
 <node id="3085264822" visible="true" version="1" changeset="25530048" timestamp="2014-09-18T21:09:24Z" user="Władysław Komorek" uid="693154" lat="50.0624813" lon="19.9378053"/>
 <node id="3085264823" visible="true" version="1" changeset="25530048" timestamp="2014-09-18T21:09:24Z" user="Władysław Komorek" uid="693154" lat="50.0624813" lon="19.9378171"/>
 <node id="3085264824" visible="true" version="1" changeset="25530048" timestamp="2014-09-18T21:09:24Z" user="Władysław Komorek" uid="693154" lat="50.0624823" lon="19.9378026"/>
 <node id="3085264825" visible="true" version="1" changeset="25530048" timestamp="2014-09-18T21:09:24Z" user="Władysław Komorek" uid="693154" lat="50.0624823" lon="19.9378197"/>
 <node id="3085264826" visible="true" version="1" changeset="25530048" timestamp="2014-09-18T21:09:24Z" user="Władysław Komorek" uid="693154" lat="50.0624836" lon="19.9378004"/>
 <node id="3085264828" visible="true" version="1" changeset="25530048" timestamp="2014-09-18T21:09:25Z" user="Władysław Komorek" uid="693154" lat="50.0624852" lon="19.9378238"/>
 <node id="3085264829" visible="true" version="1" changeset="25530048" timestamp="2014-09-18T21:09:25Z" user="Władysław Komorek" uid="693154" lat="50.0624870" lon="19.9377974"/>
 <node id="3085264830" visible="true" version="1" changeset="25530048" timestamp="2014-09-18T21:09:25Z" user="Władysław Komorek" uid="693154" lat="50.0624870" lon="19.9378251"/>
 <node id="3085264831" visible="true" version="1" changeset="25530048" timestamp="2014-09-18T21:09:25Z" user="Władysław Komorek" uid="693154" lat="50.0624888" lon="19.9377968"/>
 <node id="3085264832" visible="true" version="1" changeset="25530048" timestamp="2014-09-18T21:09:25Z" user="Władysław Komorek" uid="693154" lat="50.0624890" lon="19.9378257"/>
 <node id="3085266068" visible="true" version="1" changeset="25530048" timestamp="2014-09-18T21:08:02Z" user="Władysław Komorek" uid="693154" lat="50.0620001" lon="19.9361184"/>
 <node id="3085266069" visible="true" version="1" changeset="25530048" timestamp="2014-09-18T21:08:03Z" user="Władysław Komorek" uid="693154" lat="50.0620015" lon="19.9361058"/>
 <node id="3085266074" visible="true" version="1" changeset="25530048" timestamp="2014-09-18T21:08:30Z" user="Władysław Komorek" uid="693154" lat="50.0622059" lon="19.9362923"/>
 <node id="3085266075" visible="true" version="1" changeset="25530048" timestamp="2014-09-18T21:08:31Z" user="Władysław Komorek" uid="693154" lat="50.0622069" lon="19.9362948"/>
 <node id="3085266076" visible="true" version="1" changeset="25530048" timestamp="2014-09-18T21:08:31Z" user="Władysław Komorek" uid="693154" lat="50.0622072" lon="19.9363065"/>
 <node id="3085266077" visible="true" version="1" changeset="25530048" timestamp="2014-09-18T21:08:31Z" user="Władysław Komorek" uid="693154" lat="50.0622076" lon="19.9362976"/>
 <node id="3085266078" visible="true" version="1" changeset="25530048" timestamp="2014-09-18T21:08:31Z" user="Władysław Komorek" uid="693154" lat="50.0622077" lon="19.9363035"/>
 <node id="3085266079" visible="true" version="1" changeset="25530048" timestamp="2014-09-18T21:08:31Z" user="Władysław Komorek" uid="693154" lat="50.0622078" lon="19.9363005"/>
 <node id="3085266090" visible="true" version="1" changeset="25530048" timestamp="2014-09-18T21:08:38Z" user="Władysław Komorek" uid="693154" lat="50.0622511" lon="19.9363600"/>
 <node id="3085266091" visible="true" version="1" changeset="25530048" timestamp="2014-09-18T21:08:38Z" user="Władysław Komorek" uid="693154" lat="50.0622513" lon="19.9363569"/>
 <node id="3085266092" visible="true" version="1" changeset="25530048" timestamp="2014-09-18T21:08:39Z" user="Władysław Komorek" uid="693154" lat="50.0622513" lon="19.9363630"/>
 <node id="3085266093" visible="true" version="1" changeset="25530048" timestamp="2014-09-18T21:08:39Z" user="Władysław Komorek" uid="693154" lat="50.0622519" lon="19.9363541"/>
 <node id="3085266094" visible="true" version="1" changeset="25530048" timestamp="2014-09-18T21:08:39Z" user="Władysław Komorek" uid="693154" lat="50.0622519" lon="19.9363659"/>
 <node id="3085274594" visible="true" version="1" changeset="25530048" timestamp="2014-09-18T21:07:59Z" user="Władysław Komorek" uid="693154" lat="50.0619886" lon="19.9360947"/>
 <node id="3085274595" visible="true" version="1" changeset="25530048" timestamp="2014-09-18T21:08:02Z" user="Władysław Komorek" uid="693154" lat="50.0619970" lon="19.9361231"/>
 <node id="3085274596" visible="true" version="1" changeset="25530048" timestamp="2014-09-18T21:08:02Z" user="Władysław Komorek" uid="693154" lat="50.0619997" lon="19.9361000"/>
 <node id="3085274597" visible="true" version="1" changeset="25530048" timestamp="2014-09-18T21:08:03Z" user="Władysław Komorek" uid="693154" lat="50.0620011" lon="19.9361154"/>
 <node id="3085274598" visible="true" version="1" changeset="25530048" timestamp="2014-09-18T21:08:03Z" user="Władysław Komorek" uid="693154" lat="50.0620018" lon="19.9361089"/>
 <node id="3085275866" visible="true" version="1" changeset="25530048" timestamp="2014-09-18T21:07:57Z" user="Władysław Komorek" uid="693154" lat="50.0619817" lon="19.9361129"/>
 <node id="3085275867" visible="true" version="1" changeset="25530048" timestamp="2014-09-18T21:07:58Z" user="Władysław Komorek" uid="693154" lat="50.0619824" lon="19.9361161"/>
 <node id="3085275868" visible="true" version="1" changeset="25530048" timestamp="2014-09-18T21:07:58Z" user="Władysław Komorek" uid="693154" lat="50.0619849" lon="19.9360979"/>
 <node id="3085275869" visible="true" version="1" changeset="25530048" timestamp="2014-09-18T21:07:59Z" user="Władysław Komorek" uid="693154" lat="50.0619867" lon="19.9360959"/>
 <node id="3085275870" visible="true" version="1" changeset="25530048" timestamp="2014-09-18T21:07:59Z" user="Władysław Komorek" uid="693154" lat="50.0619906" lon="19.9360940"/>
 <node id="3085275871" visible="true" version="1" changeset="25530048" timestamp="2014-09-18T21:07:59Z" user="Władysław Komorek" uid="693154" lat="50.0619908" lon="19.9361254"/>
 <node id="3085275872" visible="true" version="1" changeset="25530048" timestamp="2014-09-18T21:08:00Z" user="Władysław Komorek" uid="693154" lat="50.0619918" lon="19.9361091">
  <tag k="leaf_type" v="broadleaved"/>
  <tag k="natural" v="tree"/>
 </node>
 <node id="3085275873" visible="true" version="1" changeset="25530048" timestamp="2014-09-18T21:08:00Z" user="Władysław Komorek" uid="693154" lat="50.0619926" lon="19.9360940"/>
 <node id="3085275874" visible="true" version="1" changeset="25530048" timestamp="2014-09-18T21:08:01Z" user="Władysław Komorek" uid="693154" lat="50.0619966" lon="19.9360959"/>
 <node id="3085275875" visible="true" version="1" changeset="25530048" timestamp="2014-09-18T21:08:02Z" user="Władysław Komorek" uid="693154" lat="50.0619987" lon="19.9361210"/>
 <node id="3085275876" visible="true" version="1" changeset="25530048" timestamp="2014-09-18T21:08:02Z" user="Władysław Komorek" uid="693154" lat="50.0620008" lon="19.9361027"/>
 <node id="3085275877" visible="true" version="1" changeset="25530048" timestamp="2014-09-18T21:08:03Z" user="Władysław Komorek" uid="693154" lat="50.0620017" lon="19.9361122"/>
 <node id="3085276465" visible="true" version="1" changeset="25530048" timestamp="2014-09-18T21:07:58Z" user="Władysław Komorek" uid="693154" lat="50.0619824" lon="19.9361032"/>
 <node id="3085276466" visible="true" version="1" changeset="25530048" timestamp="2014-09-18T21:07:58Z" user="Władysław Komorek" uid="693154" lat="50.0619835" lon="19.9361003"/>
 <node id="3085276467" visible="true" version="1" changeset="25530048" timestamp="2014-09-18T21:07:59Z" user="Władysław Komorek" uid="693154" lat="50.0619866" lon="19.9361234"/>
 <node id="3085276468" visible="true" version="1" changeset="25530048" timestamp="2014-09-18T21:07:59Z" user="Władysław Komorek" uid="693154" lat="50.0619886" lon="19.9361248"/>
 <node id="3085276469" visible="true" version="1" changeset="25530048" timestamp="2014-09-18T21:08:00Z" user="Władysław Komorek" uid="693154" lat="50.0619929" lon="19.9361254"/>
 <node id="3085276470" visible="true" version="1" changeset="25530048" timestamp="2014-09-18T21:08:01Z" user="Władysław Komorek" uid="693154" lat="50.0619950" lon="19.9361246"/>
 <node id="3085276471" visible="true" version="1" changeset="25530048" timestamp="2014-09-18T21:08:02Z" user="Władysław Komorek" uid="693154" lat="50.0619983" lon="19.9360977"/>
 <node id="3085276947" visible="true" version="1" changeset="25530048" timestamp="2014-09-18T21:07:57Z" user="Władysław Komorek" uid="693154" lat="50.0619815" lon="19.9361096"/>
 <node id="3085276948" visible="true" version="1" changeset="25530048" timestamp="2014-09-18T21:07:58Z" user="Władysław Komorek" uid="693154" lat="50.0619818" lon="19.9361063"/>
 <node id="3085276949" visible="true" version="1" changeset="25530048" timestamp="2014-09-18T21:07:58Z" user="Władysław Komorek" uid="693154" lat="50.0619834" lon="19.9361190"/>
 <node id="3085276950" visible="true" version="1" changeset="25530048" timestamp="2014-09-18T21:07:58Z" user="Władysław Komorek" uid="693154" lat="50.0619849" lon="19.9361214"/>
 <node id="3085277033" visible="true" version="1" changeset="25530048" timestamp="2014-09-18T21:08:01Z" user="Władysław Komorek" uid="693154" lat="50.0619947" lon="19.9360946"/>
 <node id="3085277037" visible="true" version="1" changeset="25530048" timestamp="2014-09-18T21:08:16Z" user="Władysław Komorek" uid="693154" lat="50.0621366" lon="19.9362537"/>
 <node id="3085277038" visible="true" version="1" changeset="25530048" timestamp="2014-09-18T21:08:16Z" user="Władysław Komorek" uid="693154" lat="50.0621368" lon="19.9362567"/>
 <node id="3085277039" visible="true" version="1" changeset="25530048" timestamp="2014-09-18T21:08:17Z" user="Władysław Komorek" uid="693154" lat="50.0621374" lon="19.9362478"/>
 <node id="3085277041" visible="true" version="1" changeset="25530048" timestamp="2014-09-18T21:08:17Z" user="Władysław Komorek" uid="693154" lat="50.0621384" lon="19.9362452"/>
 <node id="3085277044" visible="true" version="1" changeset="25530048" timestamp="2014-09-18T21:08:18Z" user="Władysław Komorek" uid="693154" lat="50.0621397" lon="19.9362646"/>
 <node id="3085277045" visible="true" version="1" changeset="25530048" timestamp="2014-09-18T21:08:18Z" user="Władysław Komorek" uid="693154" lat="50.0621413" lon="19.9362412"/>
 <node id="3085277046" visible="true" version="1" changeset="25530048" timestamp="2014-09-18T21:08:19Z" user="Władysław Komorek" uid="693154" lat="50.0621431" lon="19.9362400"/>
 <node id="3085277047" visible="true" version="1" changeset="25530048" timestamp="2014-09-18T21:08:19Z" user="Władysław Komorek" uid="693154" lat="50.0621449" lon="19.9362394"/>
 <node id="3085277048" visible="true" version="1" changeset="25530048" timestamp="2014-09-18T21:08:19Z" user="Władysław Komorek" uid="693154" lat="50.0621455" lon="19.9362534">
  <tag k="leaf_type" v="broadleaved"/>
  <tag k="natural" v="tree"/>
 </node>
 <node id="3085277282" visible="true" version="1" changeset="25530048" timestamp="2014-09-18T21:09:59Z" user="Władysław Komorek" uid="693154" lat="50.0627188" lon="19.9371267"/>
 <node id="3085277283" visible="true" version="1" changeset="25530048" timestamp="2014-09-18T21:10:00Z" user="Władysław Komorek" uid="693154" lat="50.0627197" lon="19.9371239"/>
 <node id="3085277284" visible="true" version="1" changeset="25530048" timestamp="2014-09-18T21:10:00Z" user="Władysław Komorek" uid="693154" lat="50.0627203" lon="19.9371209"/>
 <node id="3085277422" visible="true" version="1" changeset="25530048" timestamp="2014-09-18T21:08:16Z" user="Władysław Komorek" uid="693154" lat="50.0621368" lon="19.9362507"/>
 <node id="3085277424" visible="true" version="1" changeset="25530048" timestamp="2014-09-18T21:08:17Z" user="Władysław Komorek" uid="693154" lat="50.0621374" lon="19.9362596"/>
 <node id="3085277426" visible="true" version="1" changeset="25530048" timestamp="2014-09-18T21:08:17Z" user="Władysław Komorek" uid="693154" lat="50.0621384" lon="19.9362623"/>
 <node id="3085277429" visible="true" version="1" changeset="25530048" timestamp="2014-09-18T21:08:18Z" user="Władysław Komorek" uid="693154" lat="50.0621398" lon="19.9362429"/>
 <node id="3085277430" visible="true" version="1" changeset="25530048" timestamp="2014-09-18T21:08:18Z" user="Władysław Komorek" uid="693154" lat="50.0621413" lon="19.9362664"/>
 <node id="3085277431" visible="true" version="1" changeset="25530048" timestamp="2014-09-18T21:08:19Z" user="Władysław Komorek" uid="693154" lat="50.0621431" lon="19.9362676"/>
 <node id="3085277432" visible="true" version="1" changeset="25530048" timestamp="2014-09-18T21:08:19Z" user="Władysław Komorek" uid="693154" lat="50.0621451" lon="19.9362682"/>
 <node id="3085277734" visible="true" version="1" changeset="25530048" timestamp="2014-09-18T21:08:29Z" user="Władysław Komorek" uid="693154" lat="50.0622016" lon="19.9363149"/>
 <node id="3085277738" visible="true" version="1" changeset="25530048" timestamp="2014-09-18T21:08:29Z" user="Władysław Komorek" uid="693154" lat="50.0622030" lon="19.9362885"/>
 <node id="3085277749" visible="true" version="1" changeset="25530048" timestamp="2014-09-18T21:09:47Z" user="Władysław Komorek" uid="693154" lat="50.0626109" lon="19.9373986"/>
 <node id="3085277750" visible="true" version="1" changeset="25530048" timestamp="2014-09-18T21:09:48Z" user="Władysław Komorek" uid="693154" lat="50.0626125" lon="19.9373968"/>
 <node id="3085277751" visible="true" version="1" changeset="25530048" timestamp="2014-09-18T21:09:48Z" user="Władysław Komorek" uid="693154" lat="50.0626142" lon="19.9373956"/>
 <node id="3085277752" visible="true" version="1" changeset="25530048" timestamp="2014-09-18T21:09:48Z" user="Władysław Komorek" uid="693154" lat="50.0626143" lon="19.9374233"/>
 <node id="3085277753" visible="true" version="1" changeset="25530048" timestamp="2014-09-18T21:09:48Z" user="Władysław Komorek" uid="693154" lat="50.0626161" lon="19.9373950"/>
 <node id="3085277754" visible="true" version="1" changeset="25530048" timestamp="2014-09-18T21:09:48Z" user="Władysław Komorek" uid="693154" lat="50.0626162" lon="19.9374239"/>
 <node id="3085277755" visible="true" version="1" changeset="25530048" timestamp="2014-09-18T21:09:49Z" user="Władysław Komorek" uid="693154" lat="50.0626179" lon="19.9374096">
  <tag k="leaf_type" v="broadleaved"/>
  <tag k="natural" v="tree"/>
 </node>
 <node id="3085277756" visible="true" version="1" changeset="25530048" timestamp="2014-09-18T21:09:50Z" user="Władysław Komorek" uid="693154" lat="50.0626236" lon="19.9374199"/>
 <node id="3085277757" visible="true" version="1" changeset="25530048" timestamp="2014-09-18T21:09:53Z" user="Władysław Komorek" uid="693154" lat="50.0626458" lon="19.9373028"/>
 <node id="3085277758" visible="true" version="1" changeset="25530048" timestamp="2014-09-18T21:09:53Z" user="Władysław Komorek" uid="693154" lat="50.0626479" lon="19.9373316"/>
 <node id="3085277759" visible="true" version="1" changeset="25530048" timestamp="2014-09-18T21:09:54Z" user="Władysław Komorek" uid="693154" lat="50.0626528" lon="19.9373062"/>
 <node id="3085277760" visible="true" version="1" changeset="25530048" timestamp="2014-09-18T21:09:54Z" user="Władysław Komorek" uid="693154" lat="50.0626533" lon="19.9373276"/>
 <node id="3085277761" visible="true" version="1" changeset="25530048" timestamp="2014-09-18T21:09:54Z" user="Władysław Komorek" uid="693154" lat="50.0626541" lon="19.9373083"/>
 <node id="3085277762" visible="true" version="1" changeset="25530048" timestamp="2014-09-18T21:09:55Z" user="Władysław Komorek" uid="693154" lat="50.0626545" lon="19.9373252"/>
 <node id="3085277763" visible="true" version="1" changeset="25530048" timestamp="2014-09-18T21:09:55Z" user="Władysław Komorek" uid="693154" lat="50.0626555" lon="19.9373225"/>
 <node id="3085277764" visible="true" version="1" changeset="25530048" timestamp="2014-09-18T21:09:55Z" user="Władysław Komorek" uid="693154" lat="50.0626560" lon="19.9373195"/>
 <node id="3085277765" visible="true" version="1" changeset="25530048" timestamp="2014-09-18T21:09:56Z" user="Władysław Komorek" uid="693154" lat="50.0627018" lon="19.9371186"/>
 <node id="3085277833" visible="true" version="1" changeset="25530048" timestamp="2014-09-18T21:08:19Z" user="Władysław Komorek" uid="693154" lat="50.0621468" lon="19.9362394"/>
 <node id="3085277834" visible="true" version="1" changeset="25530048" timestamp="2014-09-18T21:08:20Z" user="Władysław Komorek" uid="693154" lat="50.0621471" lon="19.9362682"/>
 <node id="3085277835" visible="true" version="1" changeset="25530048" timestamp="2014-09-18T21:08:20Z" user="Władysław Komorek" uid="693154" lat="50.0621487" lon="19.9362399"/>
 <node id="3085277836" visible="true" version="1" changeset="25530048" timestamp="2014-09-18T21:08:20Z" user="Władysław Komorek" uid="693154" lat="50.0621490" lon="19.9362675"/>
 <node id="3085277837" visible="true" version="1" changeset="25530048" timestamp="2014-09-18T21:08:20Z" user="Władysław Komorek" uid="693154" lat="50.0621504" lon="19.9362411"/>
 <node id="3085277838" visible="true" version="1" changeset="25530048" timestamp="2014-09-18T21:08:20Z" user="Władysław Komorek" uid="693154" lat="50.0621508" lon="19.9362661"/>
 <node id="3085277839" visible="true" version="1" changeset="25530048" timestamp="2014-09-18T21:08:20Z" user="Władysław Komorek" uid="693154" lat="50.0621520" lon="19.9362428"/>
 <node id="3085277840" visible="true" version="1" changeset="25530048" timestamp="2014-09-18T21:08:20Z" user="Władysław Komorek" uid="693154" lat="50.0621524" lon="19.9362642"/>
 <node id="3085277841" visible="true" version="1" changeset="25530048" timestamp="2014-09-18T21:08:21Z" user="Władysław Komorek" uid="693154" lat="50.0621533" lon="19.9362449"/>
 <node id="3085277842" visible="true" version="1" changeset="25530048" timestamp="2014-09-18T21:08:21Z" user="Władysław Komorek" uid="693154" lat="50.0621537" lon="19.9362618"/>
 <node id="3085277843" visible="true" version="1" changeset="25530048" timestamp="2014-09-18T21:08:21Z" user="Władysław Komorek" uid="693154" lat="50.0621543" lon="19.9362474"/>
 <node id="3085277844" visible="true" version="1" changeset="25530048" timestamp="2014-09-18T21:08:21Z" user="Władysław Komorek" uid="693154" lat="50.0621546" lon="19.9362590"/>
 <node id="3085277845" visible="true" version="1" changeset="25530048" timestamp="2014-09-18T21:08:21Z" user="Władysław Komorek" uid="693154" lat="50.0621549" lon="19.9362502"/>
 <node id="3085277846" visible="true" version="1" changeset="25530048" timestamp="2014-09-18T21:08:21Z" user="Władysław Komorek" uid="693154" lat="50.0621551" lon="19.9362560"/>
 <node id="3085277847" visible="true" version="1" changeset="25530048" timestamp="2014-09-18T21:08:22Z" user="Władysław Komorek" uid="693154" lat="50.0621552" lon="19.9362531"/>
 <node id="3085277856" visible="true" version="1" changeset="25530048" timestamp="2014-09-18T21:08:23Z" user="Władysław Komorek" uid="693154" lat="50.0621892" lon="19.9363011"/>
 <node id="3085277857" visible="true" version="1" changeset="25530048" timestamp="2014-09-18T21:08:23Z" user="Władysław Komorek" uid="693154" lat="50.0621894" lon="19.9362981"/>
 <node id="3085277858" visible="true" version="1" changeset="25530048" timestamp="2014-09-18T21:08:24Z" user="Władysław Komorek" uid="693154" lat="50.0621894" lon="19.9363042"/>
 <node id="3085277859" visible="true" version="1" changeset="25530048" timestamp="2014-09-18T21:08:24Z" user="Władysław Komorek" uid="693154" lat="50.0621900" lon="19.9363071"/>
 <node id="3085277862" visible="true" version="1" changeset="25530048" timestamp="2014-09-18T21:08:24Z" user="Władysław Komorek" uid="693154" lat="50.0621901" lon="19.9362952"/>
 <node id="3085277863" visible="true" version="1" changeset="25530048" timestamp="2014-09-18T21:08:24Z" user="Władysław Komorek" uid="693154" lat="50.0621910" lon="19.9362926"/>
 <node id="3085277864" visible="true" version="1" changeset="25530048" timestamp="2014-09-18T21:08:24Z" user="Władysław Komorek" uid="693154" lat="50.0621910" lon="19.9363097"/>
 <node id="3085277867" visible="true" version="1" changeset="25530048" timestamp="2014-09-18T21:08:25Z" user="Władysław Komorek" uid="693154" lat="50.0621923" lon="19.9363120"/>
 <node id="3085277868" visible="true" version="1" changeset="25530048" timestamp="2014-09-18T21:08:25Z" user="Władysław Komorek" uid="693154" lat="50.0621924" lon="19.9362904"/>
 <node id="3085277871" visible="true" version="1" changeset="25530048" timestamp="2014-09-18T21:08:26Z" user="Władysław Komorek" uid="693154" lat="50.0621939" lon="19.9363138"/>
 <node id="3085277872" visible="true" version="1" changeset="25530048" timestamp="2014-09-18T21:08:26Z" user="Władysław Komorek" uid="693154" lat="50.0621940" lon="19.9362886"/>
 <node id="3085277875" visible="true" version="1" changeset="25530048" timestamp="2014-09-18T21:08:26Z" user="Władysław Komorek" uid="693154" lat="50.0621957" lon="19.9362874"/>
 <node id="3085277876" visible="true" version="1" changeset="25530048" timestamp="2014-09-18T21:08:26Z" user="Władysław Komorek" uid="693154" lat="50.0621957" lon="19.9363150"/>
 <node id="3085277879" visible="true" version="1" changeset="25530048" timestamp="2014-09-18T21:08:27Z" user="Władysław Komorek" uid="693154" lat="50.0621975" lon="19.9362868"/>
 <node id="3085277880" visible="true" version="1" changeset="25530048" timestamp="2014-09-18T21:08:27Z" user="Władysław Komorek" uid="693154" lat="50.0621977" lon="19.9363157"/>
 <node id="3085277882" visible="true" version="1" changeset="25530048" timestamp="2014-09-18T21:08:27Z" user="Władysław Komorek" uid="693154" lat="50.0621988" lon="19.9363007">
  <tag k="leaf_type" v="broadleaved"/>
  <tag k="natural" v="tree"/>
 </node>
 <node id="3085277885" visible="true" version="1" changeset="25530048" timestamp="2014-09-18T21:08:28Z" user="Władysław Komorek" uid="693154" lat="50.0621994" lon="19.9362868"/>
 <node id="3085277886" visible="true" version="1" changeset="25530048" timestamp="2014-09-18T21:08:28Z" user="Władysław Komorek" uid="693154" lat="50.0621997" lon="19.9363156"/>
 <node id="3085277890" visible="true" version="1" changeset="25530048" timestamp="2014-09-18T21:08:28Z" user="Władysław Komorek" uid="693154" lat="50.0622013" lon="19.9362874"/>
 <node id="3085277892" visible="true" version="1" changeset="25530048" timestamp="2014-09-18T21:08:45Z" user="Władysław Komorek" uid="693154" lat="50.0622696" lon="19.9363623"/>
 <node id="3085277893" visible="true" version="1" changeset="25530048" timestamp="2014-09-18T21:08:45Z" user="Władysław Komorek" uid="693154" lat="50.0622697" lon="19.9363593"/>
 <node id="3085278194" visible="true" version="1" changeset="25530048" timestamp="2014-09-18T21:08:40Z" user="Władysław Komorek" uid="693154" lat="50.0622529" lon="19.9363514"/>
 <node id="3085278195" visible="true" version="1" changeset="25530048" timestamp="2014-09-18T21:08:40Z" user="Władysław Komorek" uid="693154" lat="50.0622529" lon="19.9363685"/>
 <node id="3085278196" visible="true" version="1" changeset="25530048" timestamp="2014-09-18T21:08:41Z" user="Władysław Komorek" uid="693154" lat="50.0622558" lon="19.9363474"/>
 <node id="3085278197" visible="true" version="1" changeset="25530048" timestamp="2014-09-18T21:08:41Z" user="Władysław Komorek" uid="693154" lat="50.0622558" lon="19.9363726"/>
 <node id="3085278201" visible="true" version="1" changeset="25530048" timestamp="2014-09-18T21:08:41Z" user="Władysław Komorek" uid="693154" lat="50.0622576" lon="19.9363462"/>
 <node id="3085278202" visible="true" version="1" changeset="25530048" timestamp="2014-09-18T21:08:41Z" user="Władysław Komorek" uid="693154" lat="50.0622576" lon="19.9363739"/>
 <node id="3085278205" visible="true" version="1" changeset="25530048" timestamp="2014-09-18T21:08:42Z" user="Władysław Komorek" uid="693154" lat="50.0622594" lon="19.9363456"/>
 <node id="3085278207" visible="true" version="1" changeset="25530048" timestamp="2014-09-18T21:08:42Z" user="Władysław Komorek" uid="693154" lat="50.0622596" lon="19.9363745"/>
 <node id="3085278211" visible="true" version="1" changeset="25530048" timestamp="2014-09-18T21:08:43Z" user="Władysław Komorek" uid="693154" lat="50.0622604" lon="19.9363590">
  <tag k="leaf_type" v="broadleaved"/>
  <tag k="natural" v="tree"/>
 </node>
 <node id="3085278213" visible="true" version="1" changeset="25530048" timestamp="2014-09-18T21:08:43Z" user="Władysław Komorek" uid="693154" lat="50.0622613" lon="19.9363456"/>
 <node id="3085278214" visible="true" version="1" changeset="25530048" timestamp="2014-09-18T21:08:43Z" user="Władysław Komorek" uid="693154" lat="50.0622616" lon="19.9363744"/>
 <node id="3085278215" visible="true" version="1" changeset="25530048" timestamp="2014-09-18T21:08:43Z" user="Władysław Komorek" uid="693154" lat="50.0622632" lon="19.9363462"/>
 <node id="3085278216" visible="true" version="1" changeset="25530048" timestamp="2014-09-18T21:08:44Z" user="Władysław Komorek" uid="693154" lat="50.0622635" lon="19.9363737"/>
 <node id="3085278217" visible="true" version="1" changeset="25530048" timestamp="2014-09-18T21:08:44Z" user="Władysław Komorek" uid="693154" lat="50.0622649" lon="19.9363473"/>
 <node id="3085278218" visible="true" version="1" changeset="25530048" timestamp="2014-09-18T21:08:44Z" user="Władysław Komorek" uid="693154" lat="50.0622653" lon="19.9363724"/>
 <node id="3085278219" visible="true" version="1" changeset="25530048" timestamp="2014-09-18T21:08:44Z" user="Władysław Komorek" uid="693154" lat="50.0622665" lon="19.9363490"/>
 <node id="3085278220" visible="true" version="1" changeset="25530048" timestamp="2014-09-18T21:08:44Z" user="Władysław Komorek" uid="693154" lat="50.0622669" lon="19.9363704"/>
 <node id="3085278221" visible="true" version="1" changeset="25530048" timestamp="2014-09-18T21:08:44Z" user="Władysław Komorek" uid="693154" lat="50.0622678" lon="19.9363512"/>
 <node id="3085278222" visible="true" version="1" changeset="25530048" timestamp="2014-09-18T21:08:44Z" user="Władysław Komorek" uid="693154" lat="50.0622682" lon="19.9363681"/>
 <node id="3085278223" visible="true" version="1" changeset="25530048" timestamp="2014-09-18T21:08:45Z" user="Władysław Komorek" uid="693154" lat="50.0622688" lon="19.9363537"/>
 <node id="3085278224" visible="true" version="1" changeset="25530048" timestamp="2014-09-18T21:08:45Z" user="Władysław Komorek" uid="693154" lat="50.0622691" lon="19.9363653"/>
 <node id="3085278225" visible="true" version="1" changeset="25530048" timestamp="2014-09-18T21:08:45Z" user="Władysław Komorek" uid="693154" lat="50.0622694" lon="19.9363564"/>
 <node id="3085278226" visible="true" version="1" changeset="25530048" timestamp="2014-09-18T21:09:51Z" user="Władysław Komorek" uid="693154" lat="50.0626375" lon="19.9373172"/>
 <node id="3085278227" visible="true" version="1" changeset="25530048" timestamp="2014-09-18T21:09:51Z" user="Władysław Komorek" uid="693154" lat="50.0626377" lon="19.9373141"/>
 <node id="3085278229" visible="true" version="1" changeset="25530048" timestamp="2014-09-18T21:10:00Z" user="Władysław Komorek" uid="693154" lat="50.0627330" lon="19.9370191"/>
 <node id="3085278230" visible="true" version="1" changeset="25530048" timestamp="2014-09-18T21:10:01Z" user="Władysław Komorek" uid="693154" lat="50.0627332" lon="19.9370221"/>
 <node id="3085278231" visible="true" version="1" changeset="25530048" timestamp="2014-09-18T21:10:01Z" user="Władysław Komorek" uid="693154" lat="50.0627338" lon="19.9370250"/>
 <node id="3085278232" visible="true" version="1" changeset="25530048" timestamp="2014-09-18T21:10:01Z" user="Władysław Komorek" uid="693154" lat="50.0627348" lon="19.9370105"/>
 <node id="3085278233" visible="true" version="1" changeset="25530048" timestamp="2014-09-18T21:08:30Z" user="Władysław Komorek" uid="693154" lat="50.0622034" lon="19.9363135"/>
 <node id="3085278234" visible="true" version="1" changeset="25530048" timestamp="2014-09-18T21:08:30Z" user="Władysław Komorek" uid="693154" lat="50.0622046" lon="19.9362902"/>
 <node id="3085278235" visible="true" version="1" changeset="25530048" timestamp="2014-09-18T21:08:30Z" user="Władysław Komorek" uid="693154" lat="50.0622050" lon="19.9363116"/>
 <node id="3085278236" visible="true" version="1" changeset="25530048" timestamp="2014-09-18T21:08:30Z" user="Władysław Komorek" uid="693154" lat="50.0622063" lon="19.9363092"/>
 <node id="3085278492" visible="true" version="1" changeset="25530048" timestamp="2014-09-18T21:09:49Z" user="Władysław Komorek" uid="693154" lat="50.0626180" lon="19.9373950"/>
 <node id="3085278493" visible="true" version="1" changeset="25530048" timestamp="2014-09-18T21:09:49Z" user="Władysław Komorek" uid="693154" lat="50.0626182" lon="19.9374238"/>
 <node id="3085278494" visible="true" version="1" changeset="25530048" timestamp="2014-09-18T21:09:49Z" user="Władysław Komorek" uid="693154" lat="50.0626198" lon="19.9373956"/>
 <node id="3085278495" visible="true" version="1" changeset="25530048" timestamp="2014-09-18T21:09:49Z" user="Władysław Komorek" uid="693154" lat="50.0626202" lon="19.9374231"/>
 <node id="3085278496" visible="true" version="1" changeset="25530048" timestamp="2014-09-18T21:09:49Z" user="Władysław Komorek" uid="693154" lat="50.0626216" lon="19.9373968"/>
 <node id="3085278501" visible="true" version="1" changeset="25530048" timestamp="2014-09-18T21:09:50Z" user="Władysław Komorek" uid="693154" lat="50.0626248" lon="19.9374175"/>
 <node id="3085278502" visible="true" version="1" changeset="25530048" timestamp="2014-09-18T21:09:50Z" user="Władysław Komorek" uid="693154" lat="50.0626254" lon="19.9374031"/>
 <node id="3085278503" visible="true" version="1" changeset="25530048" timestamp="2014-09-18T21:09:50Z" user="Władysław Komorek" uid="693154" lat="50.0626258" lon="19.9374147"/>
 <node id="3085278504" visible="true" version="1" changeset="25530048" timestamp="2014-09-18T21:09:50Z" user="Władysław Komorek" uid="693154" lat="50.0626261" lon="19.9374058"/>
 <node id="3085278505" visible="true" version="1" changeset="25530048" timestamp="2014-09-18T21:09:51Z" user="Władysław Komorek" uid="693154" lat="50.0626263" lon="19.9374117"/>
 <node id="3085278506" visible="true" version="1" changeset="25530048" timestamp="2014-09-18T21:09:51Z" user="Władysław Komorek" uid="693154" lat="50.0626264" lon="19.9374088"/>
 <node id="3085278507" visible="true" version="1" changeset="25530048" timestamp="2014-09-18T21:09:51Z" user="Władysław Komorek" uid="693154" lat="50.0626377" lon="19.9373202"/>
 <node id="3085278508" visible="true" version="1" changeset="25530048" timestamp="2014-09-18T21:09:51Z" user="Władysław Komorek" uid="693154" lat="50.0626383" lon="19.9373112"/>
 <node id="3085278509" visible="true" version="1" changeset="25530048" timestamp="2014-09-18T21:09:52Z" user="Władysław Komorek" uid="693154" lat="50.0626383" lon="19.9373231"/>
 <node id="3085278510" visible="true" version="1" changeset="25530048" timestamp="2014-09-18T21:09:52Z" user="Władysław Komorek" uid="693154" lat="50.0626392" lon="19.9373257"/>
 <node id="3085278511" visible="true" version="1" changeset="25530048" timestamp="2014-09-18T21:09:52Z" user="Władysław Komorek" uid="693154" lat="50.0626393" lon="19.9373086"/>
 <node id="3085278512" visible="true" version="1" changeset="25530048" timestamp="2014-09-18T21:09:52Z" user="Władysław Komorek" uid="693154" lat="50.0626405" lon="19.9373280"/>
 <node id="3085278513" visible="true" version="1" changeset="25530048" timestamp="2014-09-18T21:09:52Z" user="Władysław Komorek" uid="693154" lat="50.0626406" lon="19.9373064"/>
 <node id="3085278514" visible="true" version="1" changeset="25530048" timestamp="2014-09-18T21:09:52Z" user="Władysław Komorek" uid="693154" lat="50.0626422" lon="19.9373046"/>
 <node id="3085278515" visible="true" version="1" changeset="25530048" timestamp="2014-09-18T21:09:52Z" user="Władysław Komorek" uid="693154" lat="50.0626422" lon="19.9373298"/>
 <node id="3085278516" visible="true" version="1" changeset="25530048" timestamp="2014-09-18T21:09:53Z" user="Władysław Komorek" uid="693154" lat="50.0626439" lon="19.9373034"/>
 <node id="3085278517" visible="true" version="1" changeset="25530048" timestamp="2014-09-18T21:09:53Z" user="Władysław Komorek" uid="693154" lat="50.0626440" lon="19.9373311"/>
 <node id="3085278518" visible="true" version="1" changeset="25530048" timestamp="2014-09-18T21:09:53Z" user="Władysław Komorek" uid="693154" lat="50.0626459" lon="19.9373317"/>
 <node id="3085278519" visible="true" version="1" changeset="25530048" timestamp="2014-09-18T21:09:53Z" user="Władysław Komorek" uid="693154" lat="50.0626477" lon="19.9373028"/>
 <node id="3085278520" visible="true" version="1" changeset="25530048" timestamp="2014-09-18T21:09:53Z" user="Władysław Komorek" uid="693154" lat="50.0626477" lon="19.9373173">
  <tag k="leaf_type" v="broadleaved"/>
  <tag k="natural" v="tree"/>
 </node>
 <node id="3085278521" visible="true" version="1" changeset="25530048" timestamp="2014-09-18T21:09:54Z" user="Władysław Komorek" uid="693154" lat="50.0626495" lon="19.9373034"/>
 <node id="3085278522" visible="true" version="1" changeset="25530048" timestamp="2014-09-18T21:09:54Z" user="Władysław Komorek" uid="693154" lat="50.0626499" lon="19.9373309"/>
 <node id="3085278523" visible="true" version="1" changeset="25530048" timestamp="2014-09-18T21:09:54Z" user="Władysław Komorek" uid="693154" lat="50.0626513" lon="19.9373045"/>
 <node id="3085278524" visible="true" version="1" changeset="25530048" timestamp="2014-09-18T21:09:54Z" user="Władysław Komorek" uid="693154" lat="50.0626517" lon="19.9373295"/>
 <node id="3085278542" visible="true" version="1" changeset="25530048" timestamp="2014-09-18T21:08:52Z" user="Władysław Komorek" uid="693154" lat="50.0623120" lon="19.9364148"/>
 <node id="3085278543" visible="true" version="1" changeset="25530048" timestamp="2014-09-18T21:08:52Z" user="Władysław Komorek" uid="693154" lat="50.0623122" lon="19.9364118"/>
 <node id="3085278544" visible="true" version="1" changeset="25530048" timestamp="2014-09-18T21:08:52Z" user="Władysław Komorek" uid="693154" lat="50.0623122" lon="19.9364179"/>
 <node id="3085278547" visible="true" version="1" changeset="25530048" timestamp="2014-09-18T21:08:52Z" user="Władysław Komorek" uid="693154" lat="50.0623128" lon="19.9364208"/>
 <node id="3085278548" visible="true" version="1" changeset="25530048" timestamp="2014-09-18T21:08:53Z" user="Władysław Komorek" uid="693154" lat="50.0623129" lon="19.9364089"/>
 <node id="3085278549" visible="true" version="1" changeset="25530048" timestamp="2014-09-18T21:08:53Z" user="Władysław Komorek" uid="693154" lat="50.0623138" lon="19.9364063"/>
 <node id="3085278550" visible="true" version="1" changeset="25530048" timestamp="2014-09-18T21:08:53Z" user="Władysław Komorek" uid="693154" lat="50.0623138" lon="19.9364234"/>
 <node id="3085278553" visible="true" version="1" changeset="25530048" timestamp="2014-09-18T21:08:53Z" user="Władysław Komorek" uid="693154" lat="50.0623151" lon="19.9364257"/>
 <node id="3085278554" visible="true" version="1" changeset="25530048" timestamp="2014-09-18T21:08:54Z" user="Władysław Komorek" uid="693154" lat="50.0623152" lon="19.9364040"/>
 <node id="3085278557" visible="true" version="1" changeset="25530048" timestamp="2014-09-18T21:08:54Z" user="Władysław Komorek" uid="693154" lat="50.0623167" lon="19.9364023"/>
 <node id="3085278558" visible="true" version="1" changeset="25530048" timestamp="2014-09-18T21:08:54Z" user="Władysław Komorek" uid="693154" lat="50.0623167" lon="19.9364275"/>
 <node id="3085278561" visible="true" version="1" changeset="25530048" timestamp="2014-09-18T21:08:55Z" user="Władysław Komorek" uid="693154" lat="50.0623185" lon="19.9364011"/>
 <node id="3085278562" visible="true" version="1" changeset="25530048" timestamp="2014-09-18T21:08:55Z" user="Władysław Komorek" uid="693154" lat="50.0623185" lon="19.9364287"/>
 <node id="3085278565" visible="true" version="1" changeset="25530048" timestamp="2014-09-18T21:08:55Z" user="Władysław Komorek" uid="693154" lat="50.0623203" lon="19.9364005"/>
 <node id="3085278567" visible="true" version="1" changeset="25530048" timestamp="2014-09-18T21:08:56Z" user="Władysław Komorek" uid="693154" lat="50.0623205" lon="19.9364293"/>
 <node id="3085278568" visible="true" version="1" changeset="25530048" timestamp="2014-09-18T21:08:56Z" user="Władysław Komorek" uid="693154" lat="50.0623215" lon="19.9364145">
  <tag k="leaf_type" v="broadleaved"/>
  <tag k="natural" v="tree"/>
 </node>
 <node id="3085278571" visible="true" version="1" changeset="25530048" timestamp="2014-09-18T21:08:56Z" user="Władysław Komorek" uid="693154" lat="50.0623222" lon="19.9364005"/>
 <node id="3085278572" visible="true" version="1" changeset="25530048" timestamp="2014-09-18T21:08:56Z" user="Władysław Komorek" uid="693154" lat="50.0623225" lon="19.9364293"/>
 <node id="3085278576" visible="true" version="1" changeset="25530048" timestamp="2014-09-18T21:08:57Z" user="Władysław Komorek" uid="693154" lat="50.0623241" lon="19.9364010"/>
 <node id="3085278577" visible="true" version="1" changeset="25530048" timestamp="2014-09-18T21:09:13Z" user="Władysław Komorek" uid="693154" lat="50.0623913" lon="19.9364810"/>
 <node id="3085278578" visible="true" version="1" changeset="25530048" timestamp="2014-09-18T21:09:36Z" user="Władysław Komorek" uid="693154" lat="50.0625276" lon="19.9377077"/>
 <node id="3085278579" visible="true" version="1" changeset="25530048" timestamp="2014-09-18T21:09:36Z" user="Władysław Komorek" uid="693154" lat="50.0625280" lon="19.9377246"/>
 <node id="3085278580" visible="true" version="1" changeset="25530048" timestamp="2014-09-18T21:09:36Z" user="Władysław Komorek" uid="693154" lat="50.0625286" lon="19.9377102"/>
 <node id="3085278581" visible="true" version="1" changeset="25530048" timestamp="2014-09-18T21:09:36Z" user="Władysław Komorek" uid="693154" lat="50.0625289" lon="19.9377218"/>
 <node id="3085278582" visible="true" version="1" changeset="25530048" timestamp="2014-09-18T21:09:37Z" user="Władysław Komorek" uid="693154" lat="50.0625292" lon="19.9377129"/>
 <node id="3085278583" visible="true" version="1" changeset="25530048" timestamp="2014-09-18T21:09:46Z" user="Władysław Komorek" uid="693154" lat="50.0625932" lon="19.9375169"/>
 <node id="3085278584" visible="true" version="1" changeset="25530048" timestamp="2014-09-18T21:09:46Z" user="Władysław Komorek" uid="693154" lat="50.0625935" lon="19.9375080"/>
 <node id="3085278585" visible="true" version="1" changeset="25530048" timestamp="2014-09-18T21:09:46Z" user="Władysław Komorek" uid="693154" lat="50.0625937" lon="19.9375139"/>
 <node id="3085278586" visible="true" version="1" changeset="25530048" timestamp="2014-09-18T21:09:46Z" user="Władysław Komorek" uid="693154" lat="50.0625938" lon="19.9375109"/>
 <node id="3085278587" visible="true" version="1" changeset="25530048" timestamp="2014-09-18T21:09:46Z" user="Władysław Komorek" uid="693154" lat="50.0626078" lon="19.9374094"/>
 <node id="3085278588" visible="true" version="1" changeset="25530048" timestamp="2014-09-18T21:09:46Z" user="Władysław Komorek" uid="693154" lat="50.0626080" lon="19.9374064"/>
 <node id="3085278589" visible="true" version="1" changeset="25530048" timestamp="2014-09-18T21:09:47Z" user="Władysław Komorek" uid="693154" lat="50.0626080" lon="19.9374124"/>
 <node id="3085278590" visible="true" version="1" changeset="25530048" timestamp="2014-09-18T21:09:47Z" user="Władysław Komorek" uid="693154" lat="50.0626086" lon="19.9374035"/>
 <node id="3085278591" visible="true" version="1" changeset="25530048" timestamp="2014-09-18T21:09:47Z" user="Władysław Komorek" uid="693154" lat="50.0626086" lon="19.9374153"/>
 <node id="3085278592" visible="true" version="1" changeset="25530048" timestamp="2014-09-18T21:09:47Z" user="Władysław Komorek" uid="693154" lat="50.0626095" lon="19.9374179"/>
 <node id="3085278593" visible="true" version="1" changeset="25530048" timestamp="2014-09-18T21:09:47Z" user="Władysław Komorek" uid="693154" lat="50.0626096" lon="19.9374008"/>
 <node id="3085278594" visible="true" version="1" changeset="25530048" timestamp="2014-09-18T21:09:47Z" user="Władysław Komorek" uid="693154" lat="50.0626108" lon="19.9374202"/>
 <node id="3085278595" visible="true" version="1" changeset="25530048" timestamp="2014-09-18T21:09:48Z" user="Władysław Komorek" uid="693154" lat="50.0626125" lon="19.9374220"/>
 <node id="3085278597" visible="true" version="1" changeset="25530048" timestamp="2014-09-18T21:09:49Z" user="Władysław Komorek" uid="693154" lat="50.0626220" lon="19.9374218"/>
 <node id="3085278598" visible="true" version="1" changeset="25530048" timestamp="2014-09-18T21:09:50Z" user="Władysław Komorek" uid="693154" lat="50.0626231" lon="19.9373984"/>
 <node id="3085278599" visible="true" version="1" changeset="25530048" timestamp="2014-09-18T21:09:50Z" user="Władysław Komorek" uid="693154" lat="50.0626244" lon="19.9374006"/>
 <node id="3085278600" visible="true" version="1" changeset="25530048" timestamp="2014-09-18T21:09:55Z" user="Władysław Komorek" uid="693154" lat="50.0626551" lon="19.9373108"/>
 <node id="3085278601" visible="true" version="1" changeset="25530048" timestamp="2014-09-18T21:09:55Z" user="Władysław Komorek" uid="693154" lat="50.0626558" lon="19.9373136"/>
 <node id="3085278602" visible="true" version="1" changeset="25530048" timestamp="2014-09-18T21:09:55Z" user="Władysław Komorek" uid="693154" lat="50.0626561" lon="19.9373165"/>
 <node id="3085278603" visible="true" version="1" changeset="25530048" timestamp="2014-09-18T21:09:59Z" user="Władysław Komorek" uid="693154" lat="50.0627176" lon="19.9371291"/>
 <node id="3085278604" visible="true" version="1" changeset="25530048" timestamp="2014-09-18T21:10:02Z" user="Władysław Komorek" uid="693154" lat="50.0627377" lon="19.9370065"/>
 <node id="3085278605" visible="true" version="1" changeset="25530048" timestamp="2014-09-18T21:10:02Z" user="Władysław Komorek" uid="693154" lat="50.0627377" lon="19.9370317"/>
 <node id="3085278606" visible="true" version="1" changeset="25530048" timestamp="2014-09-18T21:10:02Z" user="Władysław Komorek" uid="693154" lat="50.0627394" lon="19.9370054"/>
 <node id="3085278607" visible="true" version="1" changeset="25530048" timestamp="2014-09-18T21:10:02Z" user="Władysław Komorek" uid="693154" lat="50.0627415" lon="19.9370336"/>
 <node id="3085278608" visible="true" version="1" changeset="25530048" timestamp="2014-09-18T21:10:03Z" user="Władysław Komorek" uid="693154" lat="50.0627432" lon="19.9370047"/>
 <node id="3085278609" visible="true" version="1" changeset="25530048" timestamp="2014-09-18T21:10:03Z" user="Władysław Komorek" uid="693154" lat="50.0627454" lon="19.9370328"/>
 <node id="3085278610" visible="true" version="1" changeset="25530048" timestamp="2014-09-18T21:10:04Z" user="Władysław Komorek" uid="693154" lat="50.0627483" lon="19.9370081"/>
 <node id="3085278611" visible="true" version="1" changeset="25530048" timestamp="2014-09-18T21:10:04Z" user="Władysław Komorek" uid="693154" lat="50.0627510" lon="19.9370244"/>
 <node id="3085278689" visible="true" version="1" changeset="25530048" timestamp="2014-09-18T21:09:59Z" user="Władysław Komorek" uid="693154" lat="50.0627160" lon="19.9371310"/>
 <node id="3085278733" visible="true" version="1" changeset="25530048" timestamp="2014-09-18T21:08:57Z" user="Władysław Komorek" uid="693154" lat="50.0623244" lon="19.9364286"/>
 <node id="3085278737" visible="true" version="1" changeset="25530048" timestamp="2014-09-18T21:08:58Z" user="Władysław Komorek" uid="693154" lat="50.0623258" lon="19.9364022"/>
 <node id="3085278738" visible="true" version="1" changeset="25530048" timestamp="2014-09-18T21:08:58Z" user="Władysław Komorek" uid="693154" lat="50.0623262" lon="19.9364272"/>
 <node id="3085278739" visible="true" version="1" changeset="25530048" timestamp="2014-09-18T21:08:58Z" user="Władysław Komorek" uid="693154" lat="50.0623274" lon="19.9364039"/>
 <node id="3085278740" visible="true" version="1" changeset="25530048" timestamp="2014-09-18T21:08:58Z" user="Władysław Komorek" uid="693154" lat="50.0623278" lon="19.9364253"/>
 <node id="3085278741" visible="true" version="1" changeset="25530048" timestamp="2014-09-18T21:08:59Z" user="Władysław Komorek" uid="693154" lat="50.0623287" lon="19.9364060"/>
 <node id="3085278742" visible="true" version="1" changeset="25530048" timestamp="2014-09-18T21:08:59Z" user="Władysław Komorek" uid="693154" lat="50.0623291" lon="19.9364229"/>
 <node id="3085278743" visible="true" version="1" changeset="25530048" timestamp="2014-09-18T21:08:59Z" user="Władysław Komorek" uid="693154" lat="50.0623297" lon="19.9364085"/>
 <node id="3085278744" visible="true" version="1" changeset="25530048" timestamp="2014-09-18T21:08:59Z" user="Władysław Komorek" uid="693154" lat="50.0623300" lon="19.9364202"/>
 <node id="3085278745" visible="true" version="1" changeset="25530048" timestamp="2014-09-18T21:08:59Z" user="Władysław Komorek" uid="693154" lat="50.0623303" lon="19.9364113"/>
 <node id="3085278746" visible="true" version="1" changeset="25530048" timestamp="2014-09-18T21:08:59Z" user="Władysław Komorek" uid="693154" lat="50.0623305" lon="19.9364171"/>
 <node id="3085278747" visible="true" version="1" changeset="25530048" timestamp="2014-09-18T21:09:00Z" user="Władysław Komorek" uid="693154" lat="50.0623306" lon="19.9364142"/>
 <node id="3085278788" visible="true" version="1" changeset="25530048" timestamp="2014-09-18T21:09:06Z" user="Władysław Komorek" uid="693154" lat="50.0623733" lon="19.9364757"/>
 <node id="3085278789" visible="true" version="1" changeset="25530048" timestamp="2014-09-18T21:09:06Z" user="Władysław Komorek" uid="693154" lat="50.0623735" lon="19.9364787"/>
 <node id="3085278790" visible="true" version="1" changeset="25530048" timestamp="2014-09-18T21:09:06Z" user="Władysław Komorek" uid="693154" lat="50.0623736" lon="19.9364727"/>
 <node id="3085278792" visible="true" version="1" changeset="25530048" timestamp="2014-09-18T21:09:06Z" user="Władysław Komorek" uid="693154" lat="50.0623741" lon="19.9364816"/>
 <node id="3085278794" visible="true" version="1" changeset="25530048" timestamp="2014-09-18T21:09:07Z" user="Władysław Komorek" uid="693154" lat="50.0623742" lon="19.9364698"/>
 <node id="3085278795" visible="true" version="1" changeset="25530048" timestamp="2014-09-18T21:09:07Z" user="Władysław Komorek" uid="693154" lat="50.0623751" lon="19.9364843"/>
 <node id="3085278796" visible="true" version="1" changeset="25530048" timestamp="2014-09-18T21:09:07Z" user="Władysław Komorek" uid="693154" lat="50.0623752" lon="19.9364672"/>
 <node id="3085278799" visible="true" version="1" changeset="25530048" timestamp="2014-09-18T21:09:07Z" user="Władysław Komorek" uid="693154" lat="50.0623764" lon="19.9364865"/>
 <node id="3085278800" visible="true" version="1" changeset="25530048" timestamp="2014-09-18T21:09:08Z" user="Władysław Komorek" uid="693154" lat="50.0623765" lon="19.9364649"/>
 <node id="3085278803" visible="true" version="1" changeset="25530048" timestamp="2014-09-18T21:09:08Z" user="Władysław Komorek" uid="693154" lat="50.0623780" lon="19.9364884"/>
 <node id="3085278804" visible="true" version="1" changeset="25530048" timestamp="2014-09-18T21:09:08Z" user="Władysław Komorek" uid="693154" lat="50.0623781" lon="19.9364632"/>
 <node id="3085278807" visible="true" version="1" changeset="25530048" timestamp="2014-09-18T21:09:09Z" user="Władysław Komorek" uid="693154" lat="50.0623798" lon="19.9364620"/>
 <node id="3085278809" visible="true" version="1" changeset="25530048" timestamp="2014-09-18T21:09:09Z" user="Władysław Komorek" uid="693154" lat="50.0623799" lon="19.9364896"/>
 <node id="3085278811" visible="true" version="1" changeset="25530048" timestamp="2014-09-18T21:09:09Z" user="Władysław Komorek" uid="693154" lat="50.0623817" lon="19.9364614"/>
 <node id="3085278812" visible="true" version="1" changeset="25530048" timestamp="2014-09-18T21:09:09Z" user="Władysław Komorek" uid="693154" lat="50.0623818" lon="19.9364902"/>
 <node id="3085278814" visible="true" version="1" changeset="25530048" timestamp="2014-09-18T21:09:10Z" user="Władysław Komorek" uid="693154" lat="50.0623826" lon="19.9364757">
  <tag k="leaf_type" v="broadleaved"/>
  <tag k="natural" v="tree"/>
 </node>
 <node id="3085278816" visible="true" version="1" changeset="25530048" timestamp="2014-09-18T21:09:10Z" user="Władysław Komorek" uid="693154" lat="50.0623836" lon="19.9364614"/>
 <node id="3085278818" visible="true" version="1" changeset="25530048" timestamp="2014-09-18T21:09:10Z" user="Władysław Komorek" uid="693154" lat="50.0623838" lon="19.9364902"/>
 <node id="3085278821" visible="true" version="1" changeset="25530048" timestamp="2014-09-18T21:09:11Z" user="Władysław Komorek" uid="693154" lat="50.0623854" lon="19.9364619"/>
 <node id="3085278822" visible="true" version="1" changeset="25530048" timestamp="2014-09-18T21:09:11Z" user="Władysław Komorek" uid="693154" lat="50.0623858" lon="19.9364895"/>
 <node id="3085278826" visible="true" version="1" changeset="25530048" timestamp="2014-09-18T21:09:12Z" user="Władysław Komorek" uid="693154" lat="50.0623872" lon="19.9364631"/>
 <node id="3085278828" visible="true" version="1" changeset="25530048" timestamp="2014-09-18T21:09:12Z" user="Władysław Komorek" uid="693154" lat="50.0623876" lon="19.9364881"/>
 <node id="3085278832" visible="true" version="1" changeset="25530048" timestamp="2014-09-18T21:09:13Z" user="Władysław Komorek" uid="693154" lat="50.0623887" lon="19.9364648"/>
 <node id="3085278833" visible="true" version="1" changeset="25530048" timestamp="2014-09-18T21:09:13Z" user="Władysław Komorek" uid="693154" lat="50.0623891" lon="19.9364862"/>
 <node id="3085278834" visible="true" version="1" changeset="25530048" timestamp="2014-09-18T21:09:13Z" user="Władysław Komorek" uid="693154" lat="50.0623900" lon="19.9364669"/>
 <node id="3085278835" visible="true" version="1" changeset="25530048" timestamp="2014-09-18T21:09:13Z" user="Władysław Komorek" uid="693154" lat="50.0623904" lon="19.9364838"/>
 <node id="3085278836" visible="true" version="1" changeset="25530048" timestamp="2014-09-18T21:09:13Z" user="Władysław Komorek" uid="693154" lat="50.0623910" lon="19.9364694"/>
 <node id="3085278837" visible="true" version="1" changeset="25530048" timestamp="2014-09-18T21:09:13Z" user="Władysław Komorek" uid="693154" lat="50.0623917" lon="19.9364722"/>
 <node id="3085278838" visible="true" version="1" changeset="25530048" timestamp="2014-09-18T21:09:14Z" user="Władysław Komorek" uid="693154" lat="50.0623919" lon="19.9364780"/>
 <node id="3085278839" visible="true" version="1" changeset="25530048" timestamp="2014-09-18T21:09:14Z" user="Władysław Komorek" uid="693154" lat="50.0623920" lon="19.9364751"/>
 <node id="3085278840" visible="true" version="1" changeset="25530048" timestamp="2014-09-18T21:09:14Z" user="Władysław Komorek" uid="693154" lat="50.0624336" lon="19.9365296"/>
 <node id="3085278841" visible="true" version="1" changeset="25530048" timestamp="2014-09-18T21:09:14Z" user="Władysław Komorek" uid="693154" lat="50.0624338" lon="19.9365266"/>
 <node id="3085278842" visible="true" version="1" changeset="25530048" timestamp="2014-09-18T21:09:19Z" user="Władysław Komorek" uid="693154" lat="50.0624503" lon="19.9365208"/>
 <node id="3085278843" visible="true" version="1" changeset="25530048" timestamp="2014-09-18T21:09:19Z" user="Władysław Komorek" uid="693154" lat="50.0624507" lon="19.9365377"/>
 <node id="3085278844" visible="true" version="1" changeset="25530048" timestamp="2014-09-18T21:09:19Z" user="Władysław Komorek" uid="693154" lat="50.0624513" lon="19.9365233"/>
 <node id="3085278845" visible="true" version="1" changeset="25530048" timestamp="2014-09-18T21:09:19Z" user="Władysław Komorek" uid="693154" lat="50.0624513" lon="19.9378992"/>
 <node id="3085278856" visible="true" version="1" changeset="25530048" timestamp="2014-09-18T21:09:24Z" user="Władysław Komorek" uid="693154" lat="50.0624836" lon="19.9378220"/>
 <node id="3085278857" visible="true" version="1" changeset="25530048" timestamp="2014-09-18T21:09:25Z" user="Władysław Komorek" uid="693154" lat="50.0624852" lon="19.9377986"/>
 <node id="3085278858" visible="true" version="1" changeset="25530048" timestamp="2014-09-18T21:09:33Z" user="Władysław Komorek" uid="693154" lat="50.0625140" lon="19.9377057"/>
 <node id="3085278859" visible="true" version="1" changeset="25530048" timestamp="2014-09-18T21:09:34Z" user="Władysław Komorek" uid="693154" lat="50.0625140" lon="19.9377273"/>
 <node id="3085278860" visible="true" version="1" changeset="25530048" timestamp="2014-09-18T21:09:34Z" user="Władysław Komorek" uid="693154" lat="50.0625156" lon="19.9377039"/>
 <node id="3085278861" visible="true" version="1" changeset="25530048" timestamp="2014-09-18T21:09:34Z" user="Władysław Komorek" uid="693154" lat="50.0625156" lon="19.9377291"/>
 <node id="3085278862" visible="true" version="1" changeset="25530048" timestamp="2014-09-18T21:09:34Z" user="Władysław Komorek" uid="693154" lat="50.0625174" lon="19.9377027"/>
 <node id="3085278863" visible="true" version="1" changeset="25530048" timestamp="2014-09-18T21:09:34Z" user="Władysław Komorek" uid="693154" lat="50.0625174" lon="19.9377304"/>
 <node id="3085278864" visible="true" version="1" changeset="25530048" timestamp="2014-09-18T21:09:34Z" user="Władysław Komorek" uid="693154" lat="50.0625192" lon="19.9377021"/>
 <node id="3085278865" visible="true" version="1" changeset="25530048" timestamp="2014-09-18T21:09:35Z" user="Władysław Komorek" uid="693154" lat="50.0625194" lon="19.9377310"/>
 <node id="3085278866" visible="true" version="1" changeset="25530048" timestamp="2014-09-18T21:09:35Z" user="Władysław Komorek" uid="693154" lat="50.0625207" lon="19.9377163">
  <tag k="leaf_type" v="broadleaved"/>
  <tag k="natural" v="tree"/>
 </node>
 <node id="3085278867" visible="true" version="1" changeset="25530048" timestamp="2014-09-18T21:09:35Z" user="Władysław Komorek" uid="693154" lat="50.0625211" lon="19.9377021"/>
 <node id="3085278868" visible="true" version="1" changeset="25530048" timestamp="2014-09-18T21:09:35Z" user="Władysław Komorek" uid="693154" lat="50.0625214" lon="19.9377309"/>
 <node id="3085278869" visible="true" version="1" changeset="25530048" timestamp="2014-09-18T21:09:35Z" user="Władysław Komorek" uid="693154" lat="50.0625230" lon="19.9377027"/>
 <node id="3085278870" visible="true" version="1" changeset="25530048" timestamp="2014-09-18T21:09:35Z" user="Władysław Komorek" uid="693154" lat="50.0625233" lon="19.9377302"/>
 <node id="3085278871" visible="true" version="1" changeset="25530048" timestamp="2014-09-18T21:09:35Z" user="Władysław Komorek" uid="693154" lat="50.0625247" lon="19.9377038"/>
 <node id="3085278872" visible="true" version="1" changeset="25530048" timestamp="2014-09-18T21:09:36Z" user="Władysław Komorek" uid="693154" lat="50.0625251" lon="19.9377289"/>
 <node id="3085278873" visible="true" version="1" changeset="25530048" timestamp="2014-09-18T21:09:36Z" user="Władysław Komorek" uid="693154" lat="50.0625263" lon="19.9377055"/>
 <node id="3085278874" visible="true" version="1" changeset="25530048" timestamp="2014-09-18T21:09:36Z" user="Władysław Komorek" uid="693154" lat="50.0625267" lon="19.9377270"/>
 <node id="3085278887" visible="true" version="1" changeset="25530048" timestamp="2014-09-18T21:09:37Z" user="Władysław Komorek" uid="693154" lat="50.0625408" lon="19.9376150"/>
 <node id="3085278888" visible="true" version="1" changeset="25530048" timestamp="2014-09-18T21:09:37Z" user="Władysław Komorek" uid="693154" lat="50.0625408" lon="19.9376210"/>
 <node id="3085278889" visible="true" version="1" changeset="25530048" timestamp="2014-09-18T21:09:37Z" user="Władysław Komorek" uid="693154" lat="50.0625414" lon="19.9376121"/>
 <node id="3085278890" visible="true" version="1" changeset="25530048" timestamp="2014-09-18T21:09:38Z" user="Władysław Komorek" uid="693154" lat="50.0625414" lon="19.9376239"/>
 <node id="3085278891" visible="true" version="1" changeset="25530048" timestamp="2014-09-18T21:09:38Z" user="Władysław Komorek" uid="693154" lat="50.0625424" lon="19.9376095"/>
 <node id="3085278892" visible="true" version="1" changeset="25530048" timestamp="2014-09-18T21:09:38Z" user="Władysław Komorek" uid="693154" lat="50.0625424" lon="19.9376266"/>
 <node id="3085278893" visible="true" version="1" changeset="25530048" timestamp="2014-09-18T21:09:38Z" user="Władysław Komorek" uid="693154" lat="50.0625437" lon="19.9376072"/>
 <node id="3085278894" visible="true" version="1" changeset="25530048" timestamp="2014-09-18T21:09:38Z" user="Władysław Komorek" uid="693154" lat="50.0625437" lon="19.9376289"/>
 <node id="3085278895" visible="true" version="1" changeset="25530048" timestamp="2014-09-18T21:09:38Z" user="Władysław Komorek" uid="693154" lat="50.0625453" lon="19.9376055"/>
 <node id="3085278896" visible="true" version="1" changeset="25530048" timestamp="2014-09-18T21:09:39Z" user="Władysław Komorek" uid="693154" lat="50.0625453" lon="19.9376307"/>
 <node id="3085278897" visible="true" version="1" changeset="25530048" timestamp="2014-09-18T21:09:39Z" user="Władysław Komorek" uid="693154" lat="50.0625471" lon="19.9376043"/>
 <node id="3085278898" visible="true" version="1" changeset="25530048" timestamp="2014-09-18T21:09:39Z" user="Władysław Komorek" uid="693154" lat="50.0625491" lon="19.9376325"/>
 <node id="3085278899" visible="true" version="1" changeset="25530048" timestamp="2014-09-18T21:09:39Z" user="Władysław Komorek" uid="693154" lat="50.0625506" lon="19.9376177">
  <tag k="leaf_type" v="broadleaved"/>
  <tag k="natural" v="tree"/>
 </node>
 <node id="3085278900" visible="true" version="1" changeset="25530048" timestamp="2014-09-18T21:09:39Z" user="Władysław Komorek" uid="693154" lat="50.0625508" lon="19.9376037"/>
 <node id="3085278901" visible="true" version="1" changeset="25530048" timestamp="2014-09-18T21:09:40Z" user="Władysław Komorek" uid="693154" lat="50.0625511" lon="19.9376325"/>
 <node id="3085278902" visible="true" version="1" changeset="25530048" timestamp="2014-09-18T21:09:40Z" user="Władysław Komorek" uid="693154" lat="50.0625527" lon="19.9376042"/>
 <node id="3085278903" visible="true" version="1" changeset="25530048" timestamp="2014-09-18T21:09:40Z" user="Władysław Komorek" uid="693154" lat="50.0625530" lon="19.9376318"/>
 <node id="3085278904" visible="true" version="1" changeset="25530048" timestamp="2014-09-18T21:09:40Z" user="Władysław Komorek" uid="693154" lat="50.0625544" lon="19.9376054"/>
 <node id="3085278933" visible="true" version="1" changeset="25530048" timestamp="2014-09-18T21:09:14Z" user="Władysław Komorek" uid="693154" lat="50.0624338" lon="19.9365326"/>
 <node id="3085278934" visible="true" version="1" changeset="25530048" timestamp="2014-09-18T21:09:14Z" user="Władysław Komorek" uid="693154" lat="50.0624344" lon="19.9365355"/>
 <node id="3085278935" visible="true" version="1" changeset="25530048" timestamp="2014-09-18T21:09:14Z" user="Władysław Komorek" uid="693154" lat="50.0624345" lon="19.9365237"/>
 <node id="3085278936" visible="true" version="1" changeset="25530048" timestamp="2014-09-18T21:09:15Z" user="Władysław Komorek" uid="693154" lat="50.0624354" lon="19.9365211"/>
 <node id="3085278937" visible="true" version="1" changeset="25530048" timestamp="2014-09-18T21:09:15Z" user="Władysław Komorek" uid="693154" lat="50.0624354" lon="19.9365382"/>
 <node id="3085278938" visible="true" version="1" changeset="25530048" timestamp="2014-09-18T21:09:15Z" user="Władysław Komorek" uid="693154" lat="50.0624367" lon="19.9365404"/>
 <node id="3085278939" visible="true" version="1" changeset="25530048" timestamp="2014-09-18T21:09:15Z" user="Władysław Komorek" uid="693154" lat="50.0624368" lon="19.9365188"/>
 <node id="3085278940" visible="true" version="1" changeset="25530048" timestamp="2014-09-18T21:09:15Z" user="Władysław Komorek" uid="693154" lat="50.0624383" lon="19.9365423"/>
 <node id="3085278941" visible="true" version="1" changeset="25530048" timestamp="2014-09-18T21:09:15Z" user="Władysław Komorek" uid="693154" lat="50.0624384" lon="19.9365170"/>
 <node id="3085278942" visible="true" version="1" changeset="25530048" timestamp="2014-09-18T21:09:16Z" user="Władysław Komorek" uid="693154" lat="50.0624401" lon="19.9365159"/>
 <node id="3085278943" visible="true" version="1" changeset="25530048" timestamp="2014-09-18T21:09:16Z" user="Władysław Komorek" uid="693154" lat="50.0624401" lon="19.9365435"/>
 <node id="3085278944" visible="true" version="1" changeset="25530048" timestamp="2014-09-18T21:09:16Z" user="Władysław Komorek" uid="693154" lat="50.0624419" lon="19.9365153"/>
 <node id="3085278945" visible="true" version="1" changeset="25530048" timestamp="2014-09-18T21:09:16Z" user="Władysław Komorek" uid="693154" lat="50.0624421" lon="19.9365441"/>
 <node id="3085278946" visible="true" version="1" changeset="25530048" timestamp="2014-09-18T21:09:16Z" user="Władysław Komorek" uid="693154" lat="50.0624427" lon="19.9365289">
  <tag k="leaf_type" v="broadleaved"/>
  <tag k="natural" v="tree"/>
 </node>
 <node id="3085278947" visible="true" version="1" changeset="25530048" timestamp="2014-09-18T21:09:16Z" user="Władysław Komorek" uid="693154" lat="50.0624438" lon="19.9365152"/>
 <node id="3085278948" visible="true" version="1" changeset="25530048" timestamp="2014-09-18T21:09:16Z" user="Władysław Komorek" uid="693154" lat="50.0624441" lon="19.9365441"/>
 <node id="3085278949" visible="true" version="1" changeset="25530048" timestamp="2014-09-18T21:09:17Z" user="Władysław Komorek" uid="693154" lat="50.0624457" lon="19.9365158"/>
 <node id="3085278950" visible="true" version="1" changeset="25530048" timestamp="2014-09-18T21:09:17Z" user="Władysław Komorek" uid="693154" lat="50.0624460" lon="19.9365433"/>
 <node id="3085278951" visible="true" version="1" changeset="25530048" timestamp="2014-09-18T21:09:17Z" user="Władysław Komorek" uid="693154" lat="50.0624466" lon="19.9379117"/>
 <node id="3085278952" visible="true" version="1" changeset="25530048" timestamp="2014-09-18T21:09:17Z" user="Władysław Komorek" uid="693154" lat="50.0624468" lon="19.9379087"/>
 <node id="3085278953" visible="true" version="1" changeset="25530048" timestamp="2014-09-18T21:09:17Z" user="Władysław Komorek" uid="693154" lat="50.0624468" lon="19.9379148"/>
 <node id="3085278954" visible="true" version="1" changeset="25530048" timestamp="2014-09-18T21:09:17Z" user="Władysław Komorek" uid="693154" lat="50.0624474" lon="19.9365170"/>
 <node id="3085278955" visible="true" version="1" changeset="25530048" timestamp="2014-09-18T21:09:18Z" user="Władysław Komorek" uid="693154" lat="50.0624474" lon="19.9379058"/>
 <node id="3085278956" visible="true" version="1" changeset="25530048" timestamp="2014-09-18T21:09:18Z" user="Władysław Komorek" uid="693154" lat="50.0624474" lon="19.9379177"/>
 <node id="3085278957" visible="true" version="1" changeset="25530048" timestamp="2014-09-18T21:09:18Z" user="Władysław Komorek" uid="693154" lat="50.0624478" lon="19.9365420"/>
 <node id="3085278958" visible="true" version="1" changeset="25530048" timestamp="2014-09-18T21:09:18Z" user="Władysław Komorek" uid="693154" lat="50.0624483" lon="19.9379203"/>
 <node id="3085278959" visible="true" version="1" changeset="25530048" timestamp="2014-09-18T21:09:18Z" user="Władysław Komorek" uid="693154" lat="50.0624484" lon="19.9379032"/>
 <node id="3085278960" visible="true" version="1" changeset="25530048" timestamp="2014-09-18T21:09:18Z" user="Władysław Komorek" uid="693154" lat="50.0624490" lon="19.9365187"/>
 <node id="3085278961" visible="true" version="1" changeset="25530048" timestamp="2014-09-18T21:09:19Z" user="Władysław Komorek" uid="693154" lat="50.0624494" lon="19.9365401"/>
 <node id="3085278962" visible="true" version="1" changeset="25530048" timestamp="2014-09-18T21:09:19Z" user="Władysław Komorek" uid="693154" lat="50.0624496" lon="19.9379226"/>
 <node id="3085278963" visible="true" version="1" changeset="25530048" timestamp="2014-09-18T21:09:19Z" user="Władysław Komorek" uid="693154" lat="50.0624497" lon="19.9379009"/>
 <node id="3085278964" visible="true" version="1" changeset="25530048" timestamp="2014-09-18T21:09:41Z" user="Władysław Komorek" uid="693154" lat="50.0625573" lon="19.9376092"/>
 <node id="3085278965" visible="true" version="1" changeset="25530048" timestamp="2014-09-18T21:09:41Z" user="Władysław Komorek" uid="693154" lat="50.0625577" lon="19.9376261"/>
 <node id="3085278966" visible="true" version="1" changeset="25530048" timestamp="2014-09-18T21:09:41Z" user="Władysław Komorek" uid="693154" lat="50.0625583" lon="19.9376117"/>
 <node id="3085278967" visible="true" version="1" changeset="25530048" timestamp="2014-09-18T21:09:41Z" user="Władysław Komorek" uid="693154" lat="50.0625586" lon="19.9376233"/>
 <node id="3085278968" visible="true" version="1" changeset="25530048" timestamp="2014-09-18T21:09:41Z" user="Władysław Komorek" uid="693154" lat="50.0625589" lon="19.9376145"/>
 <node id="3085278969" visible="true" version="1" changeset="25530048" timestamp="2014-09-18T21:09:41Z" user="Władysław Komorek" uid="693154" lat="50.0625591" lon="19.9376203"/>
 <node id="3085278970" visible="true" version="1" changeset="25530048" timestamp="2014-09-18T21:09:42Z" user="Władysław Komorek" uid="693154" lat="50.0625592" lon="19.9376174"/>
 <node id="3085278971" visible="true" version="1" changeset="25530048" timestamp="2014-09-18T21:09:42Z" user="Władysław Komorek" uid="693154" lat="50.0625752" lon="19.9375115"/>
 <node id="3085278972" visible="true" version="1" changeset="25530048" timestamp="2014-09-18T21:09:42Z" user="Władysław Komorek" uid="693154" lat="50.0625754" lon="19.9375085"/>
 <node id="3085278973" visible="true" version="1" changeset="25530048" timestamp="2014-09-18T21:09:42Z" user="Władysław Komorek" uid="693154" lat="50.0625754" lon="19.9375146"/>
 <node id="3085278974" visible="true" version="1" changeset="25530048" timestamp="2014-09-18T21:09:42Z" user="Władysław Komorek" uid="693154" lat="50.0625760" lon="19.9375056"/>
 <node id="3085278975" visible="true" version="1" changeset="25530048" timestamp="2014-09-18T21:09:42Z" user="Władysław Komorek" uid="693154" lat="50.0625760" lon="19.9375175"/>
 <node id="3085278976" visible="true" version="1" changeset="25530048" timestamp="2014-09-18T21:09:42Z" user="Władysław Komorek" uid="693154" lat="50.0625769" lon="19.9375201"/>
 <node id="3085278977" visible="true" version="1" changeset="25530048" timestamp="2014-09-18T21:09:43Z" user="Władysław Komorek" uid="693154" lat="50.0625770" lon="19.9375030"/>
 <node id="3085278978" visible="true" version="1" changeset="25530048" timestamp="2014-09-18T21:09:43Z" user="Władysław Komorek" uid="693154" lat="50.0625782" lon="19.9375224"/>
 <node id="3085278979" visible="true" version="1" changeset="25530048" timestamp="2014-09-18T21:09:43Z" user="Władysław Komorek" uid="693154" lat="50.0625783" lon="19.9375008"/>
 <node id="3085278980" visible="true" version="1" changeset="25530048" timestamp="2014-09-18T21:09:43Z" user="Władysław Komorek" uid="693154" lat="50.0625799" lon="19.9374990"/>
 <node id="3085278981" visible="true" version="1" changeset="25530048" timestamp="2014-09-18T21:09:43Z" user="Władysław Komorek" uid="693154" lat="50.0625799" lon="19.9375242"/>
 <node id="3085278982" visible="true" version="1" changeset="25530048" timestamp="2014-09-18T21:09:43Z" user="Władysław Komorek" uid="693154" lat="50.0625816" lon="19.9374978"/>
 <node id="3085278983" visible="true" version="1" changeset="25530048" timestamp="2014-09-18T21:09:44Z" user="Władysław Komorek" uid="693154" lat="50.0625817" lon="19.9375255"/>
 <node id="3085278984" visible="true" version="1" changeset="25530048" timestamp="2014-09-18T21:09:44Z" user="Władysław Komorek" uid="693154" lat="50.0625835" lon="19.9374972"/>
 <node id="3085278985" visible="true" version="1" changeset="25530048" timestamp="2014-09-18T21:09:44Z" user="Władysław Komorek" uid="693154" lat="50.0625837" lon="19.9375261"/>
 <node id="3085278986" visible="true" version="1" changeset="25530048" timestamp="2014-09-18T21:09:44Z" user="Władysław Komorek" uid="693154" lat="50.0625848" lon="19.9375122">
  <tag k="leaf_type" v="broadleaved"/>
  <tag k="natural" v="tree"/>
 </node>
 <node id="3085278987" visible="true" version="1" changeset="25530048" timestamp="2014-09-18T21:09:44Z" user="Władysław Komorek" uid="693154" lat="50.0625854" lon="19.9374972"/>
 <node id="3085278988" visible="true" version="1" changeset="25530048" timestamp="2014-09-18T21:09:44Z" user="Władysław Komorek" uid="693154" lat="50.0625857" lon="19.9375260"/>
 <node id="3085278989" visible="true" version="1" changeset="25530048" timestamp="2014-09-18T21:09:44Z" user="Władysław Komorek" uid="693154" lat="50.0625872" lon="19.9374978"/>
 <node id="3085278990" visible="true" version="1" changeset="25530048" timestamp="2014-09-18T21:09:45Z" user="Władysław Komorek" uid="693154" lat="50.0625876" lon="19.9375253"/>
 <node id="3085278991" visible="true" version="1" changeset="25530048" timestamp="2014-09-18T21:09:45Z" user="Władysław Komorek" uid="693154" lat="50.0625890" lon="19.9374989"/>
 <node id="3085278992" visible="true" version="1" changeset="25530048" timestamp="2014-09-18T21:09:45Z" user="Władysław Komorek" uid="693154" lat="50.0625894" lon="19.9375239"/>
 <node id="3085278993" visible="true" version="1" changeset="25530048" timestamp="2014-09-18T21:09:45Z" user="Władysław Komorek" uid="693154" lat="50.0625905" lon="19.9375006"/>
 <node id="3085278994" visible="true" version="1" changeset="25530048" timestamp="2014-09-18T21:09:45Z" user="Władysław Komorek" uid="693154" lat="50.0625910" lon="19.9375220"/>
 <node id="3085278995" visible="true" version="1" changeset="25530048" timestamp="2014-09-18T21:09:45Z" user="Władysław Komorek" uid="693154" lat="50.0625918" lon="19.9375027"/>
 <node id="3085278996" visible="true" version="1" changeset="25530048" timestamp="2014-09-18T21:09:45Z" user="Władysław Komorek" uid="693154" lat="50.0625922" lon="19.9375196"/>
 <node id="3085278997" visible="true" version="1" changeset="25530048" timestamp="2014-09-18T21:09:46Z" user="Władysław Komorek" uid="693154" lat="50.0625928" lon="19.9375052"/>
 <node id="3085279033" visible="true" version="1" changeset="25530048" timestamp="2014-09-18T21:09:26Z" user="Władysław Komorek" uid="693154" lat="50.0624899" lon="19.9378114">
  <tag k="leaf_type" v="broadleaved"/>
  <tag k="natural" v="tree"/>
 </node>
 <node id="3085279034" visible="true" version="1" changeset="25530048" timestamp="2014-09-18T21:09:26Z" user="Władysław Komorek" uid="693154" lat="50.0624907" lon="19.9377968"/>
 <node id="3085279035" visible="true" version="1" changeset="25530048" timestamp="2014-09-18T21:09:26Z" user="Władysław Komorek" uid="693154" lat="50.0624910" lon="19.9378256"/>
 <node id="3085279036" visible="true" version="1" changeset="25530048" timestamp="2014-09-18T21:09:26Z" user="Władysław Komorek" uid="693154" lat="50.0624926" lon="19.9377974"/>
 <node id="3085279037" visible="true" version="1" changeset="25530048" timestamp="2014-09-18T21:09:26Z" user="Władysław Komorek" uid="693154" lat="50.0624929" lon="19.9378249"/>
 <node id="3085279038" visible="true" version="1" changeset="25530048" timestamp="2014-09-18T21:09:26Z" user="Władysław Komorek" uid="693154" lat="50.0624943" lon="19.9377985"/>
 <node id="3085279039" visible="true" version="1" changeset="25530048" timestamp="2014-09-18T21:09:26Z" user="Władysław Komorek" uid="693154" lat="50.0624947" lon="19.9378236"/>
 <node id="3085279040" visible="true" version="1" changeset="25530048" timestamp="2014-09-18T21:09:27Z" user="Władysław Komorek" uid="693154" lat="50.0624948" lon="19.9365878"/>
 <node id="3085279041" visible="true" version="1" changeset="25530048" timestamp="2014-09-18T21:09:27Z" user="Władysław Komorek" uid="693154" lat="50.0624950" lon="19.9365848"/>
 <node id="3085279042" visible="true" version="1" changeset="25530048" timestamp="2014-09-18T21:09:27Z" user="Władysław Komorek" uid="693154" lat="50.0624950" lon="19.9365908"/>
 <node id="3085279043" visible="true" version="1" changeset="25530048" timestamp="2014-09-18T21:09:27Z" user="Władysław Komorek" uid="693154" lat="50.0624956" lon="19.9365819"/>
 <node id="3085279044" visible="true" version="1" changeset="25530048" timestamp="2014-09-18T21:09:27Z" user="Władysław Komorek" uid="693154" lat="50.0624956" lon="19.9365937"/>
 <node id="3085279045" visible="true" version="1" changeset="25530048" timestamp="2014-09-18T21:09:27Z" user="Władysław Komorek" uid="693154" lat="50.0624959" lon="19.9378002"/>
 <node id="3085279046" visible="true" version="1" changeset="25530048" timestamp="2014-09-18T21:09:27Z" user="Władysław Komorek" uid="693154" lat="50.0624963" lon="19.9378216"/>
 <node id="3085279047" visible="true" version="1" changeset="25530048" timestamp="2014-09-18T21:09:28Z" user="Władysław Komorek" uid="693154" lat="50.0624965" lon="19.9365964"/>
 <node id="3085279048" visible="true" version="1" changeset="25530048" timestamp="2014-09-18T21:09:28Z" user="Władysław Komorek" uid="693154" lat="50.0624966" lon="19.9365793"/>
 <node id="3085279049" visible="true" version="1" changeset="25530048" timestamp="2014-09-18T21:09:28Z" user="Władysław Komorek" uid="693154" lat="50.0624972" lon="19.9378024"/>
 <node id="3085279050" visible="true" version="1" changeset="25530048" timestamp="2014-09-18T21:09:28Z" user="Władysław Komorek" uid="693154" lat="50.0624976" lon="19.9378193"/>
 <node id="3085279051" visible="true" version="1" changeset="25530048" timestamp="2014-09-18T21:09:28Z" user="Władysław Komorek" uid="693154" lat="50.0624978" lon="19.9365986"/>
 <node id="3085279052" visible="true" version="1" changeset="25530048" timestamp="2014-09-18T21:09:28Z" user="Władysław Komorek" uid="693154" lat="50.0624979" lon="19.9365770"/>
 <node id="3085279053" visible="true" version="1" changeset="25530048" timestamp="2014-09-18T21:09:28Z" user="Władysław Komorek" uid="693154" lat="50.0624982" lon="19.9378049"/>
 <node id="3085279054" visible="true" version="1" changeset="25530048" timestamp="2014-09-18T21:09:29Z" user="Władysław Komorek" uid="693154" lat="50.0624985" lon="19.9378165"/>
 <node id="3085279055" visible="true" version="1" changeset="25530048" timestamp="2014-09-18T21:09:29Z" user="Władysław Komorek" uid="693154" lat="50.0624988" lon="19.9378076"/>
 <node id="3085279056" visible="true" version="1" changeset="25530048" timestamp="2014-09-18T21:09:29Z" user="Władysław Komorek" uid="693154" lat="50.0624990" lon="19.9378135"/>
 <node id="3085279057" visible="true" version="1" changeset="25530048" timestamp="2014-09-18T21:09:29Z" user="Władysław Komorek" uid="693154" lat="50.0624991" lon="19.9378105"/>
 <node id="3085279058" visible="true" version="1" changeset="25530048" timestamp="2014-09-18T21:09:29Z" user="Władysław Komorek" uid="693154" lat="50.0624994" lon="19.9366005"/>
 <node id="3085279059" visible="true" version="1" changeset="25530048" timestamp="2014-09-18T21:09:29Z" user="Władysław Komorek" uid="693154" lat="50.0624995" lon="19.9365752"/>
 <node id="3085279060" visible="true" version="1" changeset="25530048" timestamp="2014-09-18T21:09:29Z" user="Władysław Komorek" uid="693154" lat="50.0625012" lon="19.9365741"/>
 <node id="3085279061" visible="true" version="1" changeset="25530048" timestamp="2014-09-18T21:09:30Z" user="Władysław Komorek" uid="693154" lat="50.0625013" lon="19.9366017"/>
 <node id="3085279062" visible="true" version="1" changeset="25530048" timestamp="2014-09-18T21:09:30Z" user="Władysław Komorek" uid="693154" lat="50.0625031" lon="19.9365735"/>
 <node id="3085279063" visible="true" version="1" changeset="25530048" timestamp="2014-09-18T21:09:30Z" user="Władysław Komorek" uid="693154" lat="50.0625032" lon="19.9366023"/>
 <node id="3085279064" visible="true" version="1" changeset="25530048" timestamp="2014-09-18T21:09:30Z" user="Władysław Komorek" uid="693154" lat="50.0625044" lon="19.9365874">
  <tag k="leaf_type" v="broadleaved"/>
  <tag k="natural" v="tree"/>
 </node>
 <node id="3085279065" visible="true" version="1" changeset="25530048" timestamp="2014-09-18T21:09:30Z" user="Władysław Komorek" uid="693154" lat="50.0625050" lon="19.9365734"/>
 <node id="3085279066" visible="true" version="1" changeset="25530048" timestamp="2014-09-18T21:09:30Z" user="Władysław Komorek" uid="693154" lat="50.0625052" lon="19.9366023"/>
 <node id="3085279067" visible="true" version="1" changeset="25530048" timestamp="2014-09-18T21:09:31Z" user="Władysław Komorek" uid="693154" lat="50.0625068" lon="19.9365740"/>
 <node id="3085279068" visible="true" version="1" changeset="25530048" timestamp="2014-09-18T21:09:31Z" user="Władysław Komorek" uid="693154" lat="50.0625072" lon="19.9366015"/>
 <node id="3085279069" visible="true" version="1" changeset="25530048" timestamp="2014-09-18T21:09:31Z" user="Władysław Komorek" uid="693154" lat="50.0625086" lon="19.9365752"/>
 <node id="3085279070" visible="true" version="1" changeset="25530048" timestamp="2014-09-18T21:09:31Z" user="Władysław Komorek" uid="693154" lat="50.0625090" lon="19.9366002"/>
 <node id="3085279071" visible="true" version="1" changeset="25530048" timestamp="2014-09-18T21:09:31Z" user="Władysław Komorek" uid="693154" lat="50.0625101" lon="19.9365769"/>
 <node id="3085279072" visible="true" version="1" changeset="25530048" timestamp="2014-09-18T21:09:31Z" user="Władysław Komorek" uid="693154" lat="50.0625105" lon="19.9365983"/>
 <node id="3085279073" visible="true" version="1" changeset="25530048" timestamp="2014-09-18T21:09:31Z" user="Władysław Komorek" uid="693154" lat="50.0625109" lon="19.9377165"/>
 <node id="3085279074" visible="true" version="1" changeset="25530048" timestamp="2014-09-18T21:09:32Z" user="Władysław Komorek" uid="693154" lat="50.0625111" lon="19.9377134"/>
 <node id="3085279075" visible="true" version="1" changeset="25530048" timestamp="2014-09-18T21:09:32Z" user="Władysław Komorek" uid="693154" lat="50.0625111" lon="19.9377195"/>
 <node id="3085279076" visible="true" version="1" changeset="25530048" timestamp="2014-09-18T21:09:32Z" user="Władysław Komorek" uid="693154" lat="50.0625114" lon="19.9365790"/>
 <node id="3085279077" visible="true" version="1" changeset="25530048" timestamp="2014-09-18T21:09:32Z" user="Władysław Komorek" uid="693154" lat="50.0625117" lon="19.9377106"/>
 <node id="3085279078" visible="true" version="1" changeset="25530048" timestamp="2014-09-18T21:09:32Z" user="Władysław Komorek" uid="693154" lat="50.0625117" lon="19.9377224"/>
 <node id="3085279079" visible="true" version="1" changeset="25530048" timestamp="2014-09-18T21:09:32Z" user="Władysław Komorek" uid="693154" lat="50.0625118" lon="19.9365959"/>
 <node id="3085279080" visible="true" version="1" changeset="25530048" timestamp="2014-09-18T21:09:32Z" user="Władysław Komorek" uid="693154" lat="50.0625124" lon="19.9365815"/>
 <node id="3085279081" visible="true" version="1" changeset="25530048" timestamp="2014-09-18T21:09:33Z" user="Władysław Komorek" uid="693154" lat="50.0625127" lon="19.9365931"/>
 <node id="3085279082" visible="true" version="1" changeset="25530048" timestamp="2014-09-18T21:09:33Z" user="Władysław Komorek" uid="693154" lat="50.0625127" lon="19.9377079"/>
 <node id="3085279083" visible="true" version="1" changeset="25530048" timestamp="2014-09-18T21:09:33Z" user="Władysław Komorek" uid="693154" lat="50.0625127" lon="19.9377250"/>
 <node id="3085279084" visible="true" version="1" changeset="25530048" timestamp="2014-09-18T21:09:33Z" user="Władysław Komorek" uid="693154" lat="50.0625131" lon="19.9365843"/>
 <node id="3085279085" visible="true" version="1" changeset="25530048" timestamp="2014-09-18T21:09:33Z" user="Władysław Komorek" uid="693154" lat="50.0625133" lon="19.9365901"/>
 <node id="3085279086" visible="true" version="1" changeset="25530048" timestamp="2014-09-18T21:09:33Z" user="Władysław Komorek" uid="693154" lat="50.0625134" lon="19.9365872"/>
 <node id="3085279087" visible="true" version="1" changeset="25530048" timestamp="2014-09-18T21:09:37Z" user="Władysław Komorek" uid="693154" lat="50.0625294" lon="19.9377188"/>
 <node id="3085279088" visible="true" version="1" changeset="25530048" timestamp="2014-09-18T21:09:37Z" user="Władysław Komorek" uid="693154" lat="50.0625295" lon="19.9377159"/>
 <node id="3085279089" visible="true" version="1" changeset="25530048" timestamp="2014-09-18T21:09:37Z" user="Władysław Komorek" uid="693154" lat="50.0625406" lon="19.9376180"/>
 <node id="3085279090" visible="true" version="1" changeset="25530048" timestamp="2014-09-18T21:09:39Z" user="Władysław Komorek" uid="693154" lat="50.0625471" lon="19.9376319"/>
 <node id="3085279091" visible="true" version="1" changeset="25530048" timestamp="2014-09-18T21:09:39Z" user="Władysław Komorek" uid="693154" lat="50.0625489" lon="19.9376037"/>
 <node id="3085279092" visible="true" version="1" changeset="25530048" timestamp="2014-09-18T21:09:40Z" user="Władysław Komorek" uid="693154" lat="50.0625548" lon="19.9376304"/>
 <node id="3085279093" visible="true" version="1" changeset="25530048" timestamp="2014-09-18T21:09:40Z" user="Władysław Komorek" uid="693154" lat="50.0625560" lon="19.9376071"/>
 <node id="3085279094" visible="true" version="1" changeset="25530048" timestamp="2014-09-18T21:09:41Z" user="Władysław Komorek" uid="693154" lat="50.0625564" lon="19.9376285"/>
 <node id="3085279851" visible="true" version="1" changeset="25530048" timestamp="2014-09-18T21:09:56Z" user="Władysław Komorek" uid="693154" lat="50.0627020" lon="19.9371156"/>
 <node id="3085279852" visible="true" version="1" changeset="25530048" timestamp="2014-09-18T21:09:56Z" user="Władysław Komorek" uid="693154" lat="50.0627020" lon="19.9371216"/>
 <node id="3085279853" visible="true" version="1" changeset="25530048" timestamp="2014-09-18T21:09:56Z" user="Władysław Komorek" uid="693154" lat="50.0627026" lon="19.9371127"/>
 <node id="3085279854" visible="true" version="1" changeset="25530048" timestamp="2014-09-18T21:09:56Z" user="Władysław Komorek" uid="693154" lat="50.0627026" lon="19.9371245"/>
 <node id="3085279855" visible="true" version="1" changeset="25530048" timestamp="2014-09-18T21:09:56Z" user="Władysław Komorek" uid="693154" lat="50.0627035" lon="19.9371272"/>
 <node id="3085279856" visible="true" version="1" changeset="25530048" timestamp="2014-09-18T21:09:56Z" user="Władysław Komorek" uid="693154" lat="50.0627036" lon="19.9371101"/>
 <node id="3085279857" visible="true" version="1" changeset="25530048" timestamp="2014-09-18T21:09:57Z" user="Władysław Komorek" uid="693154" lat="50.0627048" lon="19.9371294"/>
 <node id="3085279858" visible="true" version="1" changeset="25530048" timestamp="2014-09-18T21:09:57Z" user="Władysław Komorek" uid="693154" lat="50.0627049" lon="19.9371078"/>
 <node id="3085279859" visible="true" version="1" changeset="25530048" timestamp="2014-09-18T21:09:57Z" user="Władysław Komorek" uid="693154" lat="50.0627064" lon="19.9371313"/>
 <node id="3085279860" visible="true" version="1" changeset="25530048" timestamp="2014-09-18T21:09:57Z" user="Władysław Komorek" uid="693154" lat="50.0627065" lon="19.9371061"/>
 <node id="3085279861" visible="true" version="1" changeset="25530048" timestamp="2014-09-18T21:09:57Z" user="Władysław Komorek" uid="693154" lat="50.0627082" lon="19.9371049"/>
 <node id="3085279862" visible="true" version="1" changeset="25530048" timestamp="2014-09-18T21:09:57Z" user="Władysław Komorek" uid="693154" lat="50.0627083" lon="19.9371325"/>
 <node id="3085279863" visible="true" version="1" changeset="25530048" timestamp="2014-09-18T21:09:57Z" user="Władysław Komorek" uid="693154" lat="50.0627101" lon="19.9371043"/>
 <node id="3085279864" visible="true" version="1" changeset="25530048" timestamp="2014-09-18T21:09:58Z" user="Władysław Komorek" uid="693154" lat="50.0627102" lon="19.9371331"/>
 <node id="3085279865" visible="true" version="1" changeset="25530048" timestamp="2014-09-18T21:09:58Z" user="Władysław Komorek" uid="693154" lat="50.0627111" lon="19.9371191">
  <tag k="leaf_type" v="broadleaved"/>
  <tag k="natural" v="tree"/>
 </node>
 <node id="3085279866" visible="true" version="1" changeset="25530048" timestamp="2014-09-18T21:09:58Z" user="Władysław Komorek" uid="693154" lat="50.0627120" lon="19.9371042"/>
 <node id="3085279867" visible="true" version="1" changeset="25530048" timestamp="2014-09-18T21:09:58Z" user="Władysław Komorek" uid="693154" lat="50.0627122" lon="19.9371331"/>
 <node id="3085279868" visible="true" version="1" changeset="25530048" timestamp="2014-09-18T21:09:58Z" user="Władysław Komorek" uid="693154" lat="50.0627138" lon="19.9371048"/>
 <node id="3085279869" visible="true" version="1" changeset="25530048" timestamp="2014-09-18T21:09:58Z" user="Władysław Komorek" uid="693154" lat="50.0627142" lon="19.9371324"/>
 <node id="3085279870" visible="true" version="1" changeset="25530048" timestamp="2014-09-18T21:09:59Z" user="Władysław Komorek" uid="693154" lat="50.0627156" lon="19.9371060"/>
 <node id="3085279871" visible="true" version="1" changeset="25530048" timestamp="2014-09-18T21:09:59Z" user="Władysław Komorek" uid="693154" lat="50.0627171" lon="19.9371077"/>
 <node id="3085279872" visible="true" version="1" changeset="25530048" timestamp="2014-09-18T21:09:59Z" user="Władysław Komorek" uid="693154" lat="50.0627184" lon="19.9371098"/>
 <node id="3085279873" visible="true" version="1" changeset="25530048" timestamp="2014-09-18T21:09:59Z" user="Władysław Komorek" uid="693154" lat="50.0627194" lon="19.9371123"/>
 <node id="3085279874" visible="true" version="1" changeset="25530048" timestamp="2014-09-18T21:10:00Z" user="Władysław Komorek" uid="693154" lat="50.0627201" lon="19.9371151"/>
 <node id="3085279875" visible="true" version="1" changeset="25530048" timestamp="2014-09-18T21:10:00Z" user="Władysław Komorek" uid="693154" lat="50.0627204" lon="19.9371180"/>
 <node id="3085279876" visible="true" version="1" changeset="25530048" timestamp="2014-09-18T21:10:00Z" user="Władysław Komorek" uid="693154" lat="50.0627332" lon="19.9370161"/>
 <node id="3085279877" visible="true" version="1" changeset="25530048" timestamp="2014-09-18T21:10:01Z" user="Władysław Komorek" uid="693154" lat="50.0627338" lon="19.9370132"/>
 <node id="3085279878" visible="true" version="1" changeset="25530048" timestamp="2014-09-18T21:10:01Z" user="Władysław Komorek" uid="693154" lat="50.0627347" lon="19.9370277"/>
 <node id="3085279879" visible="true" version="1" changeset="25530048" timestamp="2014-09-18T21:10:01Z" user="Władysław Komorek" uid="693154" lat="50.0627361" lon="19.9370083"/>
 <node id="3085279880" visible="true" version="1" changeset="25530048" timestamp="2014-09-18T21:10:02Z" user="Władysław Komorek" uid="693154" lat="50.0627395" lon="19.9370330"/>
 <node id="3085279881" visible="true" version="1" changeset="25530048" timestamp="2014-09-18T21:10:03Z" user="Władysław Komorek" uid="693154" lat="50.0627431" lon="19.9370181">
  <tag k="leaf_type" v="broadleaved"/>
  <tag k="natural" v="tree"/>
 </node>
 <node id="3085279882" visible="true" version="1" changeset="25530048" timestamp="2014-09-18T21:10:03Z" user="Władysław Komorek" uid="693154" lat="50.0627435" lon="19.9370335"/>
 <node id="3085279883" visible="true" version="1" changeset="25530048" timestamp="2014-09-18T21:10:03Z" user="Władysław Komorek" uid="693154" lat="50.0627472" lon="19.9370315"/>
 <node id="3085279884" visible="true" version="1" changeset="25530048" timestamp="2014-09-18T21:10:05Z" user="Władysław Komorek" uid="693154" lat="50.0627515" lon="19.9370214"/>
 <node id="3085279885" visible="true" version="1" changeset="25530048" timestamp="2014-09-18T21:10:05Z" user="Władysław Komorek" uid="693154" lat="50.0627516" lon="19.9370185"/>
 <node id="3085280133" visible="true" version="1" changeset="25530048" timestamp="2014-09-18T21:10:01Z" user="Władysław Komorek" uid="693154" lat="50.0627361" lon="19.9370299"/>
 <node id="3085280134" visible="true" version="1" changeset="25530048" timestamp="2014-09-18T21:10:02Z" user="Władysław Komorek" uid="693154" lat="50.0627413" lon="19.9370047"/>
 <node id="3085280139" visible="true" version="1" changeset="25530048" timestamp="2014-09-18T21:10:03Z" user="Władysław Komorek" uid="693154" lat="50.0627450" lon="19.9370053"/>
 <node id="3085280140" visible="true" version="1" changeset="25530048" timestamp="2014-09-18T21:10:03Z" user="Władysław Komorek" uid="693154" lat="50.0627468" lon="19.9370065"/>
 <node id="3085280141" visible="true" version="1" changeset="25530048" timestamp="2014-09-18T21:10:04Z" user="Władysław Komorek" uid="693154" lat="50.0627488" lon="19.9370296"/>
 <node id="3085280142" visible="true" version="1" changeset="25530048" timestamp="2014-09-18T21:10:04Z" user="Władysław Komorek" uid="693154" lat="50.0627497" lon="19.9370103"/>
 <node id="3085280143" visible="true" version="1" changeset="25530048" timestamp="2014-09-18T21:10:04Z" user="Władysław Komorek" uid="693154" lat="50.0627500" lon="19.9370272"/>
 <node id="3085280144" visible="true" version="1" changeset="25530048" timestamp="2014-09-18T21:10:04Z" user="Władysław Komorek" uid="693154" lat="50.0627507" lon="19.9370128"/>
 <node id="3085280145" visible="true" version="1" changeset="25530048" timestamp="2014-09-18T21:10:04Z" user="Władysław Komorek" uid="693154" lat="50.0627513" lon="19.9370155"/>
 <node id="3085312910" visible="true" version="2" changeset="25530932" timestamp="2014-09-18T21:59:02Z" user="Władysław Komorek" uid="693154" lat="50.0621685" lon="19.9390270"/>
 <node id="3085312911" visible="true" version="2" changeset="25530932" timestamp="2014-09-18T21:59:02Z" user="Władysław Komorek" uid="693154" lat="50.0621859" lon="19.9389747"/>
 <node id="3085312912" visible="true" version="2" changeset="25530932" timestamp="2014-09-18T21:59:02Z" user="Władysław Komorek" uid="693154" lat="50.0621931" lon="19.9389485"/>
 <node id="3085312914" visible="true" version="2" changeset="25530932" timestamp="2014-09-18T21:59:02Z" user="Władysław Komorek" uid="693154" lat="50.0623567" lon="19.9384506"/>
 <node id="3085312915" visible="true" version="1" changeset="25530849" timestamp="2014-09-18T21:50:39Z" user="Władysław Komorek" uid="693154" lat="50.0623641" lon="19.9384219"/>
 <node id="3085312918" visible="true" version="1" changeset="25530849" timestamp="2014-09-18T21:50:40Z" user="Władysław Komorek" uid="693154" lat="50.0623965" lon="19.9382905"/>
 <node id="3085312919" visible="true" version="2" changeset="25530932" timestamp="2014-09-18T21:59:02Z" user="Władysław Komorek" uid="693154" lat="50.0624118" lon="19.9382334"/>
 <node id="3085312920" visible="true" version="2" changeset="25530932" timestamp="2014-09-18T21:59:03Z" user="Władysław Komorek" uid="693154" lat="50.0624145" lon="19.9382352"/>
 <node id="3085315208" visible="true" version="2" changeset="25530932" timestamp="2014-09-18T21:59:03Z" user="Władysław Komorek" uid="693154" lat="50.0621328" lon="19.9391426"/>
 <node id="3085315209" visible="true" version="2" changeset="25530932" timestamp="2014-09-18T21:59:03Z" user="Władysław Komorek" uid="693154" lat="50.0621341" lon="19.9391432"/>
 <node id="3085315212" visible="true" version="1" changeset="25530849" timestamp="2014-09-18T21:50:33Z" user="Władysław Komorek" uid="693154" lat="50.0621704" lon="19.9390293"/>
 <node id="3085315213" visible="true" version="2" changeset="25530932" timestamp="2014-09-18T21:59:03Z" user="Władysław Komorek" uid="693154" lat="50.0621877" lon="19.9389640"/>
 <node id="3085315215" visible="true" version="2" changeset="25530932" timestamp="2014-09-18T21:59:03Z" user="Władysław Komorek" uid="693154" lat="50.0623524" lon="19.9384475"/>
 <node id="3085315216" visible="true" version="1" changeset="25530849" timestamp="2014-09-18T21:50:39Z" user="Władysław Komorek" uid="693154" lat="50.0623611" lon="19.9384196"/>
 <node id="3085315222" visible="true" version="1" changeset="25530849" timestamp="2014-09-18T21:50:42Z" user="Władysław Komorek" uid="693154" lat="50.0624385" lon="19.9381571"/>
 <node id="3085316089" visible="true" version="1" changeset="25530849" timestamp="2014-09-18T21:50:39Z" user="Władysław Komorek" uid="693154" lat="50.0623643" lon="19.9384097"/>
 <node id="3085316199" visible="true" version="2" changeset="25530932" timestamp="2014-09-18T21:59:03Z" user="Władysław Komorek" uid="693154" lat="50.0621964" lon="19.9389514"/>
 <node id="3085316200" visible="true" version="2" changeset="25530932" timestamp="2014-09-18T21:59:04Z" user="Władysław Komorek" uid="693154" lat="50.0622034" lon="19.9389176"/>
 <node id="3085316202" visible="true" version="2" changeset="25530932" timestamp="2014-09-18T21:59:04Z" user="Władysław Komorek" uid="693154" lat="50.0622067" lon="19.9389196"/>
 <node id="3085316204" visible="true" version="1" changeset="25530849" timestamp="2014-09-18T21:50:35Z" user="Władysław Komorek" uid="693154" lat="50.0622131" lon="19.9388826"/>
 <node id="3085316205" visible="true" version="2" changeset="25530932" timestamp="2014-09-18T21:59:04Z" user="Władysław Komorek" uid="693154" lat="50.0622150" lon="19.9388842"/>
 <node id="3085316206" visible="true" version="2" changeset="25530932" timestamp="2014-09-18T21:59:04Z" user="Władysław Komorek" uid="693154" lat="50.0622218" lon="19.9388536"/>
 <node id="3085316207" visible="true" version="2" changeset="25530932" timestamp="2014-09-18T21:59:04Z" user="Władysław Komorek" uid="693154" lat="50.0622241" lon="19.9388552"/>
 <node id="3085316208" visible="true" version="2" changeset="25530932" timestamp="2014-09-18T21:59:04Z" user="Władysław Komorek" uid="693154" lat="50.0622255" lon="19.9388413"/>
 <node id="3085316209" visible="true" version="1" changeset="25530849" timestamp="2014-09-18T21:50:36Z" user="Władysław Komorek" uid="693154" lat="50.0622279" lon="19.9388429"/>
 <node id="3085316210" visible="true" version="2" changeset="25530932" timestamp="2014-09-18T21:59:05Z" user="Władysław Komorek" uid="693154" lat="50.0622320" lon="19.9388194"/>
 <node id="3085316211" visible="true" version="1" changeset="25530849" timestamp="2014-09-18T21:50:36Z" user="Władysław Komorek" uid="693154" lat="50.0622352" lon="19.9388217"/>
 <node id="3085316212" visible="true" version="2" changeset="25530932" timestamp="2014-09-18T21:59:05Z" user="Władysław Komorek" uid="693154" lat="50.0622354" lon="19.9388082"/>
 <node id="3085316213" visible="true" version="1" changeset="25530849" timestamp="2014-09-18T21:50:36Z" user="Władysław Komorek" uid="693154" lat="50.0622388" lon="19.9388110"/>
 <node id="3085316214" visible="true" version="1" changeset="25530849" timestamp="2014-09-18T21:50:36Z" user="Władysław Komorek" uid="693154" lat="50.0622439" lon="19.9387781"/>
 <node id="3085316215" visible="true" version="2" changeset="25530932" timestamp="2014-09-18T21:59:05Z" user="Władysław Komorek" uid="693154" lat="50.0622472" lon="19.9387674"/>
 <node id="3085316216" visible="true" version="2" changeset="25530932" timestamp="2014-09-18T21:59:05Z" user="Władysław Komorek" uid="693154" lat="50.0622472" lon="19.9387812"/>
 <node id="3085316229" visible="true" version="2" changeset="25530932" timestamp="2014-09-18T21:59:05Z" user="Władysław Komorek" uid="693154" lat="50.0623957" lon="19.9382938"/>
 <node id="3085316234" visible="true" version="2" changeset="25530932" timestamp="2014-09-18T21:59:05Z" user="Władysław Komorek" uid="693154" lat="50.0624358" lon="19.9381551"/>
 <node id="3085318610" visible="true" version="1" changeset="25530932" timestamp="2014-09-18T21:58:57Z" user="Władysław Komorek" uid="693154" lat="50.0621718" lon="19.9390176"/>
 <node id="3085320374" visible="true" version="1" changeset="25530932" timestamp="2014-09-18T21:58:58Z" user="Władysław Komorek" uid="693154" lat="50.0621887" lon="19.9389620"/>
 <node id="3085352440" visible="true" version="1" changeset="25531142" timestamp="2014-09-18T22:19:48Z" user="Władysław Komorek" uid="693154" lat="50.0619125" lon="19.9360701">
  <tag k="highway" v="street_lamp"/>
 </node>
 <node id="3085352451" visible="true" version="1" changeset="25531142" timestamp="2014-09-18T22:19:50Z" user="Władysław Komorek" uid="693154" lat="50.0627575" lon="19.9369922">
  <tag k="highway" v="street_lamp"/>
 </node>
 <node id="3085352453" visible="true" version="1" changeset="25531142" timestamp="2014-09-18T22:19:50Z" user="Władysław Komorek" uid="693154" lat="50.0628635" lon="19.9368027">
  <tag k="highway" v="street_lamp"/>
 </node>
 <node id="3085377210" visible="true" version="1" changeset="25531303" timestamp="2014-09-18T22:35:27Z" user="Władysław Komorek" uid="693154" lat="50.0626322" lon="19.9375596"/>
 <node id="3085377211" visible="true" version="1" changeset="25531303" timestamp="2014-09-18T22:35:27Z" user="Władysław Komorek" uid="693154" lat="50.0628689" lon="19.9374578"/>
 <node id="3085377212" visible="true" version="1" changeset="25531303" timestamp="2014-09-18T22:35:28Z" user="Władysław Komorek" uid="693154" lat="50.0630349" lon="19.9371460"/>
 <node id="3085386579" visible="true" version="1" changeset="25531303" timestamp="2014-09-18T22:35:27Z" user="Władysław Komorek" uid="693154" lat="50.0627119" lon="19.9373301"/>
 <node id="3085386580" visible="true" version="1" changeset="25531303" timestamp="2014-09-18T22:35:27Z" user="Władysław Komorek" uid="693154" lat="50.0629927" lon="19.9372752"/>
 <node id="3085387341" visible="true" version="1" changeset="25531303" timestamp="2014-09-18T22:35:27Z" user="Władysław Komorek" uid="693154" lat="50.0627971" lon="19.9376716"/>
 <node id="3090420718" visible="true" version="1" changeset="25598849" timestamp="2014-09-22T09:40:08Z" user="Władysław Komorek" uid="693154" lat="50.0610835" lon="19.9361088">
  <tag k="addr:city" v="Kraków"/>
  <tag k="addr:housenumber" v="23"/>
  <tag k="addr:postcode" v="31-008"/>
  <tag k="addr:street" v="Rynek Główny"/>
 </node>
 <node id="3090421747" visible="true" version="1" changeset="25598849" timestamp="2014-09-22T09:41:49Z" user="Władysław Komorek" uid="693154" lat="50.0608824" lon="19.9360138"/>
 <node id="3090421749" visible="true" version="1" changeset="25598849" timestamp="2014-09-22T09:41:50Z" user="Władysław Komorek" uid="693154" lat="50.0608952" lon="19.9359706"/>
 <node id="3090421753" visible="true" version="1" changeset="25598849" timestamp="2014-09-22T09:41:51Z" user="Władysław Komorek" uid="693154" lat="50.0609082" lon="19.9362638"/>
 <node id="3090421754" visible="true" version="1" changeset="25598849" timestamp="2014-09-22T09:41:51Z" user="Władysław Komorek" uid="693154" lat="50.0609089" lon="19.9362547"/>
 <node id="3090421763" visible="true" version="1" changeset="25598849" timestamp="2014-09-22T09:41:53Z" user="Władysław Komorek" uid="693154" lat="50.0609355" lon="19.9358600"/>
 <node id="3090423792" visible="true" version="1" changeset="25598849" timestamp="2014-09-22T09:40:08Z" user="Władysław Komorek" uid="693154" lat="50.0610271" lon="19.9362421">
  <tag k="addr:city" v="Kraków"/>
  <tag k="addr:housenumber" v="22"/>
  <tag k="addr:postcode" v="31-008"/>
  <tag k="addr:street" v="Rynek Główny"/>
 </node>
 <node id="3090423836" visible="true" version="2" changeset="127958666" timestamp="2022-10-23T13:58:38Z" user="ivanbranco" uid="11220113" lat="50.0608189" lon="19.9361866"/>
 <node id="3090423845" visible="true" version="1" changeset="25598849" timestamp="2014-09-22T09:41:56Z" user="Władysław Komorek" uid="693154" lat="50.0609664" lon="19.9357587"/>
 <node id="3090423847" visible="true" version="1" changeset="25598849" timestamp="2014-09-22T09:41:59Z" user="Władysław Komorek" uid="693154" lat="50.0610134" lon="19.9363453"/>
 <node id="3090423848" visible="true" version="1" changeset="25598849" timestamp="2014-09-22T09:42:00Z" user="Władysław Komorek" uid="693154" lat="50.0610171" lon="19.9363308"/>
 <node id="3090424225" visible="true" version="1" changeset="25598849" timestamp="2014-09-22T09:41:39Z" user="Władysław Komorek" uid="693154" lat="50.0606829" lon="19.9360958"/>
 <node id="3090424228" visible="true" version="1" changeset="25598849" timestamp="2014-09-22T09:41:41Z" user="Władysław Komorek" uid="693154" lat="50.0607111" lon="19.9359727"/>
 <node id="3090424232" visible="true" version="1" changeset="25598849" timestamp="2014-09-22T09:41:57Z" user="Władysław Komorek" uid="693154" lat="50.0609748" lon="19.9364639"/>
 <node id="3090425483" visible="true" version="1" changeset="25598849" timestamp="2014-09-22T09:41:42Z" user="Władysław Komorek" uid="693154" lat="50.0607270" lon="19.9359161"/>
 <node id="3090425494" visible="true" version="1" changeset="25598849" timestamp="2014-09-22T09:41:44Z" user="Władysław Komorek" uid="693154" lat="50.0607657" lon="19.9363806"/>
 <node id="3090425503" visible="true" version="1" changeset="25598849" timestamp="2014-09-22T09:41:49Z" user="Władysław Komorek" uid="693154" lat="50.0608803" lon="19.9360121"/>
 <node id="3090425509" visible="true" version="2" changeset="126964142" timestamp="2022-10-04T00:05:49Z" user="edc22" uid="6529331" lat="50.0609085" lon="19.9364917"/>
 <node id="3090425510" visible="true" version="1" changeset="25598849" timestamp="2014-09-22T09:41:51Z" user="Władysław Komorek" uid="693154" lat="50.0609090" lon="19.9362546"/>
 <node id="3090425511" visible="true" version="1" changeset="25598849" timestamp="2014-09-22T09:41:51Z" user="Władysław Komorek" uid="693154" lat="50.0609092" lon="19.9364892"/>
 <node id="3090425512" visible="true" version="1" changeset="25598849" timestamp="2014-09-22T09:41:52Z" user="Władysław Komorek" uid="693154" lat="50.0609220" lon="19.9358969"/>
 <node id="3090425514" visible="true" version="1" changeset="25598849" timestamp="2014-09-22T09:41:52Z" user="Władysław Komorek" uid="693154" lat="50.0609263" lon="19.9358519"/>
 <node id="3090425516" visible="true" version="1" changeset="25598849" timestamp="2014-09-22T09:41:53Z" user="Władysław Komorek" uid="693154" lat="50.0609365" lon="19.9358607"/>
 <node id="3090425577" visible="true" version="1" changeset="25598849" timestamp="2014-09-22T09:41:43Z" user="Władysław Komorek" uid="693154" lat="50.0607345" lon="19.9359085"/>
 <node id="3090425581" visible="true" version="1" changeset="25598849" timestamp="2014-09-22T09:41:45Z" user="Władysław Komorek" uid="693154" lat="50.0607670" lon="19.9363755"/>
 <node id="3090425906" visible="true" version="1" changeset="25598849" timestamp="2014-09-22T09:41:56Z" user="Władysław Komorek" uid="693154" lat="50.0609642" lon="19.9357667"/>
 <node id="3090425907" visible="true" version="1" changeset="25598849" timestamp="2014-09-22T09:41:56Z" user="Władysław Komorek" uid="693154" lat="50.0609656" lon="19.9364854"/>
 <node id="3090425908" visible="true" version="1" changeset="25598849" timestamp="2014-09-22T09:41:56Z" user="Władysław Komorek" uid="693154" lat="50.0609657" lon="19.9357582"/>
 <node id="3090425909" visible="true" version="1" changeset="25598849" timestamp="2014-09-22T09:41:57Z" user="Władysław Komorek" uid="693154" lat="50.0609670" lon="19.9364865"/>
 <node id="3090425911" visible="true" version="1" changeset="25598849" timestamp="2014-09-22T09:41:57Z" user="Władysław Komorek" uid="693154" lat="50.0609733" lon="19.9364628"/>
 <node id="3090425913" visible="true" version="1" changeset="25598849" timestamp="2014-09-22T09:41:57Z" user="Władysław Komorek" uid="693154" lat="50.0609770" lon="19.9364514"/>
 <node id="3090425914" visible="true" version="1" changeset="25598849" timestamp="2014-09-22T09:41:58Z" user="Władysław Komorek" uid="693154" lat="50.0609785" lon="19.9364526"/>
 <node id="3090425917" visible="true" version="1" changeset="25598849" timestamp="2014-09-22T09:41:58Z" user="Władysław Komorek" uid="693154" lat="50.0609845" lon="19.9364286"/>
 <node id="3090425919" visible="true" version="1" changeset="25598849" timestamp="2014-09-22T09:41:58Z" user="Władysław Komorek" uid="693154" lat="50.0609860" lon="19.9364295"/>
 <node id="3090425920" visible="true" version="1" changeset="25598849" timestamp="2014-09-22T09:41:58Z" user="Władysław Komorek" uid="693154" lat="50.0609891" lon="19.9364202"/>
 <node id="3090425921" visible="true" version="1" changeset="25598849" timestamp="2014-09-22T09:41:59Z" user="Władysław Komorek" uid="693154" lat="50.0609903" lon="19.9364210"/>
 <node id="3090425922" visible="true" version="1" changeset="25598849" timestamp="2014-09-22T09:41:59Z" user="Władysław Komorek" uid="693154" lat="50.0609997" lon="19.9363884"/>
 <node id="3090425923" visible="true" version="1" changeset="25598849" timestamp="2014-09-22T09:41:59Z" user="Władysław Komorek" uid="693154" lat="50.0610007" lon="19.9363893"/>
 <node id="3090425925" visible="true" version="1" changeset="25598849" timestamp="2014-09-22T09:41:59Z" user="Władysław Komorek" uid="693154" lat="50.0610151" lon="19.9363293"/>
 <node id="3090425926" visible="true" version="1" changeset="25598849" timestamp="2014-09-22T09:42:00Z" user="Władysław Komorek" uid="693154" lat="50.0610241" lon="19.9363012"/>
 <node id="3090425927" visible="true" version="1" changeset="25598849" timestamp="2014-09-22T09:42:00Z" user="Władysław Komorek" uid="693154" lat="50.0610277" lon="19.9362909"/>
 <node id="3090425929" visible="true" version="1" changeset="25598849" timestamp="2014-09-22T09:42:01Z" user="Władysław Komorek" uid="693154" lat="50.0610419" lon="19.9362381"/>
 <node id="3090425930" visible="true" version="1" changeset="25598849" timestamp="2014-09-22T09:42:01Z" user="Władysław Komorek" uid="693154" lat="50.0610462" lon="19.9362415"/>
 <node id="3090425931" visible="true" version="1" changeset="25598849" timestamp="2014-09-22T09:42:01Z" user="Władysław Komorek" uid="693154" lat="50.0610611" lon="19.9361968"/>
 <node id="3090425932" visible="true" version="1" changeset="25598849" timestamp="2014-09-22T09:42:02Z" user="Władysław Komorek" uid="693154" lat="50.0610648" lon="19.9361774"/>
 <node id="3090425933" visible="true" version="1" changeset="25598849" timestamp="2014-09-22T09:42:02Z" user="Władysław Komorek" uid="693154" lat="50.0610741" lon="19.9361660"/>
 <node id="3090425935" visible="true" version="1" changeset="25598849" timestamp="2014-09-22T09:42:03Z" user="Władysław Komorek" uid="693154" lat="50.0611031" lon="19.9360772"/>
 <node id="3090425936" visible="true" version="1" changeset="25598849" timestamp="2014-09-22T09:42:03Z" user="Władysław Komorek" uid="693154" lat="50.0611354" lon="19.9359597"/>
 <node id="3090425939" visible="true" version="1" changeset="25598849" timestamp="2014-09-22T09:42:05Z" user="Władysław Komorek" uid="693154" lat="50.0612163" lon="19.9357160"/>
 <node id="3090426266" visible="true" version="1" changeset="25598849" timestamp="2014-09-22T09:41:54Z" user="Władysław Komorek" uid="693154" lat="50.0609441" lon="19.9358027"/>
 <node id="3090426268" visible="true" version="1" changeset="25598849" timestamp="2014-09-22T09:41:55Z" user="Władysław Komorek" uid="693154" lat="50.0609527" lon="19.9360745"/>
 <node id="3090426269" visible="true" version="1" changeset="25598849" timestamp="2014-09-22T09:41:55Z" user="Władysław Komorek" uid="693154" lat="50.0609548" lon="19.9360673"/>
 <node id="3090426270" visible="true" version="1" changeset="25598849" timestamp="2014-09-22T09:41:55Z" user="Władysław Komorek" uid="693154" lat="50.0609556" lon="19.9357759"/>
 <node id="3090426271" visible="true" version="1" changeset="25598849" timestamp="2014-09-22T09:41:55Z" user="Władysław Komorek" uid="693154" lat="50.0609581" lon="19.9357789"/>
 <node id="3090426276" visible="true" version="1" changeset="25598849" timestamp="2014-09-22T09:41:56Z" user="Władysław Komorek" uid="693154" lat="50.0609622" lon="19.9357642"/>
 <node id="3090426310" visible="true" version="1" changeset="25598849" timestamp="2014-09-22T09:42:01Z" user="Władysław Komorek" uid="693154" lat="50.0610569" lon="19.9361934"/>
 <node id="3090426311" visible="true" version="1" changeset="25598849" timestamp="2014-09-22T09:42:01Z" user="Władysław Komorek" uid="693154" lat="50.0610644" lon="19.9361873"/>
 <node id="3090426312" visible="true" version="1" changeset="25598849" timestamp="2014-09-22T09:42:02Z" user="Władysław Komorek" uid="693154" lat="50.0610705" lon="19.9361630"/>
 <node id="3090426314" visible="true" version="1" changeset="25598849" timestamp="2014-09-22T09:42:03Z" user="Władysław Komorek" uid="693154" lat="50.0611016" lon="19.9360754"/>
 <node id="3090426315" visible="true" version="1" changeset="25598849" timestamp="2014-09-22T09:42:03Z" user="Władysław Komorek" uid="693154" lat="50.0611132" lon="19.9360470"/>
 <node id="3090426316" visible="true" version="1" changeset="25598849" timestamp="2014-09-22T09:42:04Z" user="Władysław Komorek" uid="693154" lat="50.0611514" lon="19.9359206"/>
 <node id="3090426318" visible="true" version="1" changeset="25598849" timestamp="2014-09-22T09:42:04Z" user="Władysław Komorek" uid="693154" lat="50.0612152" lon="19.9357154"/>
 <node id="3090426319" visible="true" version="1" changeset="25598849" timestamp="2014-09-22T09:42:05Z" user="Władysław Komorek" uid="693154" lat="50.0612191" lon="19.9357006"/>
 <node id="3090426320" visible="true" version="1" changeset="25598849" timestamp="2014-09-22T09:42:05Z" user="Władysław Komorek" uid="693154" lat="50.0612295" lon="19.9356686"/>
 <node id="3090426466" visible="true" version="1" changeset="25598849" timestamp="2014-09-22T09:42:00Z" user="Władysław Komorek" uid="693154" lat="50.0610261" lon="19.9363027"/>
 <node id="3090426467" visible="true" version="1" changeset="25598849" timestamp="2014-09-22T09:42:00Z" user="Władysław Komorek" uid="693154" lat="50.0610296" lon="19.9362923"/>
 <node id="3090426468" visible="true" version="1" changeset="25598849" timestamp="2014-09-22T09:42:00Z" user="Władysław Komorek" uid="693154" lat="50.0610413" lon="19.9362495"/>
 <node id="3090426469" visible="true" version="1" changeset="25598849" timestamp="2014-09-22T09:42:01Z" user="Władysław Komorek" uid="693154" lat="50.0610432" lon="19.9362510"/>
 <node id="3090426471" visible="true" version="1" changeset="25598849" timestamp="2014-09-22T09:42:01Z" user="Władysław Komorek" uid="693154" lat="50.0610622" lon="19.9361855"/>
 <node id="3090426472" visible="true" version="1" changeset="25598849" timestamp="2014-09-22T09:42:02Z" user="Władysław Komorek" uid="693154" lat="50.0610692" lon="19.9361814"/>
 <node id="3090426475" visible="true" version="1" changeset="25598849" timestamp="2014-09-22T09:42:03Z" user="Władysław Komorek" uid="693154" lat="50.0611112" lon="19.9360454"/>
 <node id="3090426476" visible="true" version="1" changeset="25598849" timestamp="2014-09-22T09:42:03Z" user="Władysław Komorek" uid="693154" lat="50.0611392" lon="19.9359620"/>
 <node id="3090426477" visible="true" version="1" changeset="25598849" timestamp="2014-09-22T09:42:04Z" user="Władysław Komorek" uid="693154" lat="50.0612144" lon="19.9357181"/>
 <node id="3090426478" visible="true" version="1" changeset="25598849" timestamp="2014-09-22T09:42:05Z" user="Władysław Komorek" uid="693154" lat="50.0612186" lon="19.9356987"/>
 <node id="3090819743" visible="true" version="1" changeset="25605915" timestamp="2014-09-22T15:24:57Z" user="Władysław Komorek" uid="693154" lat="50.0601134" lon="19.9375841"/>
 <node id="3090820032" visible="true" version="2" changeset="169637363" timestamp="2025-07-28T21:20:28Z" user="uprkos" uid="11239973" lat="50.0602431" lon="19.9375196">
  <tag k="entrance" v="yes"/>
  <tag k="width" v="1.53"/>
 </node>
 <node id="3090820033" visible="true" version="1" changeset="25605915" timestamp="2014-09-22T15:25:37Z" user="Władysław Komorek" uid="693154" lat="50.0608990" lon="19.9366991"/>
 <node id="3090820077" visible="true" version="2" changeset="120475907" timestamp="2022-05-02T19:37:49Z" user="ivanbranco" uid="11220113" lat="50.0607802" lon="19.9370034"/>
 <node id="3090820078" visible="true" version="2" changeset="120475907" timestamp="2022-05-02T19:37:49Z" user="ivanbranco" uid="11220113" lat="50.0607826" lon="19.9369912"/>
 <node id="3090820079" visible="true" version="2" changeset="120475907" timestamp="2022-05-02T19:37:49Z" user="ivanbranco" uid="11220113" lat="50.0607834" lon="19.9369991"/>
 <node id="3090820080" visible="true" version="2" changeset="120475907" timestamp="2022-05-02T19:37:49Z" user="ivanbranco" uid="11220113" lat="50.0607844" lon="19.9369970"/>
 <node id="3090820081" visible="true" version="2" changeset="120475907" timestamp="2022-05-02T19:37:49Z" user="ivanbranco" uid="11220113" lat="50.0607849" lon="19.9369940"/>
 <node id="3090820082" visible="true" version="2" changeset="120475907" timestamp="2022-05-02T19:37:49Z" user="ivanbranco" uid="11220113" lat="50.0607984" lon="19.9369703"/>
 <node id="3090820083" visible="true" version="1" changeset="25605915" timestamp="2014-09-22T15:25:28Z" user="Władysław Komorek" uid="693154" lat="50.0608011" lon="19.9369629"/>
 <node id="3090820085" visible="true" version="2" changeset="120475907" timestamp="2022-05-02T19:37:49Z" user="ivanbranco" uid="11220113" lat="50.0608025" lon="19.9369585"/>
 <node id="3090820086" visible="true" version="2" changeset="120475907" timestamp="2022-05-02T19:37:49Z" user="ivanbranco" uid="11220113" lat="50.0608048" lon="19.9369612"/>
 <node id="3090820087" visible="true" version="2" changeset="120475907" timestamp="2022-05-02T19:37:49Z" user="ivanbranco" uid="11220113" lat="50.0608061" lon="19.9369508"/>
 <node id="3090820088" visible="true" version="2" changeset="120475907" timestamp="2022-05-02T19:37:49Z" user="ivanbranco" uid="11220113" lat="50.0608084" lon="19.9369538"/>
 <node id="3090820089" visible="true" version="1" changeset="25605915" timestamp="2014-09-22T15:25:31Z" user="Władysław Komorek" uid="693154" lat="50.0608330" lon="19.9368951"/>
 <node id="3090820091" visible="true" version="1" changeset="25605915" timestamp="2014-09-22T15:25:32Z" user="Władysław Komorek" uid="693154" lat="50.0608426" lon="19.9368657"/>
 <node id="3090820093" visible="true" version="1" changeset="25605915" timestamp="2014-09-22T15:25:33Z" user="Władysław Komorek" uid="693154" lat="50.0608503" lon="19.9368490"/>
 <node id="3090820095" visible="true" version="1" changeset="25605915" timestamp="2014-09-22T15:25:33Z" user="Władysław Komorek" uid="693154" lat="50.0608585" lon="19.9368251"/>
 <node id="3090820101" visible="true" version="1" changeset="25605915" timestamp="2014-09-22T15:25:36Z" user="Władysław Komorek" uid="693154" lat="50.0608853" lon="19.9367418"/>
 <node id="3090821177" visible="true" version="1" changeset="25605915" timestamp="2014-09-22T15:25:02Z" user="Władysław Komorek" uid="693154" lat="50.0603123" lon="19.9374823"/>
 <node id="3090821193" visible="true" version="1" changeset="25605915" timestamp="2014-09-22T15:25:10Z" user="Władysław Komorek" uid="693154" lat="50.0604415" lon="19.9373837"/>
 <node id="3090821194" visible="true" version="1" changeset="25605915" timestamp="2014-09-22T15:25:10Z" user="Władysław Komorek" uid="693154" lat="50.0604496" lon="19.9373776"/>
 <node id="3090821215" visible="true" version="2" changeset="115383293" timestamp="2021-12-26T11:39:06Z" user="Mateusz Konieczny" uid="1722488" lat="50.0605304" lon="19.9373158"/>
 <node id="3090821217" visible="true" version="3" changeset="183783251" timestamp="2026-06-07T14:16:31Z" user="ArabianNaito" uid="6748379" lat="50.0605343" lon="19.9373095"/>
 <node id="3090821220" visible="true" version="1" changeset="25605915" timestamp="2014-09-22T15:25:18Z" user="Władysław Komorek" uid="693154" lat="50.0605423" lon="19.9373029"/>
 <node id="3090821223" visible="true" version="2" changeset="145251654" timestamp="2023-12-18T13:31:12Z" user="FlyingWitchDog" uid="14052707" lat="50.0605529" lon="19.9372950"/>
 <node id="3090821247" visible="true" version="1" changeset="25605915" timestamp="2014-09-22T15:25:27Z" user="Władysław Komorek" uid="693154" lat="50.0607944" lon="19.9369689"/>
 <node id="3090821249" visible="true" version="1" changeset="25605915" timestamp="2014-09-22T15:25:27Z" user="Władysław Komorek" uid="693154" lat="50.0607966" lon="19.9369718"/>
 <node id="3090821252" visible="true" version="1" changeset="25605915" timestamp="2014-09-22T15:25:28Z" user="Władysław Komorek" uid="693154" lat="50.0607994" lon="19.9369687"/>
 <node id="3090821254" visible="true" version="1" changeset="25605915" timestamp="2014-09-22T15:25:28Z" user="Władysław Komorek" uid="693154" lat="50.0608008" lon="19.9369618"/>
 <node id="3090821264" visible="true" version="1" changeset="25605915" timestamp="2014-09-22T15:25:32Z" user="Władysław Komorek" uid="693154" lat="50.0608483" lon="19.9368477"/>
 <node id="3090821785" visible="true" version="1" changeset="25605915" timestamp="2014-09-22T15:25:13Z" user="Władysław Komorek" uid="693154" lat="50.0604769" lon="19.9373599"/>
 <node id="3090821793" visible="true" version="1" changeset="25605915" timestamp="2014-09-22T15:25:25Z" user="Władysław Komorek" uid="693154" lat="50.0607344" lon="19.9370939"/>
 <node id="3090821794" visible="true" version="2" changeset="120475907" timestamp="2022-05-02T19:37:49Z" user="ivanbranco" uid="11220113" lat="50.0607798" lon="19.9370028"/>
 <node id="3090822269" visible="true" version="1" changeset="25605915" timestamp="2014-09-22T15:25:13Z" user="Władysław Komorek" uid="693154" lat="50.0604734" lon="19.9373641"/>
 <node id="3090822296" visible="true" version="1" changeset="25605915" timestamp="2014-09-22T15:25:36Z" user="Władysław Komorek" uid="693154" lat="50.0608932" lon="19.9367169"/>
 <node id="3090822299" visible="true" version="1" changeset="25605915" timestamp="2014-09-22T15:25:38Z" user="Władysław Komorek" uid="693154" lat="50.0609063" lon="19.9366690"/>
 <node id="3090822806" visible="true" version="1" changeset="25605915" timestamp="2014-09-22T15:25:30Z" user="Władysław Komorek" uid="693154" lat="50.0608148" lon="19.9369327"/>
 <node id="3090822809" visible="true" version="1" changeset="25605915" timestamp="2014-09-22T15:25:30Z" user="Władysław Komorek" uid="693154" lat="50.0608174" lon="19.9369356"/>
 <node id="3090822812" visible="true" version="1" changeset="25605915" timestamp="2014-09-22T15:25:30Z" user="Władysław Komorek" uid="693154" lat="50.0608279" lon="19.9369132"/>
 <node id="3090822814" visible="true" version="1" changeset="25605915" timestamp="2014-09-22T15:25:31Z" user="Władysław Komorek" uid="693154" lat="50.0608349" lon="19.9368963"/>
 <node id="3090822816" visible="true" version="1" changeset="25605915" timestamp="2014-09-22T15:25:32Z" user="Władysław Komorek" uid="693154" lat="50.0608444" lon="19.9368673"/>
 <node id="3090822818" visible="true" version="1" changeset="25605915" timestamp="2014-09-22T15:25:33Z" user="Władysław Komorek" uid="693154" lat="50.0608563" lon="19.9368231"/>
 <node id="3090822821" visible="true" version="1" changeset="25605915" timestamp="2014-09-22T15:25:35Z" user="Władysław Komorek" uid="693154" lat="50.0608744" lon="19.9367688"/>
 <node id="3090822823" visible="true" version="1" changeset="25605915" timestamp="2014-09-22T15:25:35Z" user="Władysław Komorek" uid="693154" lat="50.0608753" lon="19.9367655"/>
 <node id="3090822825" visible="true" version="1" changeset="25605915" timestamp="2014-09-22T15:25:36Z" user="Władysław Komorek" uid="693154" lat="50.0608915" lon="19.9367154"/>
 <node id="3090822827" visible="true" version="1" changeset="25605915" timestamp="2014-09-22T15:25:37Z" user="Władysław Komorek" uid="693154" lat="50.0608967" lon="19.9366973"/>
 <node id="3090822829" visible="true" version="1" changeset="25605915" timestamp="2014-09-22T15:25:38Z" user="Władysław Komorek" uid="693154" lat="50.0609083" lon="19.9366708"/>
 <node id="3090823068" visible="true" version="1" changeset="25605915" timestamp="2014-09-22T15:25:34Z" user="Władysław Komorek" uid="693154" lat="50.0608648" lon="19.9367987"/>
 <node id="3090823069" visible="true" version="1" changeset="25605915" timestamp="2014-09-22T15:25:34Z" user="Władysław Komorek" uid="693154" lat="50.0608660" lon="19.9367948"/>
 <node id="3090823073" visible="true" version="1" changeset="25605915" timestamp="2014-09-22T15:25:36Z" user="Władysław Komorek" uid="693154" lat="50.0608832" lon="19.9367401"/>
 <node id="3090925580" visible="true" version="2" changeset="187814112" timestamp="2026-08-21T19:38:38Z" user="Adam Haba" uid="12293030" lat="50.0604185" lon="19.9346262"/>
 <node id="3091091595" visible="true" version="3" changeset="183783251" timestamp="2026-06-07T14:16:31Z" user="ArabianNaito" uid="6748379" lat="50.0603795" lon="19.9378401"/>
 <node id="3091094072" visible="true" version="2" changeset="25609868" timestamp="2014-09-22T18:44:59Z" user="Władysław Komorek" uid="693154" lat="50.0606120" lon="19.9379468"/>
 <node id="3091094204" visible="true" version="2" changeset="25609868" timestamp="2014-09-22T18:45:00Z" user="Władysław Komorek" uid="693154" lat="50.0606125" lon="19.9379449"/>
 <node id="3091298104" visible="true" version="1" changeset="25609868" timestamp="2014-09-22T18:44:17Z" user="Władysław Komorek" uid="693154" lat="50.0609750" lon="19.9382354"/>
 <node id="3091298105" visible="true" version="2" changeset="25611553" timestamp="2014-09-22T20:01:57Z" user="Władysław Komorek" uid="693154" lat="50.0610211" lon="19.9382778"/>
 <node id="3091298106" visible="true" version="1" changeset="25609868" timestamp="2014-09-22T18:44:21Z" user="Władysław Komorek" uid="693154" lat="50.0610222" lon="19.9382750"/>
 <node id="3091298107" visible="true" version="2" changeset="25611553" timestamp="2014-09-22T20:01:57Z" user="Władysław Komorek" uid="693154" lat="50.0610288" lon="19.9382807"/>
 <node id="3091298108" visible="true" version="2" changeset="25611553" timestamp="2014-09-22T20:01:57Z" user="Władysław Komorek" uid="693154" lat="50.0610313" lon="19.9382833"/>
 <node id="3091298111" visible="true" version="1" changeset="25609868" timestamp="2014-09-22T18:44:24Z" user="Władysław Komorek" uid="693154" lat="50.0610600" lon="19.9383080"/>
 <node id="3091298114" visible="true" version="2" changeset="25611553" timestamp="2014-09-22T20:01:57Z" user="Władysław Komorek" uid="693154" lat="50.0610814" lon="19.9383295"/>
 <node id="3091298115" visible="true" version="2" changeset="25611553" timestamp="2014-09-22T20:01:57Z" user="Władysław Komorek" uid="693154" lat="50.0610842" lon="19.9383337"/>
 <node id="3091298116" visible="true" version="2" changeset="25611553" timestamp="2014-09-22T20:01:57Z" user="Władysław Komorek" uid="693154" lat="50.0610848" lon="19.9383325"/>
 <node id="3091298120" visible="true" version="2" changeset="25611553" timestamp="2014-09-22T20:01:58Z" user="Władysław Komorek" uid="693154" lat="50.0611023" lon="19.9383474"/>
 <node id="3091298853" visible="true" version="1" changeset="25609868" timestamp="2014-09-22T18:44:10Z" user="Władysław Komorek" uid="693154" lat="50.0609356" lon="19.9382022"/>
 <node id="3091299421" visible="true" version="2" changeset="25611553" timestamp="2014-09-22T20:01:59Z" user="Władysław Komorek" uid="693154" lat="50.0606967" lon="19.9380052"/>
 <node id="3091299426" visible="true" version="2" changeset="25611553" timestamp="2014-09-22T20:01:59Z" user="Władysław Komorek" uid="693154" lat="50.0607202" lon="19.9380245"/>
 <node id="3091299432" visible="true" version="2" changeset="25611553" timestamp="2014-09-22T20:01:59Z" user="Władysław Komorek" uid="693154" lat="50.0607775" lon="19.9380723"/>
 <node id="3091299442" visible="true" version="2" changeset="25611553" timestamp="2014-09-22T20:01:59Z" user="Władysław Komorek" uid="693154" lat="50.0608721" lon="19.9381481"/>
 <node id="3091299444" visible="true" version="1" changeset="25609868" timestamp="2014-09-22T18:44:07Z" user="Władysław Komorek" uid="693154" lat="50.0608953" lon="19.9381677"/>
 <node id="3091299447" visible="true" version="1" changeset="25609868" timestamp="2014-09-22T18:44:08Z" user="Władysław Komorek" uid="693154" lat="50.0609065" lon="19.9381752"/>
 <node id="3091299747" visible="true" version="2" changeset="25611553" timestamp="2014-09-22T20:01:59Z" user="Władysław Komorek" uid="693154" lat="50.0609359" lon="19.9382010"/>
 <node id="3091300650" visible="true" version="1" changeset="25609868" timestamp="2014-09-22T18:43:55Z" user="Władysław Komorek" uid="693154" lat="50.0606936" lon="19.9380029"/>
 <node id="3091300654" visible="true" version="3" changeset="154032415" timestamp="2024-07-16T20:36:20Z" user="uprkos" uid="11239973" lat="50.0607126" lon="19.9380183">
  <tag k="barrier" v="gate"/>
 </node>
 <node id="3091300657" visible="true" version="2" changeset="25611553" timestamp="2014-09-22T20:02:00Z" user="Władysław Komorek" uid="693154" lat="50.0607254" lon="19.9380296"/>
 <node id="3091300790" visible="true" version="2" changeset="25611553" timestamp="2014-09-22T20:02:00Z" user="Władysław Komorek" uid="693154" lat="50.0608716" lon="19.9381498"/>
 <node id="3091300791" visible="true" version="1" changeset="25609868" timestamp="2014-09-22T18:44:06Z" user="Władysław Komorek" uid="693154" lat="50.0608738" lon="19.9381516"/>
 <node id="3091300792" visible="true" version="1" changeset="25609868" timestamp="2014-09-22T18:44:06Z" user="Władysław Komorek" uid="693154" lat="50.0608904" lon="19.9381729"/>
 <node id="3091300794" visible="true" version="2" changeset="25611553" timestamp="2014-09-22T20:02:00Z" user="Władysław Komorek" uid="693154" lat="50.0609024" lon="19.9381738"/>
 <node id="3091300795" visible="true" version="2" changeset="25611553" timestamp="2014-09-22T20:02:00Z" user="Władysław Komorek" uid="693154" lat="50.0609036" lon="19.9381749"/>
 <node id="3091300810" visible="true" version="2" changeset="25611553" timestamp="2014-09-22T20:02:00Z" user="Władysław Komorek" uid="693154" lat="50.0609272" lon="19.9381994"/>
 <node id="3091300811" visible="true" version="1" changeset="25609868" timestamp="2014-09-22T18:44:09Z" user="Władysław Komorek" uid="693154" lat="50.0609285" lon="19.9381949"/>
 <node id="3091300817" visible="true" version="1" changeset="25609868" timestamp="2014-09-22T18:44:12Z" user="Władysław Komorek" uid="693154" lat="50.0609402" lon="19.9382113"/>
 <node id="3091300826" visible="true" version="2" changeset="25611553" timestamp="2014-09-22T20:02:01Z" user="Władysław Komorek" uid="693154" lat="50.0609670" lon="19.9382289"/>
 <node id="3091300827" visible="true" version="2" changeset="25611553" timestamp="2014-09-22T20:02:01Z" user="Władysław Komorek" uid="693154" lat="50.0609674" lon="19.9382283"/>
 <node id="3091300830" visible="true" version="1" changeset="25609868" timestamp="2014-09-22T18:44:17Z" user="Władysław Komorek" uid="693154" lat="50.0609740" lon="19.9382380"/>
 <node id="3091300859" visible="true" version="1" changeset="25609868" timestamp="2014-09-22T18:44:32Z" user="Władysław Komorek" uid="693154" lat="50.0611734" lon="19.9384091"/>
 <node id="3091300860" visible="true" version="2" changeset="25611553" timestamp="2014-09-22T20:02:02Z" user="Władysław Komorek" uid="693154" lat="50.0611937" lon="19.9384264"/>
 <node id="3091300873" visible="true" version="2" changeset="25611553" timestamp="2014-09-22T20:02:02Z" user="Władysław Komorek" uid="693154" lat="50.0608717" lon="19.9381580"/>
 <node id="3091300875" visible="true" version="1" changeset="25609868" timestamp="2014-09-22T18:44:07Z" user="Władysław Komorek" uid="693154" lat="50.0608924" lon="19.9381678"/>
 <node id="3091300876" visible="true" version="1" changeset="25609868" timestamp="2014-09-22T18:44:07Z" user="Władysław Komorek" uid="693154" lat="50.0608947" lon="19.9381695"/>
 <node id="3091300879" visible="true" version="2" changeset="25611553" timestamp="2014-09-22T20:02:02Z" user="Władysław Komorek" uid="693154" lat="50.0609049" lon="19.9381799"/>
 <node id="3091300970" visible="true" version="2" changeset="25611553" timestamp="2014-09-22T20:02:02Z" user="Władysław Komorek" uid="693154" lat="50.0609407" lon="19.9382117"/>
 <node id="3091300973" visible="true" version="1" changeset="25609868" timestamp="2014-09-22T18:44:15Z" user="Władysław Komorek" uid="693154" lat="50.0609592" lon="19.9382275"/>
 <node id="3091300974" visible="true" version="1" changeset="25609868" timestamp="2014-09-22T18:44:15Z" user="Władysław Komorek" uid="693154" lat="50.0609597" lon="19.9382279"/>
 <node id="3091301052" visible="true" version="2" changeset="25611553" timestamp="2014-09-22T20:02:02Z" user="Władysław Komorek" uid="693154" lat="50.0610808" lon="19.9383304"/>
 <node id="3091301058" visible="true" version="2" changeset="25611553" timestamp="2014-09-22T20:02:02Z" user="Władysław Komorek" uid="693154" lat="50.0611015" lon="19.9383492"/>
 <node id="3091301176" visible="true" version="1" changeset="25609868" timestamp="2014-09-22T18:44:22Z" user="Władysław Komorek" uid="693154" lat="50.0610339" lon="19.9382945"/>
 <node id="3091301178" visible="true" version="2" changeset="25611553" timestamp="2014-09-22T20:02:03Z" user="Władysław Komorek" uid="693154" lat="50.0610345" lon="19.9382950"/>
 <node id="3091301187" visible="true" version="2" changeset="25611553" timestamp="2014-09-22T20:02:03Z" user="Władysław Komorek" uid="693154" lat="50.0610522" lon="19.9383094"/>
 <node id="3091301189" visible="true" version="2" changeset="25611553" timestamp="2014-09-22T20:02:03Z" user="Władysław Komorek" uid="693154" lat="50.0610527" lon="19.9383098"/>
 <node id="3091301192" visible="true" version="2" changeset="25611553" timestamp="2014-09-22T20:02:03Z" user="Władysław Komorek" uid="693154" lat="50.0610593" lon="19.9383101"/>
 <node id="3091301203" visible="true" version="2" changeset="25611553" timestamp="2014-09-22T20:02:04Z" user="Władysław Komorek" uid="693154" lat="50.0611722" lon="19.9384114"/>
 <node id="3091301205" visible="true" version="2" changeset="25611553" timestamp="2014-09-22T20:02:04Z" user="Władysław Komorek" uid="693154" lat="50.0611949" lon="19.9384274"/>
 <node id="3091301479" visible="true" version="2" changeset="25611553" timestamp="2014-09-22T20:02:04Z" user="Władysław Komorek" uid="693154" lat="50.0610280" lon="19.9382842"/>
 <node id="3091301480" visible="true" version="2" changeset="25611553" timestamp="2014-09-22T20:02:04Z" user="Władysław Komorek" uid="693154" lat="50.0610303" lon="19.9382861"/>
 <node id="3091400633" visible="true" version="1" changeset="25611112" timestamp="2014-09-22T19:42:53Z" user="Władysław Komorek" uid="693154" lat="50.0605251" lon="19.9378965"/>
 <node id="3091402918" visible="true" version="2" changeset="126675019" timestamp="2022-09-26T23:47:28Z" user="edc22" uid="6529331" lat="50.0609487" lon="19.9382244"/>
 <node id="3091403495" visible="true" version="1" changeset="25611112" timestamp="2014-09-22T19:43:02Z" user="Władysław Komorek" uid="693154" lat="50.0610417" lon="19.9383070"/>
 <node id="3141413188" visible="true" version="3" changeset="187770517" timestamp="2026-08-21T00:30:14Z" user="Adam Haba" uid="12293030" lat="50.0635814" lon="19.9349954"/>
 <node id="3141428717" visible="true" version="3" changeset="187770517" timestamp="2026-08-21T00:30:14Z" user="Adam Haba" uid="12293030" lat="50.0634502" lon="19.9353304"/>
 <node id="3283873028" visible="true" version="6" changeset="143594047" timestamp="2023-11-03T22:49:37Z" user="b-jazz-bot" uid="9451067" lat="50.0614753" lon="19.9363219">
  <tag k="amenity" v="theatre"/>
  <tag k="capacity" v="92"/>
  <tag k="check_date:opening_hours" v="2019-11-17"/>
  <tag k="email" v="ratusz@ludowy.pl"/>
  <tag k="level" v="-1"/>
  <tag k="name" v="Scena pod Ratuszem"/>
  <tag k="opening_hours" v="Mo-Sa 12:00-19:00;Su &quot;2 godziny przed spektaklem&quot;;PH &quot;2 godziny przed spektaklem&quot;"/>
  <tag k="operator" v="Teatr Ludowy"/>
  <tag k="phone" v="+48 12 421 50 16"/>
  <tag k="website" v="https://www.ludowy.pl/index.php?action=aboutStages&amp;id=3"/>
  <tag k="wheelchair" v="no"/>
 </node>
 <node id="3283882813" visible="true" version="4" changeset="152546321" timestamp="2024-06-11T14:29:01Z" user="Blackkness_7" uid="21635177" lat="50.0614875" lon="19.9363275">
  <tag k="amenity" v="restaurant"/>
  <tag k="level" v="-1"/>
  <tag k="microbrewery" v="yes"/>
  <tag k="name" v="Ratuszowa"/>
  <tag k="official_name" v="Ratuszowa Resto-Bar"/>
  <tag k="opening_hours" v="Mo-Su 10:00-23:00"/>
  <tag k="smoking" v="no"/>
  <tag k="wheelchair" v="no"/>
 </node>
 <node id="3320712265" visible="true" version="1" changeset="28504644" timestamp="2015-01-30T13:22:21Z" user="Władysław Komorek" uid="693154" lat="50.0621216" lon="19.9391878"/>
 <node id="3320712477" visible="true" version="2" changeset="187768352" timestamp="2026-08-20T22:25:39Z" user="Adam Haba" uid="12293030" lat="50.0624483" lon="19.9381218"/>
 <node id="3373671334" visible="true" version="8" changeset="176279279" timestamp="2025-12-22T19:36:19Z" user="uprkos" uid="11239973" lat="50.0625773" lon="19.9378153">
  <tag k="amenity" v="cafe"/>
  <tag k="brand" v="Costa"/>
  <tag k="brand:wikidata" v="Q608845"/>
  <tag k="brand:wikipedia" v="en:Costa Coffee"/>
  <tag k="check_date" v="2025-12-22"/>
  <tag k="cuisine" v="coffee_shop"/>
  <tag k="name" v="Costa"/>
  <tag k="opening_hours" v="Mo-Su 07:00-22:00"/>
  <tag k="takeaway" v="yes"/>
 </node>
 <node id="3533569749" visible="true" version="8" changeset="179405220" timestamp="2026-03-05T16:37:06Z" user="kubahahaha" uid="1479852" lat="50.0621865" lon="19.9375179">
  <tag k="amenity" v="toilets"/>
  <tag k="changing_table" v="yes"/>
  <tag k="fee" v="yes"/>
  <tag k="level" v="-1"/>
  <tag k="opening_hours" v="08:00-24:00"/>
  <tag k="operator" v="ZIW Kraków"/>
  <tag k="unisex" v="yes"/>
  <tag k="wheelchair" v="limited"/>
 </node>
 <node id="3710926857" visible="true" version="1" changeset="33530366" timestamp="2015-08-23T18:31:54Z" user="Sto-Sto" uid="690673" lat="50.0614336" lon="19.9378590"/>
 <node id="3710926858" visible="true" version="1" changeset="33530366" timestamp="2015-08-23T18:31:54Z" user="Sto-Sto" uid="690673" lat="50.0616428" lon="19.9383331"/>
 <node id="3756130325" visible="true" version="3" changeset="110154660" timestamp="2021-08-24T07:44:33Z" user="Mateusz Konieczny" uid="1722488" lat="50.0622275" lon="19.9363309">
  <tag k="amenity" v="bicycle_parking"/>
  <tag k="bicycle_parking" v="stands"/>
  <tag k="capacity" v="6"/>
  <tag k="covered" v="no"/>
  <tag k="operator" v="ZTP Kraków"/>
 </node>
 <node id="3779126576" visible="true" version="1" changeset="34522459" timestamp="2015-10-09T05:13:39Z" user="kocio" uid="52087" lat="50.0614090" lon="19.9380164">
  <tag k="barrier" v="bollard"/>
 </node>
 <node id="3779126577" visible="true" version="1" changeset="34522459" timestamp="2015-10-09T05:13:39Z" user="kocio" uid="52087" lat="50.0614091" lon="19.9379663">
  <tag k="barrier" v="bollard"/>
 </node>
 <node id="3779126578" visible="true" version="1" changeset="34522459" timestamp="2015-10-09T05:13:39Z" user="kocio" uid="52087" lat="50.0614250" lon="19.9380600">
  <tag k="barrier" v="bollard"/>
 </node>
 <node id="3779126579" visible="true" version="1" changeset="34522459" timestamp="2015-10-09T05:13:39Z" user="kocio" uid="52087" lat="50.0614253" lon="19.9379229">
  <tag k="barrier" v="bollard"/>
 </node>
 <node id="3779126580" visible="true" version="1" changeset="34522459" timestamp="2015-10-09T05:13:39Z" user="kocio" uid="52087" lat="50.0614529" lon="19.9380852">
  <tag k="barrier" v="bollard"/>
 </node>
 <node id="3779126581" visible="true" version="1" changeset="34522459" timestamp="2015-10-09T05:13:39Z" user="kocio" uid="52087" lat="50.0614533" lon="19.9378980">
  <tag k="barrier" v="bollard"/>
 </node>
 <node id="3779126582" visible="true" version="1" changeset="34522459" timestamp="2015-10-09T05:13:39Z" user="kocio" uid="52087" lat="50.0614852" lon="19.9380853">
  <tag k="barrier" v="bollard"/>
 </node>
 <node id="3779126583" visible="true" version="1" changeset="34522459" timestamp="2015-10-09T05:13:39Z" user="kocio" uid="52087" lat="50.0614856" lon="19.9378981">
  <tag k="barrier" v="bollard"/>
 </node>
 <node id="3779126584" visible="true" version="1" changeset="34522459" timestamp="2015-10-09T05:13:39Z" user="kocio" uid="52087" lat="50.0615132" lon="19.9380604">
  <tag k="barrier" v="bollard"/>
 </node>
 <node id="3779126585" visible="true" version="1" changeset="34522459" timestamp="2015-10-09T05:13:39Z" user="kocio" uid="52087" lat="50.0615135" lon="19.9379234">
  <tag k="barrier" v="bollard"/>
 </node>
 <node id="3779126586" visible="true" version="1" changeset="34522459" timestamp="2015-10-09T05:13:39Z" user="kocio" uid="52087" lat="50.0615295" lon="19.9380170">
  <tag k="barrier" v="bollard"/>
 </node>
 <node id="3779126587" visible="true" version="1" changeset="34522459" timestamp="2015-10-09T05:13:39Z" user="kocio" uid="52087" lat="50.0615296" lon="19.9379669">
  <tag k="barrier" v="bollard"/>
 </node>
 <node id="3779137696" visible="true" version="1" changeset="34522694" timestamp="2015-10-09T05:42:39Z" user="kocio" uid="52087" lat="50.0621882" lon="19.9379954"/>
 <node id="3779137698" visible="true" version="1" changeset="34522694" timestamp="2015-10-09T05:42:39Z" user="kocio" uid="52087" lat="50.0621978" lon="19.9380034"/>
 <node id="3779137699" visible="true" version="1" changeset="34522694" timestamp="2015-10-09T05:42:39Z" user="kocio" uid="52087" lat="50.0622047" lon="19.9379477"/>
 <node id="3779137700" visible="true" version="1" changeset="34522694" timestamp="2015-10-09T05:42:39Z" user="kocio" uid="52087" lat="50.0622139" lon="19.9379235"/>
 <node id="3779137701" visible="true" version="1" changeset="34522694" timestamp="2015-10-09T05:42:39Z" user="kocio" uid="52087" lat="50.0622142" lon="19.9379556"/>
 <node id="3779137702" visible="true" version="1" changeset="34522694" timestamp="2015-10-09T05:42:39Z" user="kocio" uid="52087" lat="50.0622234" lon="19.9379314"/>
 <node id="3779137703" visible="true" version="1" changeset="34522694" timestamp="2015-10-09T05:42:40Z" user="kocio" uid="52087" lat="50.0622308" lon="19.9378743"/>
 <node id="3779137704" visible="true" version="1" changeset="34522694" timestamp="2015-10-09T05:42:40Z" user="kocio" uid="52087" lat="50.0622403" lon="19.9378823"/>
 <node id="3779137705" visible="true" version="1" changeset="34522694" timestamp="2015-10-09T05:42:40Z" user="kocio" uid="52087" lat="50.0622717" lon="19.9377526"/>
 <node id="3779137706" visible="true" version="1" changeset="34522694" timestamp="2015-10-09T05:42:40Z" user="kocio" uid="52087" lat="50.0622812" lon="19.9377605"/>
 <node id="3779137707" visible="true" version="1" changeset="34522694" timestamp="2015-10-09T05:42:40Z" user="kocio" uid="52087" lat="50.0622905" lon="19.9376976"/>
 <node id="3779137708" visible="true" version="1" changeset="34522694" timestamp="2015-10-09T05:42:40Z" user="kocio" uid="52087" lat="50.0622982" lon="19.9376748"/>
 <node id="3779137709" visible="true" version="1" changeset="34522694" timestamp="2015-10-09T05:42:40Z" user="kocio" uid="52087" lat="50.0623001" lon="19.9377055"/>
 <node id="3779137710" visible="true" version="1" changeset="34522694" timestamp="2015-10-09T05:42:40Z" user="kocio" uid="52087" lat="50.0623070" lon="19.9376822"/>
 <node id="3779137711" visible="true" version="1" changeset="34522694" timestamp="2015-10-09T05:42:40Z" user="kocio" uid="52087" lat="50.0623162" lon="19.9376237"/>
 <node id="3779137712" visible="true" version="1" changeset="34522694" timestamp="2015-10-09T05:42:40Z" user="kocio" uid="52087" lat="50.0623250" lon="19.9376311"/>
 <node id="3779137713" visible="true" version="1" changeset="34522694" timestamp="2015-10-09T05:42:40Z" user="kocio" uid="52087" lat="50.0623962" lon="19.9373970"/>
 <node id="3779137714" visible="true" version="1" changeset="34522694" timestamp="2015-10-09T05:42:40Z" user="kocio" uid="52087" lat="50.0624050" lon="19.9374045"/>
 <node id="3779137715" visible="true" version="1" changeset="34522694" timestamp="2015-10-09T05:42:40Z" user="kocio" uid="52087" lat="50.0624184" lon="19.9373344"/>
 <node id="3779137716" visible="true" version="1" changeset="34522694" timestamp="2015-10-09T05:42:40Z" user="kocio" uid="52087" lat="50.0624271" lon="19.9373419"/>
 <node id="3789279757" visible="true" version="11" changeset="171494077" timestamp="2025-09-05T11:42:17Z" user="Икчпук" uid="21130589" lat="50.0615455" lon="19.9374676">
  <tag k="addr:city" v="Kraków"/>
  <tag k="addr:housename" v="Sukiennice"/>
  <tag k="addr:housenumber" v="1"/>
  <tag k="addr:postcode" v="31-041"/>
  <tag k="addr:street" v="Rynek Główny"/>
  <tag k="alt_name" v="Noworol"/>
  <tag k="amenity" v="restaurant"/>
  <tag k="check_date" v="2024-10-13"/>
  <tag k="cuisine" v="regional"/>
  <tag k="indoor_seating" v="yes"/>
  <tag k="int_name" v="Coffee Restaurant Noworolski"/>
  <tag k="name" v="Noworolski"/>
  <tag k="old_name" v="Cukiernia Jana Noworolskiego"/>
  <tag k="outdoor_seating" v="pedestrian_zone"/>
  <tag k="toilets:wheelchair" v="no"/>
  <tag k="website" v="www.noworolski.com.pl"/>
  <tag k="wheelchair" v="yes"/>
 </node>
 <node id="3789294273" visible="true" version="4" changeset="171494077" timestamp="2025-09-05T11:42:17Z" user="Икчпук" uid="21130589" lat="50.0612504" lon="19.9374464"/>
 <node id="3789294274" visible="true" version="2" changeset="171494077" timestamp="2025-09-05T11:42:17Z" user="Икчпук" uid="21130589" lat="50.0614010" lon="19.9373800"/>
 <node id="3789294275" visible="true" version="3" changeset="171494077" timestamp="2025-09-05T11:42:17Z" user="Икчпук" uid="21130589" lat="50.0614472" lon="19.9376002"/>
 <node id="3789294276" visible="true" version="3" changeset="171494077" timestamp="2025-09-05T11:42:17Z" user="Икчпук" uid="21130589" lat="50.0614809" lon="19.9374956"/>
 <node id="4031826801" visible="true" version="11" changeset="171494077" timestamp="2025-09-05T11:42:17Z" user="Икчпук" uid="21130589" lat="50.0617420" lon="19.9375879">
  <tag k="addr:city" v="Kraków"/>
  <tag k="addr:housenumber" v="3"/>
  <tag k="addr:postcode" v="31-042"/>
  <tag k="addr:street" v="Rynek Główny"/>
  <tag k="fee" v="yes"/>
  <tag k="fee:conditional" v="no @ Sunday for unchanging expositions"/>
  <tag k="name" v="Galeria Sztuki Polskiej XIX wieku"/>
  <tag k="name:en" v="National Museum The Nineteenth Century Polish Art Gallery at the Sukiennice"/>
  <tag k="name:hu" v="XIX. századi lengyel művészeti galéria"/>
  <tag k="name:ja" v="織物会館"/>
  <tag k="name:pl" v="Galeria Sztuki Polskiej XIX wieku"/>
  <tag k="opening_hours" v="Su 10:00-16:00; Th 10:00-20:00; Tu, We, Fr, Sa 10:00-18:00"/>
  <tag k="operator" v="Muzeum Narodowe w Krakowie"/>
  <tag k="phone" v="+48 12 433 54 00"/>
  <tag k="tourism" v="museum"/>
  <tag k="website" v="https://mnk.pl/oddzial/galeria-sztuki-polskiej/o-oddziale"/>
  <tag k="wheelchair" v="yes"/>
  <tag k="wikidata" v="Q7635861"/>
  <tag k="wikipedia" v="pl:Galeria Sztuki Polskiej XIX wieku w Sukiennicach"/>
 </node>
 <node id="4056403413" visible="true" version="3" changeset="183783251" timestamp="2026-06-07T14:16:31Z" user="ArabianNaito" uid="6748379" lat="50.0628385" lon="19.9342340">
  <tag k="railway" v="crossing"/>
 </node>
 <node id="4180555185" visible="true" version="6" changeset="134261183" timestamp="2023-03-29T12:27:57Z" user="rayleigh1" uid="6739817" lat="50.0613186" lon="19.9367300">
  <tag k="amenity" v="drinking_water"/>
  <tag k="drinking_water:legal" v="yes"/>
  <tag k="fountain" v="bubbler"/>
  <tag k="wheelchair" v="yes"/>
 </node>
 <node id="4185042139" visible="true" version="2" changeset="187768352" timestamp="2026-08-20T22:25:39Z" user="Adam Haba" uid="12293030" lat="50.0630564" lon="19.9370826"/>
 <node id="4209875790" visible="true" version="5" changeset="120392155" timestamp="2022-04-30T16:37:13Z" user="ivanbranco" uid="11220113" lat="50.0613346" lon="19.9367514">
  <tag k="emergency" v="fire_hydrant"/>
  <tag k="fire_hydrant:diameter" v="80"/>
  <tag k="fire_hydrant:position" v="sidewalk"/>
  <tag k="fire_hydrant:type" v="underground"/>
 </node>
 <node id="4221529192" visible="true" version="6" changeset="177735608" timestamp="2026-01-26T19:53:13Z" user="uprkos" uid="11239973" lat="50.0629415" lon="19.9367670">
  <tag k="addr:city" v="Kraków"/>
  <tag k="addr:housenumber" v="1"/>
  <tag k="addr:postcode" v="31-011"/>
  <tag k="addr:street" v="Szczepańska"/>
  <tag k="amenity" v="restaurant"/>
  <tag k="check_date" v="2026-01-26"/>
  <tag k="check_date:opening_hours" v="2023-09-15"/>
  <tag k="level" v="1"/>
  <tag k="name" v="Pod Gruszką"/>
  <tag k="opening_hours:signed" v="no"/>
 </node>
 <node id="4291278313" visible="true" version="10" changeset="171494077" timestamp="2025-09-05T11:42:17Z" user="Икчпук" uid="21130589" lat="50.0613343" lon="19.9371258">
  <tag k="noname" v="yes"/>
  <tag k="opening_hours:signed" v="no"/>
  <tag k="payment:credit_cards" v="yes"/>
  <tag k="payment:debit_cards" v="yes"/>
  <tag k="ref" v="1"/>
  <tag k="shop" v="gift"/>
  <tag k="wheelchair" v="yes"/>
 </node>
 <node id="4291278314" visible="true" version="7" changeset="171494077" timestamp="2025-09-05T11:42:17Z" user="Икчпук" uid="21130589" lat="50.0613581" lon="19.9371454">
  <tag k="noname" v="yes"/>
  <tag k="opening_hours:signed" v="no"/>
  <tag k="payment:credit_cards" v="yes"/>
  <tag k="payment:debit_cards" v="yes"/>
  <tag k="ref" v="2"/>
  <tag k="shop" v="gift"/>
  <tag k="wheelchair" v="yes"/>
 </node>
 <node id="4291278315" visible="true" version="8" changeset="171494077" timestamp="2025-09-05T11:42:17Z" user="Икчпук" uid="21130589" lat="50.0613759" lon="19.9370077">
  <tag k="noname" v="yes"/>
  <tag k="opening_hours:signed" v="no"/>
  <tag k="payment:credit_cards" v="yes"/>
  <tag k="payment:debit_cards" v="yes"/>
  <tag k="ref" v="54"/>
  <tag k="shop" v="fashion_accessories"/>
  <tag k="wheelchair" v="yes"/>
 </node>
 <node id="4291278316" visible="true" version="8" changeset="171494077" timestamp="2025-09-05T11:42:17Z" user="Икчпук" uid="21130589" lat="50.0613818" lon="19.9371650">
  <tag k="noname" v="yes"/>
  <tag k="opening_hours:signed" v="no"/>
  <tag k="payment:credit_cards" v="yes"/>
  <tag k="payment:debit_cards" v="yes"/>
  <tag k="ref" v="3"/>
  <tag k="shop" v="gift"/>
  <tag k="wheelchair" v="yes"/>
 </node>
 <node id="4291278317" visible="true" version="7" changeset="171494077" timestamp="2025-09-05T11:42:17Z" user="Икчпук" uid="21130589" lat="50.0613997" lon="19.9370274">
  <tag k="noname" v="yes"/>
  <tag k="opening_hours:signed" v="no"/>
  <tag k="payment:credit_cards" v="yes"/>
  <tag k="payment:debit_cards" v="yes"/>
  <tag k="ref" v="53"/>
  <tag k="shop" v="gift"/>
  <tag k="wheelchair" v="yes"/>
 </node>
 <node id="4291278318" visible="true" version="7" changeset="171494077" timestamp="2025-09-05T11:42:17Z" user="Икчпук" uid="21130589" lat="50.0614056" lon="19.9371846">
  <tag k="noname" v="yes"/>
  <tag k="opening_hours:signed" v="no"/>
  <tag k="payment:credit_cards" v="yes"/>
  <tag k="payment:debit_cards" v="yes"/>
  <tag k="ref" v="4"/>
  <tag k="shop" v="gift"/>
  <tag k="wheelchair" v="yes"/>
 </node>
 <node id="4291278319" visible="true" version="9" changeset="171494077" timestamp="2025-09-05T11:42:17Z" user="Икчпук" uid="21130589" lat="50.0614236" lon="19.9370470">
  <tag k="check_date:opening_hours" v="2024-03-20"/>
  <tag k="noname" v="yes"/>
  <tag k="opening_hours:signed" v="no"/>
  <tag k="payment:credit_cards" v="yes"/>
  <tag k="payment:debit_cards" v="yes"/>
  <tag k="ref" v="52"/>
  <tag k="shop" v="gift"/>
  <tag k="wheelchair" v="yes"/>
 </node>
 <node id="4291278320" visible="true" version="8" changeset="171494077" timestamp="2025-09-05T11:42:17Z" user="Икчпук" uid="21130589" lat="50.0614294" lon="19.9372043">
  <tag k="noname" v="yes"/>
  <tag k="opening_hours:signed" v="no"/>
  <tag k="payment:credit_cards" v="yes"/>
  <tag k="payment:debit_cards" v="yes"/>
  <tag k="ref" v="5"/>
  <tag k="shop" v="gift"/>
  <tag k="wheelchair" v="yes"/>
 </node>
 <node id="4291278321" visible="true" version="7" changeset="171494077" timestamp="2025-09-05T11:42:17Z" user="Икчпук" uid="21130589" lat="50.0614474" lon="19.9370666">
  <tag k="noname" v="yes"/>
  <tag k="opening_hours:signed" v="no"/>
  <tag k="payment:credit_cards" v="yes"/>
  <tag k="payment:debit_cards" v="yes"/>
  <tag k="ref" v="51"/>
  <tag k="shop" v="gift"/>
  <tag k="wheelchair" v="yes"/>
 </node>
 <node id="4291278322" visible="true" version="7" changeset="171494077" timestamp="2025-09-05T11:42:17Z" user="Икчпук" uid="21130589" lat="50.0614532" lon="19.9372239">
  <tag k="noname" v="yes"/>
  <tag k="opening_hours:signed" v="no"/>
  <tag k="payment:credit_cards" v="yes"/>
  <tag k="payment:debit_cards" v="yes"/>
  <tag k="ref" v="6"/>
  <tag k="shop" v="gift"/>
  <tag k="wheelchair" v="yes"/>
 </node>
 <node id="4291278323" visible="true" version="9" changeset="171494077" timestamp="2025-09-05T11:42:17Z" user="Икчпук" uid="21130589" lat="50.0614712" lon="19.9370862">
  <tag k="check_date:opening_hours" v="2024-03-20"/>
  <tag k="noname" v="yes"/>
  <tag k="opening_hours:signed" v="no"/>
  <tag k="payment:credit_cards" v="yes"/>
  <tag k="payment:debit_cards" v="yes"/>
  <tag k="ref" v="50"/>
  <tag k="shop" v="gift"/>
  <tag k="wheelchair" v="yes"/>
 </node>
 <node id="4291278324" visible="true" version="8" changeset="171494077" timestamp="2025-09-05T11:42:17Z" user="Икчпук" uid="21130589" lat="50.0614770" lon="19.9372435">
  <tag k="noname" v="yes"/>
  <tag k="opening_hours:signed" v="no"/>
  <tag k="payment:credit_cards" v="yes"/>
  <tag k="payment:debit_cards" v="yes"/>
  <tag k="ref" v="7"/>
  <tag k="shop" v="gift"/>
  <tag k="wheelchair" v="yes"/>
 </node>
 <node id="4291278325" visible="true" version="9" changeset="171494077" timestamp="2025-09-05T11:42:17Z" user="Икчпук" uid="21130589" lat="50.0614950" lon="19.9371059">
  <tag k="check_date:opening_hours" v="2024-03-20"/>
  <tag k="noname" v="yes"/>
  <tag k="opening_hours:signed" v="no"/>
  <tag k="payment:credit_cards" v="yes"/>
  <tag k="payment:debit_cards" v="yes"/>
  <tag k="ref" v="49"/>
  <tag k="shop" v="gift"/>
  <tag k="wheelchair" v="yes"/>
 </node>
 <node id="4291278326" visible="true" version="7" changeset="171494077" timestamp="2025-09-05T11:42:17Z" user="Икчпук" uid="21130589" lat="50.0615007" lon="19.9372631">
  <tag k="noname" v="yes"/>
  <tag k="opening_hours:signed" v="no"/>
  <tag k="payment:credit_cards" v="yes"/>
  <tag k="payment:debit_cards" v="yes"/>
  <tag k="ref" v="8"/>
  <tag k="shop" v="gift"/>
  <tag k="wheelchair" v="yes"/>
 </node>
 <node id="4291278327" visible="true" version="10" changeset="171494077" timestamp="2025-09-05T11:42:17Z" user="Икчпук" uid="21130589" lat="50.0615188" lon="19.9371255">
  <tag k="check_date:opening_hours" v="2024-03-20"/>
  <tag k="noname" v="yes"/>
  <tag k="opening_hours:signed" v="no"/>
  <tag k="payment:credit_cards" v="yes"/>
  <tag k="payment:debit_cards" v="yes"/>
  <tag k="ref" v="48"/>
  <tag k="shop" v="gift"/>
  <tag k="wheelchair" v="yes"/>
 </node>
 <node id="4291278328" visible="true" version="8" changeset="171494077" timestamp="2025-09-05T11:42:17Z" user="Икчпук" uid="21130589" lat="50.0615245" lon="19.9372827">
  <tag k="noname" v="yes"/>
  <tag k="opening_hours:signed" v="no"/>
  <tag k="payment:credit_cards" v="yes"/>
  <tag k="payment:debit_cards" v="yes"/>
  <tag k="ref" v="9"/>
  <tag k="shop" v="gift"/>
  <tag k="wheelchair" v="yes"/>
 </node>
 <node id="4291278329" visible="true" version="9" changeset="171494077" timestamp="2025-09-05T11:42:17Z" user="Икчпук" uid="21130589" lat="50.0615427" lon="19.9371451">
  <tag k="check_date:opening_hours" v="2024-03-20"/>
  <tag k="noname" v="yes"/>
  <tag k="opening_hours:signed" v="no"/>
  <tag k="payment:credit_cards" v="yes"/>
  <tag k="payment:debit_cards" v="yes"/>
  <tag k="ref" v="47"/>
  <tag k="shop" v="gift"/>
  <tag k="wheelchair" v="yes"/>
 </node>
 <node id="4291278330" visible="true" version="7" changeset="171494077" timestamp="2025-09-05T11:42:17Z" user="Икчпук" uid="21130589" lat="50.0615483" lon="19.9373023">
  <tag k="noname" v="yes"/>
  <tag k="opening_hours:signed" v="no"/>
  <tag k="payment:credit_cards" v="yes"/>
  <tag k="payment:debit_cards" v="yes"/>
  <tag k="ref" v="10"/>
  <tag k="shop" v="gift"/>
  <tag k="wheelchair" v="yes"/>
 </node>
 <node id="4291278331" visible="true" version="10" changeset="171494077" timestamp="2025-09-05T11:42:17Z" user="Икчпук" uid="21130589" lat="50.0615665" lon="19.9371647">
  <tag k="check_date:opening_hours" v="2024-03-20"/>
  <tag k="noname" v="yes"/>
  <tag k="opening_hours:signed" v="no"/>
  <tag k="payment:credit_cards" v="yes"/>
  <tag k="payment:debit_cards" v="yes"/>
  <tag k="ref" v="46"/>
  <tag k="shop" v="gift"/>
  <tag k="wheelchair" v="yes"/>
 </node>
 <node id="4291278332" visible="true" version="8" changeset="171494077" timestamp="2025-09-05T11:42:17Z" user="Икчпук" uid="21130589" lat="50.0615721" lon="19.9373219">
  <tag k="noname" v="yes"/>
  <tag k="opening_hours:signed" v="no"/>
  <tag k="payment:credit_cards" v="yes"/>
  <tag k="payment:debit_cards" v="yes"/>
  <tag k="ref" v="11"/>
  <tag k="shop" v="gift"/>
  <tag k="wheelchair" v="yes"/>
 </node>
 <node id="4291278333" visible="true" version="9" changeset="171494077" timestamp="2025-09-05T11:42:17Z" user="Икчпук" uid="21130589" lat="50.0615903" lon="19.9371844">
  <tag k="check_date:opening_hours" v="2024-03-20"/>
  <tag k="noname" v="yes"/>
  <tag k="opening_hours:signed" v="no"/>
  <tag k="payment:credit_cards" v="yes"/>
  <tag k="payment:debit_cards" v="yes"/>
  <tag k="ref" v="45"/>
  <tag k="shop" v="gift"/>
  <tag k="wheelchair" v="yes"/>
 </node>
 <node id="4291278334" visible="true" version="7" changeset="171494077" timestamp="2025-09-05T11:42:17Z" user="Икчпук" uid="21130589" lat="50.0615958" lon="19.9373416">
  <tag k="noname" v="yes"/>
  <tag k="opening_hours:signed" v="no"/>
  <tag k="payment:credit_cards" v="yes"/>
  <tag k="payment:debit_cards" v="yes"/>
  <tag k="ref" v="12"/>
  <tag k="shop" v="gift"/>
  <tag k="wheelchair" v="yes"/>
 </node>
 <node id="4291278335" visible="true" version="10" changeset="171494077" timestamp="2025-09-05T11:42:17Z" user="Икчпук" uid="21130589" lat="50.0616141" lon="19.9372040">
  <tag k="check_date:opening_hours" v="2024-03-20"/>
  <tag k="noname" v="yes"/>
  <tag k="opening_hours:signed" v="no"/>
  <tag k="payment:credit_cards" v="yes"/>
  <tag k="payment:debit_cards" v="yes"/>
  <tag k="ref" v="44"/>
  <tag k="shop" v="gift"/>
  <tag k="wheelchair" v="yes"/>
 </node>
 <node id="4291278336" visible="true" version="8" changeset="171494077" timestamp="2025-09-05T11:42:17Z" user="Икчпук" uid="21130589" lat="50.0616196" lon="19.9373612">
  <tag k="noname" v="yes"/>
  <tag k="opening_hours:signed" v="no"/>
  <tag k="payment:credit_cards" v="yes"/>
  <tag k="payment:debit_cards" v="yes"/>
  <tag k="ref" v="13"/>
  <tag k="shop" v="gift"/>
  <tag k="wheelchair" v="yes"/>
 </node>
 <node id="4291278337" visible="true" version="9" changeset="171494077" timestamp="2025-09-05T11:42:17Z" user="Икчпук" uid="21130589" lat="50.0616380" lon="19.9372236">
  <tag k="check_date:opening_hours" v="2024-03-20"/>
  <tag k="noname" v="yes"/>
  <tag k="opening_hours:signed" v="no"/>
  <tag k="payment:credit_cards" v="yes"/>
  <tag k="payment:debit_cards" v="yes"/>
  <tag k="ref" v="43"/>
  <tag k="shop" v="gift"/>
  <tag k="wheelchair" v="yes"/>
 </node>
 <node id="4291278338" visible="true" version="10" changeset="189009102" timestamp="2026-09-14T12:50:25Z" user="Mateusz Konieczny" uid="1722488" lat="50.0617135" lon="19.9374408">
  <tag k="check_date:opening_hours" v="2026-09-14"/>
  <tag k="noname" v="yes"/>
  <tag k="opening_hours:signed" v="no"/>
  <tag k="payment:credit_cards" v="yes"/>
  <tag k="payment:debit_cards" v="yes"/>
  <tag k="ref" v="14"/>
  <tag k="shop" v="gift"/>
  <tag k="wheelchair" v="yes"/>
 </node>
 <node id="4291278339" visible="true" version="10" changeset="171494077" timestamp="2025-09-05T11:42:17Z" user="Икчпук" uid="21130589" lat="50.0616618" lon="19.9372433">
  <tag k="check_date:opening_hours" v="2024-03-20"/>
  <tag k="noname" v="yes"/>
  <tag k="opening_hours:signed" v="no"/>
  <tag k="payment:credit_cards" v="yes"/>
  <tag k="payment:debit_cards" v="yes"/>
  <tag k="ref" v="42"/>
  <tag k="shop" v="gift"/>
  <tag k="wheelchair" v="yes"/>
 </node>
 <node id="4291278340" visible="true" version="9" changeset="171494077" timestamp="2025-09-05T11:42:17Z" user="Икчпук" uid="21130589" lat="50.0616856" lon="19.9372629">
  <tag k="check_date:opening_hours" v="2024-03-20"/>
  <tag k="noname" v="yes"/>
  <tag k="opening_hours" v="Nov-Mar: Mo-Su 11:00-19:00; Apr-Oct: Mo-Su 10:00-19:00"/>
  <tag k="payment:credit_cards" v="yes"/>
  <tag k="payment:debit_cards" v="yes"/>
  <tag k="ref" v="41"/>
  <tag k="shop" v="gift"/>
  <tag k="wheelchair" v="yes"/>
 </node>
 <node id="4291278342" visible="true" version="9" changeset="171494077" timestamp="2025-09-05T11:42:17Z" user="Икчпук" uid="21130589" lat="50.0617420" lon="19.9374622">
  <tag k="name" v="Cepelia"/>
  <tag k="opening_hours:signed" v="no"/>
  <tag k="payment:credit_cards" v="yes"/>
  <tag k="payment:debit_cards" v="yes"/>
  <tag k="ref" v="15"/>
  <tag k="shop" v="gift"/>
  <tag k="wheelchair" v="yes"/>
 </node>
 <node id="4291278344" visible="true" version="11" changeset="189009102" timestamp="2026-09-14T12:50:30Z" user="Mateusz Konieczny" uid="1722488" lat="50.0617666" lon="19.9374825">
  <tag k="check_date:opening_hours" v="2026-09-14"/>
  <tag k="noname" v="yes"/>
  <tag k="opening_hours:signed" v="no"/>
  <tag k="payment:credit_cards" v="yes"/>
  <tag k="payment:debit_cards" v="yes"/>
  <tag k="ref" v="16"/>
  <tag k="shop" v="gift"/>
  <tag k="wheelchair" v="yes"/>
 </node>
 <node id="4291278345" visible="true" version="9" changeset="189009102" timestamp="2026-09-14T12:50:17Z" user="Mateusz Konieczny" uid="1722488" lat="50.0617877" lon="19.9373469">
  <tag k="check_date:opening_hours" v="2026-09-14"/>
  <tag k="noname" v="yes"/>
  <tag k="opening_hours:signed" v="no"/>
  <tag k="payment:credit_cards" v="yes"/>
  <tag k="payment:debit_cards" v="yes"/>
  <tag k="ref" v="40"/>
  <tag k="shop" v="gift"/>
  <tag k="wheelchair" v="yes"/>
 </node>
 <node id="4291278346" visible="true" version="9" changeset="189009102" timestamp="2026-09-14T12:50:27Z" user="Mateusz Konieczny" uid="1722488" lat="50.0617913" lon="19.9375028">
  <tag k="check_date:opening_hours" v="2026-09-14"/>
  <tag k="noname" v="yes"/>
  <tag k="opening_hours:signed" v="no"/>
  <tag k="payment:credit_cards" v="yes"/>
  <tag k="payment:debit_cards" v="yes"/>
  <tag k="ref" v="17"/>
  <tag k="shop" v="gift"/>
  <tag k="wheelchair" v="yes"/>
 </node>
 <node id="4291278347" visible="true" version="13" changeset="189009102" timestamp="2026-09-14T12:50:29Z" user="Mateusz Konieczny" uid="1722488" lat="50.0618120" lon="19.9373670">
  <tag k="check_date:opening_hours" v="2026-09-14"/>
  <tag k="name" v="Józefa Policht-Oleksowa"/>
  <tag k="opening_hours:signed" v="no"/>
  <tag k="payment:credit_cards" v="yes"/>
  <tag k="payment:debit_cards" v="yes"/>
  <tag k="ref" v="39"/>
  <tag k="shop" v="gift"/>
  <tag k="wheelchair" v="yes"/>
 </node>
 <node id="4291278348" visible="true" version="11" changeset="189009102" timestamp="2026-09-14T12:50:16Z" user="Mateusz Konieczny" uid="1722488" lat="50.0618159" lon="19.9375231">
  <tag k="check_date:opening_hours" v="2026-09-14"/>
  <tag k="noname" v="yes"/>
  <tag k="opening_hours:signed" v="no"/>
  <tag k="payment:credit_cards" v="yes"/>
  <tag k="payment:debit_cards" v="yes"/>
  <tag k="ref" v="18"/>
  <tag k="shop" v="gift"/>
  <tag k="wheelchair" v="yes"/>
 </node>
 <node id="4291278349" visible="true" version="9" changeset="189009102" timestamp="2026-09-14T12:49:32Z" user="Mateusz Konieczny" uid="1722488" lat="50.0618364" lon="19.9373871">
  <tag k="check_date:opening_hours" v="2026-09-14"/>
  <tag k="noname" v="yes"/>
  <tag k="opening_hours:signed" v="no"/>
  <tag k="payment:credit_cards" v="yes"/>
  <tag k="payment:debit_cards" v="yes"/>
  <tag k="ref" v="38"/>
  <tag k="shop" v="gift"/>
  <tag k="wheelchair" v="yes"/>
 </node>
 <node id="4291278350" visible="true" version="9" changeset="189009102" timestamp="2026-09-14T12:49:34Z" user="Mateusz Konieczny" uid="1722488" lat="50.0618405" lon="19.9375434">
  <tag k="check_date:opening_hours" v="2026-09-14"/>
  <tag k="noname" v="yes"/>
  <tag k="opening_hours:signed" v="no"/>
  <tag k="payment:credit_cards" v="yes"/>
  <tag k="payment:debit_cards" v="yes"/>
  <tag k="ref" v="19"/>
  <tag k="shop" v="gift"/>
  <tag k="wheelchair" v="yes"/>
 </node>
 <node id="4291278351" visible="true" version="11" changeset="189009102" timestamp="2026-09-14T12:49:38Z" user="Mateusz Konieczny" uid="1722488" lat="50.0618607" lon="19.9374071">
  <tag k="check_date:opening_hours" v="2026-09-14"/>
  <tag k="noname" v="yes"/>
  <tag k="opening_hours:signed" v="no"/>
  <tag k="payment:credit_cards" v="yes"/>
  <tag k="payment:debit_cards" v="yes"/>
  <tag k="ref" v="37"/>
  <tag k="shop" v="gift"/>
  <tag k="wheelchair" v="yes"/>
 </node>
 <node id="4291278352" visible="true" version="11" changeset="189009102" timestamp="2026-09-14T12:49:36Z" user="Mateusz Konieczny" uid="1722488" lat="50.0618651" lon="19.9375637">
  <tag k="check_date:opening_hours" v="2026-09-14"/>
  <tag k="noname" v="yes"/>
  <tag k="opening_hours:signed" v="no"/>
  <tag k="payment:credit_cards" v="yes"/>
  <tag k="payment:debit_cards" v="yes"/>
  <tag k="ref" v="20"/>
  <tag k="shop" v="gift"/>
  <tag k="wheelchair" v="yes"/>
 </node>
 <node id="4291278353" visible="true" version="9" changeset="189009102" timestamp="2026-09-14T12:49:41Z" user="Mateusz Konieczny" uid="1722488" lat="50.0618851" lon="19.9374272">
  <tag k="check_date:opening_hours" v="2026-09-14"/>
  <tag k="noname" v="yes"/>
  <tag k="opening_hours:signed" v="no"/>
  <tag k="payment:credit_cards" v="yes"/>
  <tag k="payment:debit_cards" v="yes"/>
  <tag k="ref" v="36"/>
  <tag k="shop" v="gift"/>
  <tag k="wheelchair" v="yes"/>
 </node>
 <node id="4291278354" visible="true" version="9" changeset="189009102" timestamp="2026-09-14T12:49:24Z" user="Mateusz Konieczny" uid="1722488" lat="50.0618897" lon="19.9375840">
  <tag k="check_date:opening_hours" v="2026-09-14"/>
  <tag k="noname" v="yes"/>
  <tag k="opening_hours:signed" v="no"/>
  <tag k="payment:credit_cards" v="yes"/>
  <tag k="payment:debit_cards" v="yes"/>
  <tag k="ref" v="21"/>
  <tag k="shop" v="gift"/>
  <tag k="wheelchair" v="yes"/>
 </node>
 <node id="4291278355" visible="true" version="11" changeset="189009102" timestamp="2026-09-14T12:49:32Z" user="Mateusz Konieczny" uid="1722488" lat="50.0619094" lon="19.9374472">
  <tag k="check_date:opening_hours" v="2026-09-14"/>
  <tag k="noname" v="yes"/>
  <tag k="opening_hours:signed" v="no"/>
  <tag k="payment:credit_cards" v="yes"/>
  <tag k="payment:debit_cards" v="yes"/>
  <tag k="ref" v="35"/>
  <tag k="shop" v="gift"/>
  <tag k="wheelchair" v="yes"/>
 </node>
 <node id="4291278356" visible="true" version="11" changeset="189009102" timestamp="2026-09-14T12:49:52Z" user="Mateusz Konieczny" uid="1722488" lat="50.0619143" lon="19.9376043">
  <tag k="check_date:opening_hours" v="2026-09-14"/>
  <tag k="noname" v="yes"/>
  <tag k="opening_hours:signed" v="no"/>
  <tag k="payment:credit_cards" v="yes"/>
  <tag k="payment:debit_cards" v="yes"/>
  <tag k="ref" v="22"/>
  <tag k="shop" v="gift"/>
  <tag k="wheelchair" v="yes"/>
 </node>
 <node id="4291278357" visible="true" version="9" changeset="189009102" timestamp="2026-09-14T12:49:40Z" user="Mateusz Konieczny" uid="1722488" lat="50.0619337" lon="19.9374673">
  <tag k="check_date:opening_hours" v="2026-09-14"/>
  <tag k="noname" v="yes"/>
  <tag k="opening_hours:signed" v="no"/>
  <tag k="payment:credit_cards" v="yes"/>
  <tag k="payment:debit_cards" v="yes"/>
  <tag k="ref" v="34"/>
  <tag k="shop" v="gift"/>
  <tag k="wheelchair" v="yes"/>
 </node>
 <node id="4291278358" visible="true" version="9" changeset="189009102" timestamp="2026-09-14T12:49:32Z" user="Mateusz Konieczny" uid="1722488" lat="50.0619389" lon="19.9376246">
  <tag k="check_date:opening_hours" v="2026-09-14"/>
  <tag k="noname" v="yes"/>
  <tag k="opening_hours:signed" v="no"/>
  <tag k="payment:credit_cards" v="yes"/>
  <tag k="payment:debit_cards" v="yes"/>
  <tag k="ref" v="23"/>
  <tag k="shop" v="gift"/>
  <tag k="wheelchair" v="yes"/>
 </node>
 <node id="4291278359" visible="true" version="9" changeset="189009102" timestamp="2026-09-14T12:49:46Z" user="Mateusz Konieczny" uid="1722488" lat="50.0619581" lon="19.9374873">
  <tag k="check_date:opening_hours" v="2026-09-14"/>
  <tag k="noname" v="yes"/>
  <tag k="opening_hours:signed" v="no"/>
  <tag k="payment:credit_cards" v="yes"/>
  <tag k="payment:debit_cards" v="yes"/>
  <tag k="ref" v="33"/>
  <tag k="shop" v="gift"/>
  <tag k="wheelchair" v="yes"/>
 </node>
 <node id="4291278360" visible="true" version="11" changeset="189009102" timestamp="2026-09-14T12:49:54Z" user="Mateusz Konieczny" uid="1722488" lat="50.0619635" lon="19.9376449">
  <tag k="check_date:opening_hours" v="2026-09-14"/>
  <tag k="noname" v="yes"/>
  <tag k="opening_hours:signed" v="no"/>
  <tag k="payment:credit_cards" v="yes"/>
  <tag k="payment:debit_cards" v="yes"/>
  <tag k="ref" v="24"/>
  <tag k="shop" v="gift"/>
  <tag k="wheelchair" v="yes"/>
 </node>
 <node id="4291278361" visible="true" version="11" changeset="189009102" timestamp="2026-09-14T12:49:45Z" user="Mateusz Konieczny" uid="1722488" lat="50.0619824" lon="19.9375074">
  <tag k="check_date:opening_hours" v="2026-09-14"/>
  <tag k="noname" v="yes"/>
  <tag k="opening_hours:signed" v="no"/>
  <tag k="payment:credit_cards" v="yes"/>
  <tag k="payment:debit_cards" v="yes"/>
  <tag k="ref" v="32"/>
  <tag k="shop" v="gift"/>
  <tag k="wheelchair" v="yes"/>
 </node>
 <node id="4291278362" visible="true" version="9" changeset="189009102" timestamp="2026-09-14T12:49:55Z" user="Mateusz Konieczny" uid="1722488" lat="50.0619881" lon="19.9376652">
  <tag k="check_date:opening_hours" v="2026-09-14"/>
  <tag k="noname" v="yes"/>
  <tag k="opening_hours:signed" v="no"/>
  <tag k="payment:credit_cards" v="yes"/>
  <tag k="payment:debit_cards" v="yes"/>
  <tag k="ref" v="25"/>
  <tag k="shop" v="gift"/>
  <tag k="wheelchair" v="yes"/>
 </node>
 <node id="4291278363" visible="true" version="9" changeset="189009102" timestamp="2026-09-14T12:49:57Z" user="Mateusz Konieczny" uid="1722488" lat="50.0620068" lon="19.9375275">
  <tag k="check_date:opening_hours" v="2026-09-14"/>
  <tag k="noname" v="yes"/>
  <tag k="opening_hours:signed" v="no"/>
  <tag k="payment:credit_cards" v="yes"/>
  <tag k="payment:debit_cards" v="yes"/>
  <tag k="ref" v="31"/>
  <tag k="shop" v="gift"/>
  <tag k="wheelchair" v="yes"/>
 </node>
 <node id="4291278364" visible="true" version="11" changeset="189009102" timestamp="2026-09-14T12:50:03Z" user="Mateusz Konieczny" uid="1722488" lat="50.0620127" lon="19.9376855">
  <tag k="check_date:opening_hours" v="2026-09-14"/>
  <tag k="noname" v="yes"/>
  <tag k="opening_hours:signed" v="no"/>
  <tag k="payment:credit_cards" v="yes"/>
  <tag k="payment:debit_cards" v="yes"/>
  <tag k="ref" v="26"/>
  <tag k="shop" v="gift"/>
  <tag k="wheelchair" v="yes"/>
 </node>
 <node id="4291278365" visible="true" version="11" changeset="189009102" timestamp="2026-09-14T12:49:43Z" user="Mateusz Konieczny" uid="1722488" lat="50.0620311" lon="19.9375475">
  <tag k="check_date:opening_hours" v="2026-09-14"/>
  <tag k="noname" v="yes"/>
  <tag k="opening_hours:signed" v="no"/>
  <tag k="payment:credit_cards" v="yes"/>
  <tag k="payment:debit_cards" v="yes"/>
  <tag k="ref" v="30"/>
  <tag k="shop" v="gift"/>
  <tag k="wheelchair" v="yes"/>
 </node>
 <node id="4291278366" visible="true" version="9" changeset="189009102" timestamp="2026-09-14T12:50:09Z" user="Mateusz Konieczny" uid="1722488" lat="50.0620374" lon="19.9377058">
  <tag k="check_date:opening_hours" v="2026-09-14"/>
  <tag k="noname" v="yes"/>
  <tag k="opening_hours:signed" v="no"/>
  <tag k="payment:credit_cards" v="yes"/>
  <tag k="payment:debit_cards" v="yes"/>
  <tag k="ref" v="27"/>
  <tag k="shop" v="gift"/>
  <tag k="wheelchair" v="yes"/>
 </node>
 <node id="4291278367" visible="true" version="9" changeset="189009102" timestamp="2026-09-14T12:49:48Z" user="Mateusz Konieczny" uid="1722488" lat="50.0620555" lon="19.9375676">
  <tag k="check_date:opening_hours" v="2026-09-14"/>
  <tag k="noname" v="yes"/>
  <tag k="opening_hours:signed" v="no"/>
  <tag k="payment:credit_cards" v="yes"/>
  <tag k="payment:debit_cards" v="yes"/>
  <tag k="ref" v="29"/>
  <tag k="shop" v="gift"/>
  <tag k="wheelchair" v="yes"/>
 </node>
 <node id="4291278368" visible="true" version="11" changeset="189009102" timestamp="2026-09-14T12:49:59Z" user="Mateusz Konieczny" uid="1722488" lat="50.0620798" lon="19.9375876">
  <tag k="check_date:opening_hours" v="2026-09-14"/>
  <tag k="noname" v="yes"/>
  <tag k="opening_hours:signed" v="no"/>
  <tag k="payment:credit_cards" v="yes"/>
  <tag k="payment:debit_cards" v="yes"/>
  <tag k="ref" v="28"/>
  <tag k="shop" v="gift"/>
  <tag k="wheelchair" v="yes"/>
 </node>
 <node id="4362875819" visible="true" version="2" changeset="171494077" timestamp="2025-09-05T11:42:17Z" user="Икчпук" uid="21130589" lat="50.0621063" lon="19.9378350">
  <tag k="description" v="makieta wraz z opisem w alfabecie Braille’a"/>
  <tag k="information" v="tactile_model"/>
  <tag k="name" v="makieta Sukiennic"/>
  <tag k="source" v="survey"/>
  <tag k="tourism" v="information"/>
 </node>
 <node id="4836737821" visible="true" version="9" changeset="171494077" timestamp="2025-09-05T11:42:17Z" user="Икчпук" uid="21130589" lat="50.0618311" lon="19.9376865">
  <tag k="information" v="office"/>
  <tag k="location" v="roof"/>
  <tag k="name" v="info Kraków"/>
  <tag k="opening_hours" v="Mo-Su 09:00-17:00"/>
  <tag k="tourism" v="information"/>
  <tag k="wheelchair" v="no"/>
 </node>
 <node id="4880293721" visible="true" version="5" changeset="171494077" timestamp="2025-09-05T11:42:17Z" user="Икчпук" uid="21130589" lat="50.0617591" lon="19.9376622">
  <tag k="amenity" v="cafe"/>
  <tag k="name" v="Cafe Szał"/>
  <tag k="name:pl" v="Cafe Szał"/>
  <tag k="opening_hours" v="Mo-Su 10:00-23:00"/>
  <tag k="wheelchair" v="limited"/>
 </node>
 <node id="4982713475" visible="true" version="2" changeset="126748389" timestamp="2022-09-28T16:42:01Z" user="Mateusz Konieczny" uid="1722488" lat="50.0624585" lon="19.9372125">
  <tag k="access" v="no"/>
  <tag k="drinking_water" v="yes"/>
  <tag k="man_made" v="water_tap"/>
 </node>
 <node id="4989021749" visible="true" version="2" changeset="73437175" timestamp="2019-08-17T08:22:00Z" user="Władysław Komorek" uid="693154" lat="50.0615121" lon="19.9355592"/>
 <node id="5111372139" visible="true" version="6" changeset="162240064" timestamp="2025-02-07T10:47:07Z" user="Mateusz Konieczny - bot account" uid="3199858" lat="50.0621945" lon="19.9361845">
  <tag k="amenity" v="post_box"/>
  <tag k="brand" v="Poczta Polska"/>
  <tag k="brand:wikidata" v="Q168833"/>
  <tag k="check_date:collection_times" v="2024-02-10"/>
  <tag k="collection_times" v="Mo-Fr 11:00"/>
  <tag k="drive_through" v="no"/>
  <tag k="post_box:type" v="wall"/>
 </node>
 <node id="5606431409" visible="true" version="2" changeset="58809756" timestamp="2018-05-09T07:29:10Z" user="Mateusz Konieczny" uid="1722488" lat="50.0630413" lon="19.9361079">
  <tag k="barrier" v="gate"/>
 </node>
 <node id="5606431410" visible="true" version="1" changeset="58809738" timestamp="2018-05-09T07:28:37Z" user="Mateusz Konieczny" uid="1722488" lat="50.0629229" lon="19.9359940"/>
 <node id="5606431412" visible="true" version="2" changeset="58809756" timestamp="2018-05-09T07:29:10Z" user="Mateusz Konieczny" uid="1722488" lat="50.0629734" lon="19.9360451">
  <tag k="barrier" v="gate"/>
 </node>
 <node id="5617407404" visible="true" version="3" changeset="174056437" timestamp="2025-11-01T11:04:11Z" user="Jobigutenburg" uid="10504312" lat="50.0614319" lon="19.9361575">
  <tag k="name" v="Stare Miasto"/>
  <tag k="name:fa" v="شهر تاریخی"/>
  <tag k="name:ru" v="Старый город"/>
  <tag k="name:uk" v="Старе місто"/>
  <tag k="place" v="suburb"/>
 </node>
 <node id="5654178231" visible="true" version="8" changeset="171494077" timestamp="2025-09-05T11:42:17Z" user="Икчпук" uid="21130589" lat="50.0614647" lon="19.9369647">
  <tag k="addr:city" v="Kraków"/>
  <tag k="amenity" v="restaurant"/>
  <tag k="cuisine" v="polish"/>
  <tag k="indoor_seating" v="yes"/>
  <tag k="name" v="Kompania Kuflowa"/>
  <tag k="official_name" v="Restauracja sukiennice"/>
  <tag k="opening_hours:signed" v="no"/>
  <tag k="outdoor_seating" v="pedestrian_zone"/>
  <tag k="smoking" v="outside"/>
  <tag k="wheelchair" v="yes"/>
 </node>
 <node id="5929274670" visible="true" version="2" changeset="71833872" timestamp="2019-07-02T18:52:43Z" user="Володимир Новіцький" uid="281865" lat="50.0615738" lon="19.9364228">
  <tag k="description" v="makieta wraz z opisem w alfabecie Braille’a przedstawiająca dawną zabudowę Ratusza"/>
  <tag k="information" v="tactile_model"/>
  <tag k="name" v="makieta dawnego Ratusza"/>
  <tag k="name:uk" v="Макет староі ратуші"/>
  <tag k="source" v="survey"/>
  <tag k="tourism" v="information"/>
 </node>
 <node id="6053592007" visible="true" version="3" changeset="89484312" timestamp="2020-08-16T21:43:54Z" user="edc22" uid="6529331" lat="50.0617981" lon="19.9358114"/>
 <node id="6274197700" visible="true" version="9" changeset="186659127" timestamp="2026-07-30T17:48:17Z" user="confusedbuffalo" uid="242345" lat="50.0625803" lon="19.9364224">
  <tag k="addr:city" v="Kraków"/>
  <tag k="addr:housenumber" v="34"/>
  <tag k="addr:postcode" v="31-010"/>
  <tag k="addr:street" v="Rynek Główny"/>
  <tag k="brand" v="Biedronka"/>
  <tag k="brand:wikidata" v="Q857182"/>
  <tag k="brand:wikipedia" v="pl:Biedronka (sieć handlowa)"/>
  <tag k="check_date" v="2026-06-06"/>
  <tag k="description" v="Otwarcie 12 czerwca 2026.info od budowlańca"/>
  <tag k="name" v="Biedronka"/>
  <tag k="opening_hours" v="Mo-Sa 06:00-23:00"/>
  <tag k="phone" v="+48 800 080010"/>
  <tag k="shop" v="supermarket"/>
 </node>
 <node id="6433301582" visible="true" version="1" changeset="69652229" timestamp="2019-04-27T23:51:32Z" user="edc22" uid="6529331" lat="50.0629556" lon="19.9366394"/>
 <node id="6433301583" visible="true" version="1" changeset="69652229" timestamp="2019-04-27T23:51:32Z" user="edc22" uid="6529331" lat="50.0629362" lon="19.9367045"/>
 <node id="6433301584" visible="true" version="1" changeset="69652229" timestamp="2019-04-27T23:51:32Z" user="edc22" uid="6529331" lat="50.0629461" lon="19.9366776"/>
 <node id="6433302585" visible="true" version="1" changeset="69652229" timestamp="2019-04-27T23:51:33Z" user="edc22" uid="6529331" lat="50.0629426" lon="19.9366745"/>
 <node id="6433302586" visible="true" version="1" changeset="69652229" timestamp="2019-04-27T23:51:33Z" user="edc22" uid="6529331" lat="50.0629324" lon="19.9367012"/>
 <node id="6433302589" visible="true" version="2" changeset="177738391" timestamp="2026-01-26T20:59:50Z" user="uprkos" uid="11239973" lat="50.0632010" lon="19.9368338"/>
 <node id="6433302591" visible="true" version="1" changeset="69652229" timestamp="2019-04-27T23:51:33Z" user="edc22" uid="6529331" lat="50.0631048" lon="19.9367590"/>
 <node id="6433302592" visible="true" version="2" changeset="177738391" timestamp="2026-01-26T20:59:50Z" user="uprkos" uid="11239973" lat="50.0631757" lon="19.9368131"/>
 <node id="6433302625" visible="true" version="1" changeset="69652229" timestamp="2019-04-27T23:51:33Z" user="edc22" uid="6529331" lat="50.0631467" lon="19.9366323"/>
 <node id="6433302626" visible="true" version="1" changeset="69652229" timestamp="2019-04-27T23:51:33Z" user="edc22" uid="6529331" lat="50.0631431" lon="19.9366420"/>
 <node id="6433302677" visible="true" version="1" changeset="69652229" timestamp="2019-04-27T23:51:34Z" user="edc22" uid="6529331" lat="50.0631549" lon="19.9368982"/>
 <node id="6433302678" visible="true" version="1" changeset="69652229" timestamp="2019-04-27T23:51:34Z" user="edc22" uid="6529331" lat="50.0631878" lon="19.9368696"/>
 <node id="6433302679" visible="true" version="1" changeset="69652229" timestamp="2019-04-27T23:51:34Z" user="edc22" uid="6529331" lat="50.0631910" lon="19.9368601"/>
 <node id="6433302680" visible="true" version="1" changeset="69652229" timestamp="2019-04-27T23:51:34Z" user="edc22" uid="6529331" lat="50.0632063" lon="19.9368723"/>
 <node id="6433302681" visible="true" version="1" changeset="69652229" timestamp="2019-04-27T23:51:34Z" user="edc22" uid="6529331" lat="50.0632118" lon="19.9368560"/>
 <node id="6433302682" visible="true" version="1" changeset="69652229" timestamp="2019-04-27T23:51:34Z" user="edc22" uid="6529331" lat="50.0632208" lon="19.9368896"/>
 <node id="6433302683" visible="true" version="1" changeset="69652229" timestamp="2019-04-27T23:51:34Z" user="edc22" uid="6529331" lat="50.0632137" lon="19.9369065"/>
 <node id="6433302787" visible="true" version="1" changeset="69652229" timestamp="2019-04-27T23:51:34Z" user="edc22" uid="6529331" lat="50.0632236" lon="19.9371186"/>
 <node id="6537955582" visible="true" version="2" changeset="73437175" timestamp="2019-08-17T08:22:00Z" user="Władysław Komorek" uid="693154" lat="50.0621169" lon="19.9352088"/>
 <node id="6537955583" visible="true" version="2" changeset="73437175" timestamp="2019-08-17T08:22:00Z" user="Władysław Komorek" uid="693154" lat="50.0619579" lon="19.9355971"/>
 <node id="6537955584" visible="true" version="2" changeset="73437175" timestamp="2019-08-17T08:22:00Z" user="Władysław Komorek" uid="693154" lat="50.0619537" lon="19.9355935"/>
 <node id="6537971085" visible="true" version="2" changeset="73437175" timestamp="2019-08-17T08:22:00Z" user="Władysław Komorek" uid="693154" lat="50.0619519" lon="19.9356196"/>
 <node id="6537971086" visible="true" version="2" changeset="73437175" timestamp="2019-08-17T08:22:00Z" user="Władysław Komorek" uid="693154" lat="50.0620537" lon="19.9353368"/>
 <node id="6537971087" visible="true" version="2" changeset="73437175" timestamp="2019-08-17T08:22:00Z" user="Władysław Komorek" uid="693154" lat="50.0620203" lon="19.9354338"/>
 <node id="6537971088" visible="true" version="2" changeset="73437175" timestamp="2019-08-17T08:22:00Z" user="Władysław Komorek" uid="693154" lat="50.0620251" lon="19.9354193"/>
 <node id="6537971089" visible="true" version="2" changeset="73437175" timestamp="2019-08-17T08:22:00Z" user="Władysław Komorek" uid="693154" lat="50.0620444" lon="19.9353624"/>
 <node id="6537971090" visible="true" version="2" changeset="73437175" timestamp="2019-08-17T08:22:00Z" user="Władysław Komorek" uid="693154" lat="50.0620534" lon="19.9353716"/>
 <node id="6537971091" visible="true" version="1" changeset="71114088" timestamp="2019-06-10T18:34:01Z" user="Blaise Pexyk" uid="6785548" lat="50.0620489" lon="19.9353830"/>
 <node id="6537971092" visible="true" version="2" changeset="73437175" timestamp="2019-08-17T08:22:00Z" user="Władysław Komorek" uid="693154" lat="50.0620335" lon="19.9354263"/>
 <node id="6537971093" visible="true" version="2" changeset="73437175" timestamp="2019-08-17T08:22:00Z" user="Władysław Komorek" uid="693154" lat="50.0620380" lon="19.9354140"/>
 <node id="6537971094" visible="true" version="2" changeset="73437175" timestamp="2019-08-17T08:22:00Z" user="Władysław Komorek" uid="693154" lat="50.0620402" lon="19.9353756"/>
 <node id="6537971095" visible="true" version="2" changeset="73437175" timestamp="2019-08-17T08:22:00Z" user="Władysław Komorek" uid="693154" lat="50.0620291" lon="19.9354059"/>
 <node id="6537971120" visible="true" version="1" changeset="71114088" timestamp="2019-06-10T18:34:01Z" user="Blaise Pexyk" uid="6785548" lat="50.0629407" lon="19.9358054"/>
 <node id="6537971122" visible="true" version="1" changeset="71114088" timestamp="2019-06-10T18:34:01Z" user="Blaise Pexyk" uid="6785548" lat="50.0629570" lon="19.9359582"/>
 <node id="6537971124" visible="true" version="1" changeset="71114088" timestamp="2019-06-10T18:34:01Z" user="Blaise Pexyk" uid="6785548" lat="50.0629446" lon="19.9358854"/>
 <node id="6572367298" visible="true" version="4" changeset="177735608" timestamp="2026-01-26T19:53:13Z" user="uprkos" uid="11239973" lat="50.0629576" lon="19.9366913">
  <tag k="amenity" v="bar"/>
  <tag k="check_date" v="2026-01-26"/>
  <tag k="name" v="Weźże Szota"/>
 </node>
 <node id="6572375316" visible="true" version="5" changeset="177738391" timestamp="2026-01-26T20:59:50Z" user="uprkos" uid="11239973" lat="50.0629830" lon="19.9366302">
  <tag k="check_date" v="2026-01-26"/>
  <tag k="shop" v="vacant"/>
 </node>
 <node id="6581382360" visible="true" version="2" changeset="134261018" timestamp="2023-03-29T12:27:58Z" user="rayleigh1" uid="6739817" lat="50.0613598" lon="19.9366306">
  <tag k="amenity" v="waste_basket"/>
  <tag k="check_date" v="2023-03-29"/>
 </node>
 <node id="6637905260" visible="true" version="5" changeset="171494077" timestamp="2025-09-05T11:42:17Z" user="Икчпук" uid="21130589" lat="50.0616496" lon="19.9375338">
  <tag k="man_made" v="knife"/>
  <tag k="name" v="Nóż"/>
  <tag k="tourism" v="attraction"/>
  <tag k="wheelchair" v="yes"/>
  <tag k="wikidata" v="Q56344530"/>
  <tag k="wikipedia" v="pl:Nóż w Sukiennicach w Krakowie"/>
 </node>
 <node id="6717888523" visible="true" version="1" changeset="73436829" timestamp="2019-08-17T07:58:50Z" user="Władysław Komorek" uid="693154" lat="50.0629442" lon="19.9376415"/>
 <node id="6717888524" visible="true" version="1" changeset="73436829" timestamp="2019-08-17T07:58:50Z" user="Władysław Komorek" uid="693154" lat="50.0628297" lon="19.9375612"/>
 <node id="6717888525" visible="true" version="1" changeset="73436829" timestamp="2019-08-17T07:58:50Z" user="Władysław Komorek" uid="693154" lat="50.0629172" lon="19.9375308"/>
 <node id="6717888526" visible="true" version="2" changeset="92259637" timestamp="2020-10-10T00:07:29Z" user="edc22" uid="6529331" lat="50.0629301" lon="19.9372975"/>
 <node id="6717888527" visible="true" version="2" changeset="92259637" timestamp="2020-10-10T00:07:29Z" user="edc22" uid="6529331" lat="50.0629529" lon="19.9373079"/>
 <node id="6717888528" visible="true" version="2" changeset="92259637" timestamp="2020-10-10T00:07:29Z" user="edc22" uid="6529331" lat="50.0629515" lon="19.9373114"/>
 <node id="6717888530" visible="true" version="2" changeset="92259637" timestamp="2020-10-10T00:07:29Z" user="edc22" uid="6529331" lat="50.0629315" lon="19.9372939"/>
 <node id="6717888531" visible="true" version="2" changeset="92259637" timestamp="2020-10-10T00:07:29Z" user="edc22" uid="6529331" lat="50.0629110" lon="19.9372807"/>
 <node id="6717888532" visible="true" version="2" changeset="92259637" timestamp="2020-10-10T00:07:29Z" user="edc22" uid="6529331" lat="50.0629675" lon="19.9373207"/>
 <node id="6717888533" visible="true" version="2" changeset="92259637" timestamp="2020-10-10T00:07:29Z" user="edc22" uid="6529331" lat="50.0629318" lon="19.9372208"/>
 <node id="6717942114" visible="true" version="1" changeset="73437175" timestamp="2019-08-17T08:22:00Z" user="Władysław Komorek" uid="693154" lat="50.0618477" lon="19.9358624"/>
 <node id="6717942115" visible="true" version="1" changeset="73437175" timestamp="2019-08-17T08:22:00Z" user="Władysław Komorek" uid="693154" lat="50.0618630" lon="19.9358682"/>
 <node id="6717942116" visible="true" version="1" changeset="73437175" timestamp="2019-08-17T08:22:00Z" user="Władysław Komorek" uid="693154" lat="50.0618622" lon="19.9358701"/>
 <node id="6717942117" visible="true" version="1" changeset="73437175" timestamp="2019-08-17T08:22:00Z" user="Władysław Komorek" uid="693154" lat="50.0618528" lon="19.9358667"/>
 <node id="6717942118" visible="true" version="1" changeset="73437175" timestamp="2019-08-17T08:22:00Z" user="Władysław Komorek" uid="693154" lat="50.0618482" lon="19.9358598"/>
 <node id="6717942119" visible="true" version="1" changeset="73437175" timestamp="2019-08-17T08:22:00Z" user="Władysław Komorek" uid="693154" lat="50.0620405" lon="19.9360275"/>
 <node id="6717942120" visible="true" version="1" changeset="73437175" timestamp="2019-08-17T08:22:00Z" user="Władysław Komorek" uid="693154" lat="50.0620407" lon="19.9360298"/>
 <node id="6717942121" visible="true" version="1" changeset="73437175" timestamp="2019-08-17T08:22:00Z" user="Władysław Komorek" uid="693154" lat="50.0620493" lon="19.9360346"/>
 <node id="6717942123" visible="true" version="1" changeset="73437175" timestamp="2019-08-17T08:22:00Z" user="Władysław Komorek" uid="693154" lat="50.0620560" lon="19.9360320"/>
 <node id="6717942124" visible="true" version="1" changeset="73437175" timestamp="2019-08-17T08:22:00Z" user="Władysław Komorek" uid="693154" lat="50.0620615" lon="19.9360190"/>
 <node id="6717942125" visible="true" version="1" changeset="73437175" timestamp="2019-08-17T08:22:00Z" user="Władysław Komorek" uid="693154" lat="50.0620623" lon="19.9360208"/>
 <node id="6717942126" visible="true" version="1" changeset="73437175" timestamp="2019-08-17T08:22:00Z" user="Władysław Komorek" uid="693154" lat="50.0623015" lon="19.9353870"/>
 <node id="6717942127" visible="true" version="1" changeset="73437175" timestamp="2019-08-17T08:22:00Z" user="Władysław Komorek" uid="693154" lat="50.0623033" lon="19.9353884"/>
 <node id="6717942144" visible="true" version="1" changeset="73437175" timestamp="2019-08-17T08:22:00Z" user="Władysław Komorek" uid="693154" lat="50.0621504" lon="19.9354459"/>
 <node id="6717942145" visible="true" version="1" changeset="73437175" timestamp="2019-08-17T08:22:00Z" user="Władysław Komorek" uid="693154" lat="50.0621399" lon="19.9354078"/>
 <node id="6717942146" visible="true" version="1" changeset="73437175" timestamp="2019-08-17T08:22:00Z" user="Władysław Komorek" uid="693154" lat="50.0621398" lon="19.9354059"/>
 <node id="6717942147" visible="true" version="1" changeset="73437175" timestamp="2019-08-17T08:22:00Z" user="Władysław Komorek" uid="693154" lat="50.0621082" lon="19.9353823"/>
 <node id="6717942148" visible="true" version="1" changeset="73437175" timestamp="2019-08-17T08:22:00Z" user="Władysław Komorek" uid="693154" lat="50.0621194" lon="19.9353921"/>
 <node id="6717942149" visible="true" version="1" changeset="73437175" timestamp="2019-08-17T08:22:00Z" user="Władysław Komorek" uid="693154" lat="50.0621083" lon="19.9353799"/>
 <node id="6717942150" visible="true" version="1" changeset="73437175" timestamp="2019-08-17T08:22:00Z" user="Władysław Komorek" uid="693154" lat="50.0621207" lon="19.9353898"/>
 <node id="6717942151" visible="true" version="1" changeset="73437175" timestamp="2019-08-17T08:22:00Z" user="Władysław Komorek" uid="693154" lat="50.0620763" lon="19.9353561"/>
 <node id="6717942152" visible="true" version="1" changeset="73437175" timestamp="2019-08-17T08:22:00Z" user="Władysław Komorek" uid="693154" lat="50.0620879" lon="19.9353666"/>
 <node id="6717942153" visible="true" version="1" changeset="73437175" timestamp="2019-08-17T08:22:00Z" user="Władysław Komorek" uid="693154" lat="50.0620766" lon="19.9353540"/>
 <node id="6717942154" visible="true" version="1" changeset="73437175" timestamp="2019-08-17T08:22:00Z" user="Władysław Komorek" uid="693154" lat="50.0620888" lon="19.9353646"/>
 <node id="6717942155" visible="true" version="1" changeset="73437175" timestamp="2019-08-17T08:22:00Z" user="Władysław Komorek" uid="693154" lat="50.0620562" lon="19.9353389"/>
 <node id="6717942156" visible="true" version="1" changeset="73437175" timestamp="2019-08-17T08:22:00Z" user="Władysław Komorek" uid="693154" lat="50.0620572" lon="19.9353363"/>
 <node id="6717942159" visible="true" version="1" changeset="73437175" timestamp="2019-08-17T08:22:00Z" user="Władysław Komorek" uid="693154" lat="50.0619572" lon="19.9355991"/>
 <node id="6717942160" visible="true" version="1" changeset="73437175" timestamp="2019-08-17T08:22:00Z" user="Władysław Komorek" uid="693154" lat="50.0619591" lon="19.9356015"/>
 <node id="6717942167" visible="true" version="1" changeset="73437175" timestamp="2019-08-17T08:22:00Z" user="Władysław Komorek" uid="693154" lat="50.0614946" lon="19.9355504"/>
 <node id="6717942168" visible="true" version="1" changeset="73437175" timestamp="2019-08-17T08:22:00Z" user="Władysław Komorek" uid="693154" lat="50.0614942" lon="19.9355535"/>
 <node id="6717942169" visible="true" version="1" changeset="73437175" timestamp="2019-08-17T08:22:00Z" user="Władysław Komorek" uid="693154" lat="50.0615227" lon="19.9355758"/>
 <node id="6717942170" visible="true" version="1" changeset="73437175" timestamp="2019-08-17T08:22:00Z" user="Władysław Komorek" uid="693154" lat="50.0615324" lon="19.9355842"/>
 <node id="6717942171" visible="true" version="1" changeset="73437175" timestamp="2019-08-17T08:22:00Z" user="Władysław Komorek" uid="693154" lat="50.0615540" lon="19.9356037"/>
 <node id="6717942172" visible="true" version="1" changeset="73437175" timestamp="2019-08-17T08:22:00Z" user="Władysław Komorek" uid="693154" lat="50.0615612" lon="19.9356085"/>
 <node id="6717942173" visible="true" version="1" changeset="73437175" timestamp="2019-08-17T08:22:00Z" user="Władysław Komorek" uid="693154" lat="50.0615596" lon="19.9356111"/>
 <node id="6717942174" visible="true" version="1" changeset="73437175" timestamp="2019-08-17T08:22:00Z" user="Władysław Komorek" uid="693154" lat="50.0616566" lon="19.9356905"/>
 <node id="6717942175" visible="true" version="1" changeset="73437175" timestamp="2019-08-17T08:22:00Z" user="Władysław Komorek" uid="693154" lat="50.0616561" lon="19.9356913"/>
 <node id="6718063314" visible="true" version="1" changeset="73438130" timestamp="2019-08-17T09:14:45Z" user="Władysław Komorek" uid="693154" lat="50.0629086" lon="19.9357693"/>
 <node id="6718063351" visible="true" version="1" changeset="73438130" timestamp="2019-08-17T09:14:45Z" user="Władysław Komorek" uid="693154" lat="50.0631923" lon="19.9357266"/>
 <node id="6718063362" visible="true" version="1" changeset="73438130" timestamp="2019-08-17T09:14:45Z" user="Władysław Komorek" uid="693154" lat="50.0629769" lon="19.9357230"/>
 <node id="6718063380" visible="true" version="1" changeset="73438130" timestamp="2019-08-17T09:14:45Z" user="Władysław Komorek" uid="693154" lat="50.0627775" lon="19.9367460"/>
 <node id="6718063381" visible="true" version="1" changeset="73438130" timestamp="2019-08-17T09:14:45Z" user="Władysław Komorek" uid="693154" lat="50.0627783" lon="19.9367448"/>
 <node id="6718063382" visible="true" version="1" changeset="73438130" timestamp="2019-08-17T09:14:45Z" user="Władysław Komorek" uid="693154" lat="50.0627037" lon="19.9366828"/>
 <node id="6718063383" visible="true" version="1" changeset="73438130" timestamp="2019-08-17T09:14:45Z" user="Władysław Komorek" uid="693154" lat="50.0627080" lon="19.9366864"/>
 <node id="6718063384" visible="true" version="1" changeset="73438130" timestamp="2019-08-17T09:14:45Z" user="Władysław Komorek" uid="693154" lat="50.0627057" lon="19.9366770"/>
 <node id="6718063385" visible="true" version="1" changeset="73438130" timestamp="2019-08-17T09:14:45Z" user="Władysław Komorek" uid="693154" lat="50.0627103" lon="19.9366805"/>
 <node id="6718063386" visible="true" version="1" changeset="73438130" timestamp="2019-08-17T09:14:45Z" user="Władysław Komorek" uid="693154" lat="50.0626822" lon="19.9366611"/>
 <node id="6718063387" visible="true" version="1" changeset="73438130" timestamp="2019-08-17T09:14:45Z" user="Władysław Komorek" uid="693154" lat="50.0626775" lon="19.9366569"/>
 <node id="6718063388" visible="true" version="1" changeset="73438130" timestamp="2019-08-17T09:14:45Z" user="Władysław Komorek" uid="693154" lat="50.0626846" lon="19.9366563"/>
 <node id="6718063389" visible="true" version="1" changeset="73438130" timestamp="2019-08-17T09:14:45Z" user="Władysław Komorek" uid="693154" lat="50.0626802" lon="19.9366512"/>
 <node id="6718063390" visible="true" version="1" changeset="73438130" timestamp="2019-08-17T09:14:45Z" user="Władysław Komorek" uid="693154" lat="50.0624964" lon="19.9364795"/>
 <node id="6718063391" visible="true" version="1" changeset="73438130" timestamp="2019-08-17T09:14:45Z" user="Władysław Komorek" uid="693154" lat="50.0625147" lon="19.9364969"/>
 <node id="6718063392" visible="true" version="1" changeset="73438130" timestamp="2019-08-17T09:14:45Z" user="Władysław Komorek" uid="693154" lat="50.0625161" lon="19.9364936"/>
 <node id="6718063393" visible="true" version="1" changeset="73438130" timestamp="2019-08-17T09:14:45Z" user="Władysław Komorek" uid="693154" lat="50.0624758" lon="19.9364590"/>
 <node id="6718063394" visible="true" version="1" changeset="73438130" timestamp="2019-08-17T09:14:45Z" user="Władysław Komorek" uid="693154" lat="50.0624823" lon="19.9364656"/>
 <node id="6718063395" visible="true" version="1" changeset="73438130" timestamp="2019-08-17T09:14:45Z" user="Władysław Komorek" uid="693154" lat="50.0624974" lon="19.9364768"/>
 <node id="6718063396" visible="true" version="1" changeset="73438130" timestamp="2019-08-17T09:14:45Z" user="Władysław Komorek" uid="693154" lat="50.0624837" lon="19.9364633"/>
 <node id="6718063397" visible="true" version="1" changeset="73438130" timestamp="2019-08-17T09:14:45Z" user="Władysław Komorek" uid="693154" lat="50.0624765" lon="19.9364561"/>
 <node id="6718063398" visible="true" version="1" changeset="73438130" timestamp="2019-08-17T09:14:45Z" user="Władysław Komorek" uid="693154" lat="50.0624523" lon="19.9364362"/>
 <node id="6718063399" visible="true" version="1" changeset="73438130" timestamp="2019-08-17T09:14:45Z" user="Władysław Komorek" uid="693154" lat="50.0624609" lon="19.9364448"/>
 <node id="6718063400" visible="true" version="1" changeset="73438130" timestamp="2019-08-17T09:14:45Z" user="Władysław Komorek" uid="693154" lat="50.0624533" lon="19.9364340"/>
 <node id="6718063401" visible="true" version="1" changeset="73438130" timestamp="2019-08-17T09:14:45Z" user="Władysław Komorek" uid="693154" lat="50.0624625" lon="19.9364423"/>
 <node id="6718063402" visible="true" version="1" changeset="73438130" timestamp="2019-08-17T09:14:45Z" user="Władysław Komorek" uid="693154" lat="50.0624135" lon="19.9363981"/>
 <node id="6718063403" visible="true" version="1" changeset="73438130" timestamp="2019-08-17T09:14:45Z" user="Władysław Komorek" uid="693154" lat="50.0623952" lon="19.9363808"/>
 <node id="6718063404" visible="true" version="1" changeset="73438130" timestamp="2019-08-17T09:14:45Z" user="Władysław Komorek" uid="693154" lat="50.0623960" lon="19.9363781"/>
 <node id="6718063405" visible="true" version="1" changeset="73438130" timestamp="2019-08-17T09:14:45Z" user="Władysław Komorek" uid="693154" lat="50.0624147" lon="19.9363965"/>
 <node id="6718063406" visible="true" version="1" changeset="73438130" timestamp="2019-08-17T09:14:45Z" user="Władysław Komorek" uid="693154" lat="50.0623591" lon="19.9363453"/>
 <node id="6718063407" visible="true" version="1" changeset="73438130" timestamp="2019-08-17T09:14:45Z" user="Władysław Komorek" uid="693154" lat="50.0623607" lon="19.9363427"/>
 <node id="6718063408" visible="true" version="1" changeset="73438130" timestamp="2019-08-17T09:14:45Z" user="Władysław Komorek" uid="693154" lat="50.0623536" lon="19.9363367"/>
 <node id="6718063409" visible="true" version="1" changeset="73438130" timestamp="2019-08-17T09:14:45Z" user="Władysław Komorek" uid="693154" lat="50.0623513" lon="19.9363344"/>
 <node id="6718063410" visible="true" version="1" changeset="73438130" timestamp="2019-08-17T09:14:45Z" user="Władysław Komorek" uid="693154" lat="50.0623502" lon="19.9363351"/>
 <node id="6718063411" visible="true" version="1" changeset="73438130" timestamp="2019-08-17T09:14:45Z" user="Władysław Komorek" uid="693154" lat="50.0623460" lon="19.9363321"/>
 <node id="6718063412" visible="true" version="1" changeset="73438130" timestamp="2019-08-17T09:14:45Z" user="Władysław Komorek" uid="693154" lat="50.0623527" lon="19.9363396"/>
 <node id="6718063413" visible="true" version="1" changeset="73438130" timestamp="2019-08-17T09:14:45Z" user="Władysław Komorek" uid="693154" lat="50.0624480" lon="19.9360122"/>
 <node id="6718063414" visible="true" version="1" changeset="73438130" timestamp="2019-08-17T09:14:45Z" user="Władysław Komorek" uid="693154" lat="50.0624703" lon="19.9360254"/>
 <node id="6718063415" visible="true" version="1" changeset="73438130" timestamp="2019-08-17T09:14:45Z" user="Władysław Komorek" uid="693154" lat="50.0624727" lon="19.9360268"/>
 <node id="6718063416" visible="true" version="1" changeset="73438130" timestamp="2019-08-17T09:14:45Z" user="Władysław Komorek" uid="693154" lat="50.0621775" lon="19.9361720"/>
 <node id="6718063417" visible="true" version="1" changeset="73438130" timestamp="2019-08-17T09:14:45Z" user="Władysław Komorek" uid="693154" lat="50.0621789" lon="19.9361701"/>
 <node id="6718063418" visible="true" version="1" changeset="73438130" timestamp="2019-08-17T09:14:45Z" user="Władysław Komorek" uid="693154" lat="50.0621919" lon="19.9361840"/>
 <node id="6718063419" visible="true" version="1" changeset="73438130" timestamp="2019-08-17T09:14:45Z" user="Władysław Komorek" uid="693154" lat="50.0621923" lon="19.9361822"/>
 <node id="6718063420" visible="true" version="1" changeset="73438130" timestamp="2019-08-17T09:14:45Z" user="Władysław Komorek" uid="693154" lat="50.0622949" lon="19.9362843"/>
 <node id="6718063421" visible="true" version="1" changeset="73438130" timestamp="2019-08-17T09:14:45Z" user="Władysław Komorek" uid="693154" lat="50.0623790" lon="19.9360595"/>
 <node id="6718063422" visible="true" version="1" changeset="73438130" timestamp="2019-08-17T09:14:45Z" user="Władysław Komorek" uid="693154" lat="50.0624124" lon="19.9360920"/>
 <node id="6718063423" visible="true" version="1" changeset="73438130" timestamp="2019-08-17T09:14:45Z" user="Władysław Komorek" uid="693154" lat="50.0624205" lon="19.9360693"/>
 <node id="6718063424" visible="true" version="1" changeset="73438130" timestamp="2019-08-17T09:14:45Z" user="Władysław Komorek" uid="693154" lat="50.0624173" lon="19.9360485"/>
 <node id="6718063425" visible="true" version="1" changeset="73438130" timestamp="2019-08-17T09:14:45Z" user="Władysław Komorek" uid="693154" lat="50.0624179" lon="19.9360419"/>
 <node id="6718063426" visible="true" version="1" changeset="73438130" timestamp="2019-08-17T09:14:45Z" user="Władysław Komorek" uid="693154" lat="50.0624253" lon="19.9360215"/>
 <node id="6718063427" visible="true" version="1" changeset="73438130" timestamp="2019-08-17T09:14:45Z" user="Władysław Komorek" uid="693154" lat="50.0624288" lon="19.9360166"/>
 <node id="6718063428" visible="true" version="1" changeset="73438130" timestamp="2019-08-17T09:14:45Z" user="Władysław Komorek" uid="693154" lat="50.0624435" lon="19.9360108"/>
 <node id="6718063429" visible="true" version="1" changeset="73438130" timestamp="2019-08-17T09:14:45Z" user="Władysław Komorek" uid="693154" lat="50.0624525" lon="19.9360161"/>
 <node id="6718063430" visible="true" version="1" changeset="73438130" timestamp="2019-08-17T09:14:45Z" user="Władysław Komorek" uid="693154" lat="50.0624572" lon="19.9360008"/>
 <node id="6718063431" visible="true" version="1" changeset="73438130" timestamp="2019-08-17T09:14:45Z" user="Władysław Komorek" uid="693154" lat="50.0624181" lon="19.9359633"/>
 <node id="6718063432" visible="true" version="1" changeset="73438130" timestamp="2019-08-17T09:14:45Z" user="Władysław Komorek" uid="693154" lat="50.0622877" lon="19.9362808"/>
 <node id="6718063433" visible="true" version="1" changeset="73438130" timestamp="2019-08-17T09:14:45Z" user="Władysław Komorek" uid="693154" lat="50.0622876" lon="19.9362796"/>
 <node id="6718063434" visible="true" version="1" changeset="73438130" timestamp="2019-08-17T09:14:45Z" user="Władysław Komorek" uid="693154" lat="50.0622525" lon="19.9362453"/>
 <node id="6718063435" visible="true" version="1" changeset="73438130" timestamp="2019-08-17T09:14:45Z" user="Władysław Komorek" uid="693154" lat="50.0622518" lon="19.9362458"/>
 <node id="6718063436" visible="true" version="1" changeset="73438130" timestamp="2019-08-17T09:14:45Z" user="Władysław Komorek" uid="693154" lat="50.0622442" lon="19.9362381"/>
 <node id="6718063437" visible="true" version="1" changeset="73438130" timestamp="2019-08-17T09:14:45Z" user="Władysław Komorek" uid="693154" lat="50.0622450" lon="19.9362373"/>
 <node id="6718063438" visible="true" version="1" changeset="73438130" timestamp="2019-08-17T09:14:45Z" user="Władysław Komorek" uid="693154" lat="50.0623056" lon="19.9359518"/>
 <node id="6718063439" visible="true" version="1" changeset="73438130" timestamp="2019-08-17T09:14:45Z" user="Władysław Komorek" uid="693154" lat="50.0622877" lon="19.9357335"/>
 <node id="6718063440" visible="true" version="1" changeset="73438130" timestamp="2019-08-17T09:14:45Z" user="Władysław Komorek" uid="693154" lat="50.0624147" lon="19.9359696"/>
 <node id="6718063441" visible="true" version="1" changeset="73438130" timestamp="2019-08-17T09:14:45Z" user="Władysław Komorek" uid="693154" lat="50.0623646" lon="19.9359222"/>
 <node id="6718063442" visible="true" version="1" changeset="73438130" timestamp="2019-08-17T09:14:45Z" user="Władysław Komorek" uid="693154" lat="50.0623468" lon="19.9359627"/>
 <node id="6718063443" visible="true" version="1" changeset="73438130" timestamp="2019-08-17T09:14:45Z" user="Władysław Komorek" uid="693154" lat="50.0623285" lon="19.9359472"/>
 <node id="6718063444" visible="true" version="1" changeset="73438130" timestamp="2019-08-17T09:14:45Z" user="Władysław Komorek" uid="693154" lat="50.0623195" lon="19.9359687"/>
 <node id="6718063445" visible="true" version="1" changeset="73438130" timestamp="2019-08-17T09:14:45Z" user="Władysław Komorek" uid="693154" lat="50.0623458" lon="19.9359968"/>
 <node id="6718063446" visible="true" version="1" changeset="73438130" timestamp="2019-08-17T09:14:45Z" user="Władysław Komorek" uid="693154" lat="50.0623402" lon="19.9360111"/>
 <node id="6718063447" visible="true" version="1" changeset="73438130" timestamp="2019-08-17T09:14:45Z" user="Władysław Komorek" uid="693154" lat="50.0623807" lon="19.9360533"/>
 <node id="6718063448" visible="true" version="1" changeset="73438130" timestamp="2019-08-17T09:14:45Z" user="Władysław Komorek" uid="693154" lat="50.0622037" lon="19.9361939"/>
 <node id="6718063449" visible="true" version="1" changeset="73438130" timestamp="2019-08-17T09:14:45Z" user="Władysław Komorek" uid="693154" lat="50.0621600" lon="19.9360873"/>
 <node id="6718063450" visible="true" version="1" changeset="73438130" timestamp="2019-08-17T09:14:45Z" user="Władysław Komorek" uid="693154" lat="50.0621592" lon="19.9360860"/>
 <node id="6718063451" visible="true" version="1" changeset="73438130" timestamp="2019-08-17T09:14:45Z" user="Władysław Komorek" uid="693154" lat="50.0621660" lon="19.9360674"/>
 <node id="6718063452" visible="true" version="1" changeset="73438130" timestamp="2019-08-17T09:14:45Z" user="Władysław Komorek" uid="693154" lat="50.0621679" lon="19.9360664"/>
 <node id="6718063453" visible="true" version="1" changeset="73438130" timestamp="2019-08-17T09:14:45Z" user="Władysław Komorek" uid="693154" lat="50.0621765" lon="19.9360431"/>
 <node id="6718063454" visible="true" version="1" changeset="73438130" timestamp="2019-08-17T09:14:45Z" user="Władysław Komorek" uid="693154" lat="50.0621755" lon="19.9360421"/>
 <node id="6718063455" visible="true" version="1" changeset="73438130" timestamp="2019-08-17T09:14:45Z" user="Władysław Komorek" uid="693154" lat="50.0621825" lon="19.9360230"/>
 <node id="6718063456" visible="true" version="1" changeset="73438130" timestamp="2019-08-17T09:14:45Z" user="Władysław Komorek" uid="693154" lat="50.0621837" lon="19.9360236"/>
 <node id="6718063457" visible="true" version="1" changeset="73438130" timestamp="2019-08-17T09:14:45Z" user="Władysław Komorek" uid="693154" lat="50.0621923" lon="19.9359999"/>
 <node id="6718063458" visible="true" version="1" changeset="73438130" timestamp="2019-08-17T09:14:45Z" user="Władysław Komorek" uid="693154" lat="50.0621916" lon="19.9359980"/>
 <node id="6718063459" visible="true" version="1" changeset="73438130" timestamp="2019-08-17T09:14:45Z" user="Władysław Komorek" uid="693154" lat="50.0621983" lon="19.9359801"/>
 <node id="6718063460" visible="true" version="1" changeset="73438130" timestamp="2019-08-17T09:14:45Z" user="Władysław Komorek" uid="693154" lat="50.0621998" lon="19.9359795"/>
 <node id="6718063461" visible="true" version="1" changeset="73438130" timestamp="2019-08-17T09:14:45Z" user="Władysław Komorek" uid="693154" lat="50.0622088" lon="19.9359559"/>
 <node id="6718063462" visible="true" version="1" changeset="73438130" timestamp="2019-08-17T09:14:45Z" user="Władysław Komorek" uid="693154" lat="50.0622076" lon="19.9359547"/>
 <node id="6718063463" visible="true" version="1" changeset="73438130" timestamp="2019-08-17T09:14:45Z" user="Władysław Komorek" uid="693154" lat="50.0622247" lon="19.9359120"/>
 <node id="6718063464" visible="true" version="1" changeset="73438130" timestamp="2019-08-17T09:14:45Z" user="Władysław Komorek" uid="693154" lat="50.0622237" lon="19.9359111"/>
 <node id="6718063465" visible="true" version="1" changeset="73438130" timestamp="2019-08-17T09:14:45Z" user="Władysław Komorek" uid="693154" lat="50.0622304" lon="19.9358914"/>
 <node id="6718063466" visible="true" version="1" changeset="73438130" timestamp="2019-08-17T09:14:45Z" user="Władysław Komorek" uid="693154" lat="50.0622318" lon="19.9358918"/>
 <node id="6718063467" visible="true" version="1" changeset="73438130" timestamp="2019-08-17T09:14:45Z" user="Władysław Komorek" uid="693154" lat="50.0622404" lon="19.9358690"/>
 <node id="6718063468" visible="true" version="1" changeset="73438130" timestamp="2019-08-17T09:14:45Z" user="Władysław Komorek" uid="693154" lat="50.0622398" lon="19.9358668"/>
 <node id="6718063469" visible="true" version="1" changeset="73438130" timestamp="2019-08-17T09:14:45Z" user="Władysław Komorek" uid="693154" lat="50.0622589" lon="19.9358135"/>
 <node id="6718063470" visible="true" version="1" changeset="73438130" timestamp="2019-08-17T09:14:45Z" user="Władysław Komorek" uid="693154" lat="50.0623316" lon="19.9358912"/>
 <node id="6718063471" visible="true" version="1" changeset="73438130" timestamp="2019-08-17T09:14:45Z" user="Władysław Komorek" uid="693154" lat="50.0623031" lon="19.9359503"/>
 <node id="6718063472" visible="true" version="1" changeset="73438130" timestamp="2019-08-17T09:14:45Z" user="Władysław Komorek" uid="693154" lat="50.0617119" lon="19.9357333"/>
 <node id="6718063473" visible="true" version="1" changeset="73438130" timestamp="2019-08-17T09:14:45Z" user="Władysław Komorek" uid="693154" lat="50.0617096" lon="19.9357366"/>
 <node id="6718063474" visible="true" version="1" changeset="73438130" timestamp="2019-08-17T09:14:45Z" user="Władysław Komorek" uid="693154" lat="50.0617326" lon="19.9357568"/>
 <node id="6718063475" visible="true" version="1" changeset="73438130" timestamp="2019-08-17T09:14:45Z" user="Władysław Komorek" uid="693154" lat="50.0617372" lon="19.9357616"/>
 <node id="6718063476" visible="true" version="1" changeset="73438130" timestamp="2019-08-17T09:14:45Z" user="Władysław Komorek" uid="693154" lat="50.0617328" lon="19.9357529"/>
 <node id="6718063477" visible="true" version="1" changeset="73438130" timestamp="2019-08-17T09:14:45Z" user="Władysław Komorek" uid="693154" lat="50.0617798" lon="19.9358113"/>
 <node id="6718063478" visible="true" version="1" changeset="73438130" timestamp="2019-08-17T09:14:45Z" user="Władysław Komorek" uid="693154" lat="50.0617747" lon="19.9358060"/>
 <node id="6718063479" visible="true" version="1" changeset="73438130" timestamp="2019-08-17T09:14:45Z" user="Władysław Komorek" uid="693154" lat="50.0617781" lon="19.9357970"/>
 <node id="6718063480" visible="true" version="1" changeset="73438130" timestamp="2019-08-17T09:14:45Z" user="Władysław Komorek" uid="693154" lat="50.0617737" lon="19.9357924"/>
 <node id="6718063481" visible="true" version="1" changeset="73438130" timestamp="2019-08-17T09:14:45Z" user="Władysław Komorek" uid="693154" lat="50.0617739" lon="19.9357903"/>
 <node id="6718063482" visible="true" version="1" changeset="73438130" timestamp="2019-08-17T09:14:45Z" user="Władysław Komorek" uid="693154" lat="50.0617714" lon="19.9357878"/>
 <node id="6718063483" visible="true" version="1" changeset="73438130" timestamp="2019-08-17T09:14:45Z" user="Władysław Komorek" uid="693154" lat="50.0617852" lon="19.9357988"/>
 <node id="6718063484" visible="true" version="1" changeset="73438130" timestamp="2019-08-17T09:14:45Z" user="Władysław Komorek" uid="693154" lat="50.0617720" lon="19.9357859"/>
 <node id="6718063485" visible="true" version="1" changeset="73438130" timestamp="2019-08-17T09:14:45Z" user="Władysław Komorek" uid="693154" lat="50.0617438" lon="19.9357641"/>
 <node id="6718063486" visible="true" version="1" changeset="73438130" timestamp="2019-08-17T09:14:45Z" user="Władysław Komorek" uid="693154" lat="50.0617446" lon="19.9357627"/>
 <node id="6718063487" visible="true" version="1" changeset="73438130" timestamp="2019-08-17T09:14:45Z" user="Władysław Komorek" uid="693154" lat="50.0617472" lon="19.9357650"/>
 <node id="6718063488" visible="true" version="1" changeset="73438130" timestamp="2019-08-17T09:14:45Z" user="Władysław Komorek" uid="693154" lat="50.0617484" lon="19.9357635"/>
 <node id="6718063489" visible="true" version="1" changeset="73438130" timestamp="2019-08-17T09:14:45Z" user="Władysław Komorek" uid="693154" lat="50.0618006" lon="19.9358303"/>
 <node id="6718063490" visible="true" version="1" changeset="73438130" timestamp="2019-08-17T09:14:45Z" user="Władysław Komorek" uid="693154" lat="50.0618057" lon="19.9358353"/>
 <node id="6718063491" visible="true" version="1" changeset="73438130" timestamp="2019-08-17T09:14:45Z" user="Władysław Komorek" uid="693154" lat="50.0618158" lon="19.9358318"/>
 <node id="6718063492" visible="true" version="1" changeset="73438130" timestamp="2019-08-17T09:14:45Z" user="Władysław Komorek" uid="693154" lat="50.0618096" lon="19.9358261"/>
 <node id="6718063493" visible="true" version="1" changeset="73438130" timestamp="2019-08-17T09:14:45Z" user="Władysław Komorek" uid="693154" lat="50.0618050" lon="19.9358181"/>
 <node id="6718063494" visible="true" version="1" changeset="73438130" timestamp="2019-08-17T09:14:45Z" user="Władysław Komorek" uid="693154" lat="50.0618170" lon="19.9358308"/>
 <node id="6984782727" visible="true" version="3" changeset="171494077" timestamp="2025-09-05T11:42:17Z" user="Икчпук" uid="21130589" lat="50.0617268" lon="19.9376216">
  <tag k="access" v="customers"/>
  <tag k="defibrillator:location" v="w kawiarni"/>
  <tag k="emergency" v="defibrillator"/>
  <tag k="indoor" v="yes"/>
  <tag k="location" v="indoor"/>
 </node>
 <node id="7278499770" visible="true" version="1" changeset="81936979" timestamp="2020-03-09T01:22:20Z" user="Robercin" uid="699708" lat="50.0636254" lon="19.9360596"/>
 <node id="7278499771" visible="true" version="1" changeset="81936979" timestamp="2020-03-09T01:22:20Z" user="Robercin" uid="699708" lat="50.0639293" lon="19.9362454"/>
 <node id="7278499772" visible="true" version="1" changeset="81936979" timestamp="2020-03-09T01:22:20Z" user="Robercin" uid="699708" lat="50.0638079" lon="19.9366521"/>
 <node id="7278499773" visible="true" version="1" changeset="81936979" timestamp="2020-03-09T01:22:20Z" user="Robercin" uid="699708" lat="50.0637457" lon="19.9368665"/>
 <node id="7278499774" visible="true" version="1" changeset="81936979" timestamp="2020-03-09T01:22:20Z" user="Robercin" uid="699708" lat="50.0635591" lon="19.9374098"/>
 <node id="7278499775" visible="true" version="1" changeset="81936979" timestamp="2020-03-09T01:22:20Z" user="Robercin" uid="699708" lat="50.0628555" lon="19.9368522"/>
 <node id="7278499777" visible="true" version="1" changeset="81936979" timestamp="2020-03-09T01:22:20Z" user="Robercin" uid="699708" lat="50.0627882" lon="19.9367887"/>
 <node id="7278499778" visible="true" version="1" changeset="81936979" timestamp="2020-03-09T01:22:20Z" user="Robercin" uid="699708" lat="50.0629330" lon="19.9364599"/>
 <node id="7278499780" visible="true" version="1" changeset="81936979" timestamp="2020-03-09T01:22:20Z" user="Robercin" uid="699708" lat="50.0625353" lon="19.9350302"/>
 <node id="7278499781" visible="true" version="1" changeset="81936979" timestamp="2020-03-09T01:22:20Z" user="Robercin" uid="699708" lat="50.0622773" lon="19.9357053"/>
 <node id="7278499782" visible="true" version="1" changeset="81936979" timestamp="2020-03-09T01:22:20Z" user="Robercin" uid="699708" lat="50.0621142" lon="19.9361565"/>
 <node id="7278499783" visible="true" version="1" changeset="81936979" timestamp="2020-03-09T01:22:20Z" user="Robercin" uid="699708" lat="50.0615869" lon="19.9348444"/>
 <node id="7278499784" visible="true" version="1" changeset="81936979" timestamp="2020-03-09T01:22:20Z" user="Robercin" uid="699708" lat="50.0617797" lon="19.9343424"/>
 <node id="7278509185" visible="true" version="1" changeset="81936979" timestamp="2020-03-09T01:22:20Z" user="Robercin" uid="699708" lat="50.0624823" lon="19.9349794"/>
 <node id="7278509186" visible="true" version="1" changeset="81936979" timestamp="2020-03-09T01:22:20Z" user="Robercin" uid="699708" lat="50.0620560" lon="19.9360786"/>
 <node id="7278509187" visible="true" version="1" changeset="81936979" timestamp="2020-03-09T01:22:20Z" user="Robercin" uid="699708" lat="50.0613718" lon="19.9354798"/>
 <node id="7278509205" visible="true" version="1" changeset="81936979" timestamp="2020-03-09T01:22:20Z" user="Robercin" uid="699708" lat="50.0602704" lon="19.9358975"/>
 <node id="7278509206" visible="true" version="1" changeset="81936979" timestamp="2020-03-09T01:22:20Z" user="Robercin" uid="699708" lat="50.0602949" lon="19.9357260"/>
 <node id="7278509207" visible="true" version="1" changeset="81936979" timestamp="2020-03-09T01:22:20Z" user="Robercin" uid="699708" lat="50.0603490" lon="19.9355560"/>
 <node id="7278509208" visible="true" version="1" changeset="81936979" timestamp="2020-03-09T01:22:20Z" user="Robercin" uid="699708" lat="50.0606284" lon="19.9348825"/>
 <node id="7278509209" visible="true" version="1" changeset="81936979" timestamp="2020-03-09T01:22:20Z" user="Robercin" uid="699708" lat="50.0610067" lon="19.9352113"/>
 <node id="7278509210" visible="true" version="2" changeset="126960013" timestamp="2022-10-03T21:25:10Z" user="edc22" uid="6529331" lat="50.0613018" lon="19.9354936"/>
 <node id="7278509211" visible="true" version="2" changeset="126960013" timestamp="2022-10-03T21:25:10Z" user="edc22" uid="6529331" lat="50.0611287" lon="19.9360334"/>
 <node id="7278509212" visible="true" version="2" changeset="126960013" timestamp="2022-10-03T21:25:10Z" user="edc22" uid="6529331" lat="50.0609633" lon="19.9365406"/>
 <node id="7278509213" visible="true" version="2" changeset="126960013" timestamp="2022-10-03T21:25:10Z" user="edc22" uid="6529331" lat="50.0606384" lon="19.9363047"/>
 <node id="7278509214" visible="true" version="2" changeset="126960013" timestamp="2022-10-03T21:25:10Z" user="edc22" uid="6529331" lat="50.0605551" lon="19.9362641"/>
 <node id="7278509215" visible="true" version="2" changeset="126960013" timestamp="2022-10-03T21:25:10Z" user="edc22" uid="6529331" lat="50.0602470" lon="19.9362103"/>
 <node id="7278509281" visible="true" version="1" changeset="81936979" timestamp="2020-03-09T01:22:20Z" user="Robercin" uid="699708" lat="50.0628188" lon="19.9369507"/>
 <node id="7278509282" visible="true" version="1" changeset="81936979" timestamp="2020-03-09T01:22:20Z" user="Robercin" uid="699708" lat="50.0635209" lon="19.9375019"/>
 <node id="7278509283" visible="true" version="1" changeset="81936979" timestamp="2020-03-09T01:22:20Z" user="Robercin" uid="699708" lat="50.0631747" lon="19.9385487"/>
 <node id="7278509284" visible="true" version="1" changeset="81936979" timestamp="2020-03-09T01:22:20Z" user="Robercin" uid="699708" lat="50.0624711" lon="19.9380357"/>
 <node id="7679511046" visible="true" version="2" changeset="187963118" timestamp="2026-08-24T22:54:11Z" user="Adam Haba" uid="12293030" lat="50.0620915" lon="19.9361030"/>
 <node id="7679511047" visible="true" version="1" changeset="87491334" timestamp="2020-07-03T08:33:20Z" user="WieKo68" uid="6776248" lat="50.0612939" lon="19.9354286"/>
 <node id="7818066093" visible="true" version="1" changeset="89484312" timestamp="2020-08-16T21:43:54Z" user="edc22" uid="6529331" lat="50.0616963" lon="19.9357250"/>
 <node id="7975149497" visible="true" version="4" changeset="185596165" timestamp="2026-07-12T15:00:12Z" user="iamJordi" uid="22205799" lat="50.0626068" lon="19.9377396">
  <tag k="addr:city" v="Kraków"/>
  <tag k="addr:housenumber" v="40"/>
  <tag k="addr:postcode" v="31-013"/>
  <tag k="addr:street" v="Rynek Główny"/>
  <tag k="brand" v="Żabka"/>
  <tag k="brand:wikidata" v="Q2589061"/>
  <tag k="brand:wikipedia" v="pl:Żabka (sieć sklepów)"/>
  <tag k="name" v="Żabka"/>
  <tag k="name:pl" v="Żabka"/>
  <tag k="name:uk" v="Жабка"/>
  <tag k="opening_hours" v="Mo-Sa 06:00-23:00; Su 10:00-20:00"/>
  <tag k="payment:blik" v="yes"/>
  <tag k="payment:cash" v="yes"/>
  <tag k="payment:coins" v="yes"/>
  <tag k="payment:contactless" v="yes"/>
  <tag k="payment:mastercard" v="yes"/>
  <tag k="payment:visa" v="yes"/>
  <tag k="self_checkout" v="yes"/>
  <tag k="shop" v="convenience"/>
  <tag k="website" v="https://zabka.pl/"/>
 </node>
 <node id="8532224292" visible="true" version="5" changeset="152906675" timestamp="2024-06-19T17:13:52Z" user="Blackkness_7" uid="21635177" lat="50.0611261" lon="19.9360043">
  <tag k="amenity" v="atm"/>
  <tag k="brand" v="Euronet"/>
  <tag k="brand:wikidata" v="Q5412010"/>
  <tag k="brand:wikipedia" v="en:Euronet Worldwide"/>
  <tag k="cash_in" v="no"/>
  <tag k="indoor" v="no"/>
  <tag k="name" v="Euronet"/>
  <tag k="operator" v="Euronet"/>
  <tag k="operator:wikidata" v="Q5412010"/>
  <tag k="operator:wikipedia" v="en:Euronet Worldwide"/>
 </node>
 <node id="8532224293" visible="true" version="3" changeset="126964142" timestamp="2022-10-04T00:05:49Z" user="edc22" uid="6529331" lat="50.0610847" lon="19.9360469">
  <tag k="name" v="Papugarnia"/>
  <tag k="removed:tourism" v="zoo"/>
 </node>
 <node id="9548493004" visible="true" version="1" changeset="117999639" timestamp="2022-03-02T00:58:20Z" user="deriotim" uid="15205722" lat="50.0621074" lon="19.9360872"/>
 <node id="9548493006" visible="true" version="2" changeset="172127474" timestamp="2025-09-18T18:23:49Z" user="Deftax" uid="23237937" lat="50.0630739" lon="19.9336477"/>
 <node id="9548493007" visible="true" version="3" changeset="183783251" timestamp="2026-06-07T14:16:31Z" user="ArabianNaito" uid="6748379" lat="50.0630926" lon="19.9335869">
  <tag k="railway" v="crossing"/>
 </node>
 <node id="9548515314" visible="true" version="1" changeset="117999677" timestamp="2022-03-02T01:01:36Z" user="deriotim" uid="15205722" lat="50.0620889" lon="19.9360729"/>
 <node id="9548515315" visible="true" version="1" changeset="117999677" timestamp="2022-03-02T01:01:36Z" user="deriotim" uid="15205722" lat="50.0621606" lon="19.9358856"/>
 <node id="9659451320" visible="true" version="1" changeset="119595523" timestamp="2022-04-11T20:54:54Z" user="margoze" uid="10968027" lat="50.0629759" lon="19.9372150">
  <tag k="amenity" v="bar"/>
  <tag k="email" v="laperocracovie@gmail.com"/>
  <tag k="level" v="-1"/>
  <tag k="name" v="L'Apéro"/>
  <tag k="opening_hours" v="Tu-Su 17:00-23:45"/>
  <tag k="website" v="https://m.facebook.com/Laperocracovie/"/>
 </node>
 <node id="10034071862" visible="true" version="2" changeset="177738391" timestamp="2026-01-26T20:59:50Z" user="uprkos" uid="11239973" lat="50.0629846" lon="19.9365743">
  <tag k="amenity" v="atm"/>
  <tag k="brand" v="Euronet"/>
  <tag k="brand:wikidata" v="Q5412010"/>
  <tag k="check_date" v="2022-09-18"/>
  <tag k="name" v="Euronet"/>
  <tag k="operator" v="Euronet"/>
  <tag k="operator:wikidata" v="Q5412010"/>
 </node>
 <node id="10046244123" visible="true" version="1" changeset="126525154" timestamp="2022-09-23T00:12:39Z" user="edc22" uid="6529331" lat="50.0626490" lon="19.9374908">
  <tag k="historic" v="memorial"/>
  <tag k="location" v="wall"/>
  <tag k="memorial" v="plaque"/>
  <tag k="name" v="Józef Chłopicki"/>
  <tag k="subject:wikidata" v="Q577879"/>
  <tag k="subject:wikipedia" v="pl:Józef Chłopicki"/>
  <tag k="wikimedia_commons" v="File:Krakow Rynek Glowny 38 Kamienica Kencowska tablica Chlopicki stan 2001r A-169.tif"/>
 </node>
 <node id="10046244124" visible="true" version="1" changeset="126525154" timestamp="2022-09-23T00:12:39Z" user="edc22" uid="6529331" lat="50.0627511" lon="19.9372895">
  <tag k="addr:city" v="Kraków"/>
  <tag k="addr:housenumber" v="37"/>
  <tag k="addr:street" v="Rynek Główny"/>
  <tag k="amenity" v="restaurant"/>
  <tag k="cuisine" v="american"/>
  <tag k="name" v="Buffalo"/>
  <tag k="opening_hours" v="Mo-Th 12:00-22:00; Fr-Su 11:00-23:00"/>
  <tag k="website" v="https://www.buffalorestaurant.pl"/>
 </node>
 <node id="10046244125" visible="true" version="2" changeset="152500084" timestamp="2024-06-10T14:52:19Z" user="Blackkness_7" uid="21635177" lat="50.0628271" lon="19.9370388">
  <tag k="amenity" v="cafe"/>
  <tag k="name" v="Nakielny Resto"/>
  <tag k="opening_hours" v="Mo-Th 09:00-22:00; Fr,Sa 09:00-23:00; Su 09:00-22:00; PH 09:00-23:00"/>
 </node>
 <node id="10046244126" visible="true" version="3" changeset="176279279" timestamp="2025-12-22T19:36:19Z" user="uprkos" uid="11239973" lat="50.0626626" lon="19.9375417">
  <tag k="addr:city" v="Kraków"/>
  <tag k="addr:housenumber" v="39"/>
  <tag k="addr:street" v="Rynek Główny"/>
  <tag k="check_date" v="2025-12-22"/>
  <tag k="check_date:opening_hours" v="2024-02-16"/>
  <tag k="name:signed" v="no"/>
  <tag k="opening_hours" v="Mo-Fr 11:00-18:00; Sa 11:00-14:00"/>
  <tag k="shop" v="antiques"/>
  <tag k="website" v="https://zegarkirynek.pl"/>
 </node>
 <node id="10046244127" visible="true" version="4" changeset="147532263" timestamp="2024-02-16T13:16:38Z" user="osmenjoyer62905" uid="20099745" lat="50.0626249" lon="19.9376610">
  <tag k="addr:city" v="Kraków"/>
  <tag k="addr:housenumber" v="39"/>
  <tag k="addr:street" v="Rynek Główny"/>
  <tag k="amenity" v="restaurant"/>
  <tag k="cuisine" v="polish"/>
  <tag k="name" v="Chopin"/>
  <tag k="opening_hours" v="Mo-Su 08:00-24:00"/>
  <tag k="website" v="https://www.chopinkrakow.pl/"/>
 </node>
 <node id="10046244128" visible="true" version="1" changeset="126525154" timestamp="2022-09-23T00:12:39Z" user="edc22" uid="6529331" lat="50.0622669" lon="19.9387162"/>
 <node id="10046244129" visible="true" version="1" changeset="126525154" timestamp="2022-09-23T00:12:39Z" user="edc22" uid="6529331" lat="50.0622637" lon="19.9387266">
  <tag k="historic" v="memorial"/>
  <tag k="location" v="wall"/>
  <tag k="memorial" v="plaque"/>
  <tag k="name" v="Tadeusz Kościuszko"/>
  <tag k="subject:wikidata" v="Q191479"/>
  <tag k="subject:wikipedia" v="pl:Tadeusz Kościuszko"/>
  <tag k="wikimedia_commons" v="File:Krakow Rynek Glowny 47 Kamienica Margrabska tablica 01 stan 2001r A-175.tif"/>
 </node>
 <node id="10054869759" visible="true" version="2" changeset="171494077" timestamp="2025-09-05T11:42:17Z" user="Икчпук" uid="21130589" lat="50.0612930" lon="19.9373441"/>
 <node id="10074052856" visible="true" version="1" changeset="126964142" timestamp="2022-10-04T00:05:49Z" user="edc22" uid="6529331" lat="50.0609156" lon="19.9364962">
  <tag k="historic" v="memorial"/>
  <tag k="location" v="wall"/>
  <tag k="memorial" v="plaque"/>
  <tag k="name" v="Władysław Orkan"/>
  <tag k="subject:wikidata" v="Q1436828"/>
  <tag k="subject:wikipedia" v="pl:Władysław Orkan"/>
  <tag k="wikimedia_commons" v="File:Władysław Orkan Tablica Kraków.JPG"/>
 </node>
 <node id="10074052857" visible="true" version="6" changeset="189490061" timestamp="2026-09-24T10:39:28Z" user="Fla13" uid="23629183" lat="50.0609695" lon="19.9364740">
  <tag k="amenity" v="atm"/>
  <tag k="brand" v="PKO BP"/>
  <tag k="brand:wikidata" v="Q578832"/>
  <tag k="cash_in" v="no"/>
  <tag k="check_date" v="2026-09-24"/>
  <tag k="indoor" v="no"/>
  <tag k="name" v="PKO BP"/>
  <tag k="operator" v="PKO BP"/>
  <tag k="operator:wikidata" v="Q578832"/>
 </node>
 <node id="10074052858" visible="true" version="6" changeset="189490061" timestamp="2026-09-24T10:39:27Z" user="Fla13" uid="23629183" lat="50.0609807" lon="19.9364400">
  <tag k="amenity" v="atm"/>
  <tag k="brand" v="PKO BP"/>
  <tag k="brand:wikidata" v="Q578832"/>
  <tag k="cash_in" v="no"/>
  <tag k="check_date" v="2026-09-24"/>
  <tag k="indoor" v="no"/>
  <tag k="name" v="PKO BP"/>
  <tag k="operator" v="PKO BP"/>
  <tag k="operator:wikidata" v="Q578832"/>
 </node>
 <node id="10080817915" visible="true" version="2" changeset="152502034" timestamp="2024-06-10T15:00:28Z" user="Blackkness_7" uid="21635177" lat="50.0622603" lon="19.9362533"/>
 <node id="10080817916" visible="true" version="2" changeset="152548103" timestamp="2024-06-11T15:30:12Z" user="Blackkness_7" uid="21635177" lat="50.0624417" lon="19.9362939">
  <tag k="amenity" v="bar"/>
  <tag k="name" v="Międzymiastowa"/>
  <tag k="opening_hours" v="Tu-Th 12:00-24:00, Fr,Sa 12:00-03:00, Su,Mo 12:00-23:00"/>
  <tag k="website" v="https://www.facebook.com/miedzymiastowakrakow/"/>
 </node>
 <node id="10080827117" visible="true" version="1" changeset="127122138" timestamp="2022-10-06T22:41:08Z" user="edc22" uid="6529331" lat="50.0627203" lon="19.9366896">
  <tag k="artwork_type" v="statue"/>
  <tag k="location" v="wall"/>
  <tag k="subject:wikidata" v="Q193507"/>
  <tag k="subject:wikipedia" v="pl:Krzysztof (męczennik)"/>
  <tag k="tourism" v="artwork"/>
  <tag k="wikimedia_commons" v="File:Pod Krzysztofory Palace, St. Christopher sculpture, 2021 design, Aleksander Śliwa, 35 Main Market square, Old Town, Kraków, Poland.jpg"/>
 </node>
 <node id="10123697291" visible="true" version="4" changeset="171494077" timestamp="2025-09-05T11:42:17Z" user="Икчпук" uid="21130589" lat="50.0618492" lon="19.9373978">
  <tag k="name" v="Ptasznik"/>
  <tag k="note" v="This shop doesn't have a ref, is between 37 and 38."/>
  <tag k="payment:credit_cards" v="yes"/>
  <tag k="payment:debit_cards" v="yes"/>
  <tag k="shop" v="gift"/>
  <tag k="wheelchair" v="yes"/>
 </node>
 <node id="10123890799" visible="true" version="2" changeset="158574705" timestamp="2024-10-31T10:21:03Z" user="ivanbranco" uid="11220113" lat="50.0614699" lon="19.9363150">
  <tag k="door" v="hinged"/>
  <tag k="door:wings" v="1"/>
  <tag k="entrance" v="yes"/>
  <tag k="wikimedia_commons" v="File:Wieza Ratuszowa entrance.jpg"/>
 </node>
 <node id="10123890800" visible="true" version="1" changeset="127958666" timestamp="2022-10-23T13:58:38Z" user="ivanbranco" uid="11220113" lat="50.0615728" lon="19.9364780">
  <tag k="artwork_type" v="statue"/>
  <tag k="subject:wikidata" v="Q140"/>
  <tag k="tourism" v="artwork"/>
  <tag k="wikimedia_commons" v="File:Lew na Ratuszu w Krakowie.jpg"/>
 </node>
 <node id="10123890801" visible="true" version="1" changeset="127958666" timestamp="2022-10-23T13:58:38Z" user="ivanbranco" uid="11220113" lat="50.0615569" lon="19.9365368">
  <tag k="artwork_type" v="statue"/>
  <tag k="subject:wikidata" v="Q140"/>
  <tag k="tourism" v="artwork"/>
  <tag k="wikimedia_commons" v="File:Lion outside Wieza Ratuszowa (7822242090).jpg"/>
 </node>
 <node id="10123890802" visible="true" version="2" changeset="162635346" timestamp="2025-02-17T21:10:56Z" user="Dusiaczek" uid="22231748" lat="50.0615235" lon="19.9364544">
  <tag k="amenity" v="bench"/>
  <tag k="armrest" v="yes"/>
  <tag k="backrest" v="yes"/>
  <tag k="wikimedia_commons" v="File:A 9 wieża ratuszowa Kraków, Rynek Główny Rafał Peplinski 4.JPG"/>
 </node>
 <node id="10123890803" visible="true" version="1" changeset="127958666" timestamp="2022-10-23T13:58:38Z" user="ivanbranco" uid="11220113" lat="50.0615119" lon="19.9364974">
  <tag k="amenity" v="bench"/>
  <tag k="backrest" v="yes"/>
  <tag k="wikimedia_commons" v="File:A 9 wieża ratuszowa Kraków, Rynek Główny Rafał Peplinski 4.JPG"/>
 </node>
 <node id="10123890814" visible="true" version="1" changeset="127958666" timestamp="2022-10-23T13:58:38Z" user="ivanbranco" uid="11220113" lat="50.0612180" lon="19.9361097"/>
 <node id="10123890815" visible="true" version="1" changeset="127958666" timestamp="2022-10-23T13:58:38Z" user="ivanbranco" uid="11220113" lat="50.0611462" lon="19.9360570"/>
 <node id="10123890816" visible="true" version="1" changeset="127958666" timestamp="2022-10-23T13:58:38Z" user="ivanbranco" uid="11220113" lat="50.0610486" lon="19.9363803"/>
 <node id="10123911817" visible="true" version="1" changeset="127958666" timestamp="2022-10-23T13:58:38Z" user="ivanbranco" uid="11220113" lat="50.0611204" lon="19.9364329"/>
 <node id="10123911818" visible="true" version="1" changeset="127958666" timestamp="2022-10-23T13:58:38Z" user="ivanbranco" uid="11220113" lat="50.0610248" lon="19.9367204"/>
 <node id="10123911819" visible="true" version="1" changeset="127958666" timestamp="2022-10-23T13:58:38Z" user="ivanbranco" uid="11220113" lat="50.0609564" lon="19.9366630"/>
 <node id="10123911820" visible="true" version="2" changeset="187963544" timestamp="2026-08-24T23:16:41Z" user="Adam Haba" uid="12293030" lat="50.0608915" lon="19.9368585"/>
 <node id="10123911821" visible="true" version="2" changeset="187963544" timestamp="2026-08-24T23:16:41Z" user="Adam Haba" uid="12293030" lat="50.0607316" lon="19.9371898"/>
 <node id="10123911822" visible="true" version="2" changeset="187963544" timestamp="2026-08-24T23:16:41Z" user="Adam Haba" uid="12293030" lat="50.0605785" lon="19.9373534"/>
 <node id="10123911823" visible="true" version="1" changeset="127958666" timestamp="2022-10-23T13:58:38Z" user="ivanbranco" uid="11220113" lat="50.0602702" lon="19.9375650"/>
 <node id="10123911824" visible="true" version="1" changeset="127958666" timestamp="2022-10-23T13:58:38Z" user="ivanbranco" uid="11220113" lat="50.0602820" lon="19.9376080"/>
 <node id="10123911825" visible="true" version="2" changeset="187963544" timestamp="2026-08-24T23:16:41Z" user="Adam Haba" uid="12293030" lat="50.0603812" lon="19.9375851"/>
 <node id="10123911826" visible="true" version="1" changeset="127958666" timestamp="2022-10-23T13:58:38Z" user="ivanbranco" uid="11220113" lat="50.0605101" lon="19.9375292"/>
 <node id="10123911827" visible="true" version="2" changeset="187963544" timestamp="2026-08-24T23:16:41Z" user="Adam Haba" uid="12293030" lat="50.0606099" lon="19.9374574"/>
 <node id="10123911828" visible="true" version="2" changeset="187963544" timestamp="2026-08-24T23:16:41Z" user="Adam Haba" uid="12293030" lat="50.0607076" lon="19.9373649"/>
 <node id="10123911829" visible="true" version="2" changeset="187963544" timestamp="2026-08-24T23:16:41Z" user="Adam Haba" uid="12293030" lat="50.0608126" lon="19.9372240"/>
 <node id="10123911830" visible="true" version="2" changeset="187963544" timestamp="2026-08-24T23:16:41Z" user="Adam Haba" uid="12293030" lat="50.0609258" lon="19.9370081"/>
 <node id="10123911831" visible="true" version="2" changeset="145229891" timestamp="2023-12-17T21:30:45Z" user="Mateusz Konieczny" uid="1722488" lat="50.0615099" lon="19.9364445">
  <tag k="amenity" v="clock"/>
  <tag k="display" v="analog"/>
  <tag k="indoor" v="no"/>
  <tag k="support" v="wall_mounted"/>
 </node>
 <node id="10123911832" visible="true" version="2" changeset="145229891" timestamp="2023-12-17T21:30:35Z" user="Mateusz Konieczny" uid="1722488" lat="50.0614902" lon="19.9363582">
  <tag k="amenity" v="clock"/>
  <tag k="display" v="analog"/>
  <tag k="indoor" v="no"/>
  <tag k="support" v="wall_mounted"/>
 </node>
 <node id="10123911833" visible="true" version="2" changeset="145229891" timestamp="2023-12-17T21:30:22Z" user="Mateusz Konieczny" uid="1722488" lat="50.0614365" lon="19.9363918">
  <tag k="amenity" v="clock"/>
  <tag k="display" v="analog"/>
  <tag k="indoor" v="no"/>
  <tag k="support" v="wall_mounted"/>
 </node>
 <node id="10123911834" visible="true" version="2" changeset="145229891" timestamp="2023-12-17T21:30:24Z" user="Mateusz Konieczny" uid="1722488" lat="50.0614557" lon="19.9364755">
  <tag k="amenity" v="clock"/>
  <tag k="display" v="analog"/>
  <tag k="indoor" v="no"/>
  <tag k="support" v="wall_mounted"/>
 </node>
 <node id="10224475270" visible="true" version="3" changeset="187770517" timestamp="2026-08-21T00:30:14Z" user="Adam Haba" uid="12293030" lat="50.0640804" lon="19.9337383">
  <tag k="railway" v="tram_level_crossing"/>
 </node>
 <node id="11234451887" visible="true" version="1" changeset="142052580" timestamp="2023-10-02T18:47:03Z" user="Awoobis" uid="19837576" lat="50.0610930" lon="19.9381474"/>
 <node id="11450091474" visible="true" version="1" changeset="145480473" timestamp="2023-12-24T21:22:35Z" user="geoyolog" uid="9935659" lat="50.0621338" lon="19.9362831">
  <tag k="couplings" v="2"/>
  <tag k="emergency" v="fire_hydrant"/>
  <tag k="fire_hydrant:diameter" v="80"/>
  <tag k="fire_hydrant:position" v="sidewalk"/>
  <tag k="fire_hydrant:type" v="pillar"/>
  <tag k="ref" v="546"/>
 </node>
 <node id="11735209534" visible="true" version="2" changeset="165044103" timestamp="2025-04-16T19:41:23Z" user="uprkos" uid="11239973" lat="50.0610849" lon="19.9364363">
  <tag k="advertising" v="column"/>
  <tag k="check_date" v="2025-04-16"/>
  <tag k="operator" v="RENGL Polska"/>
  <tag k="operator:wikidata" v="Q130260789"/>
  <tag k="ref" v="0746"/>
 </node>
 <node id="11751727971" visible="true" version="2" changeset="171494077" timestamp="2025-09-05T11:42:17Z" user="Икчпук" uid="21130589" lat="50.0621668" lon="19.9374229">
  <tag k="frequency" v="50"/>
  <tag k="location" v="underground"/>
  <tag k="operator" v="Tauron"/>
  <tag k="operator:wikidata" v="Q2397198"/>
  <tag k="power" v="substation"/>
  <tag k="ref" v="KRK 1032"/>
  <tag k="substation" v="minor_distribution"/>
  <tag k="voltage" v="15000;400"/>
 </node>
 <node id="11805710533" visible="true" version="2" changeset="165044103" timestamp="2025-04-16T19:41:23Z" user="uprkos" uid="11239973" lat="50.0619106" lon="19.9360951">
  <tag k="advertising" v="column"/>
  <tag k="check_date" v="2025-04-16"/>
  <tag k="operator" v="RENGL Polska"/>
  <tag k="operator:wikidata" v="Q130260789"/>
  <tag k="ref" v="0745"/>
 </node>
 <node id="11846830706" visible="true" version="1" changeset="150486252" timestamp="2024-04-25T09:56:43Z" user="ElectroDriver" uid="13913940" lat="50.0622448" lon="19.9378128"/>
 <node id="11846830707" visible="true" version="1" changeset="150486252" timestamp="2024-04-25T09:56:43Z" user="ElectroDriver" uid="13913940" lat="50.0622579" lon="19.9374894"/>
 <node id="11846830708" visible="true" version="1" changeset="150486252" timestamp="2024-04-25T09:56:43Z" user="ElectroDriver" uid="13913940" lat="50.0614047" lon="19.9367190"/>
 <node id="11846830709" visible="true" version="1" changeset="150486252" timestamp="2024-04-25T09:56:43Z" user="ElectroDriver" uid="13913940" lat="50.0621539" lon="19.9380529"/>
 <node id="11846830710" visible="true" version="1" changeset="150486252" timestamp="2024-04-25T09:56:43Z" user="ElectroDriver" uid="13913940" lat="50.0621975" lon="19.9380707"/>
 <node id="11846830711" visible="true" version="1" changeset="150486252" timestamp="2024-04-25T09:56:43Z" user="ElectroDriver" uid="13913940" lat="50.0615153" lon="19.9360136"/>
 <node id="11846830712" visible="true" version="1" changeset="150486252" timestamp="2024-04-25T09:56:43Z" user="ElectroDriver" uid="13913940" lat="50.0624589" lon="19.9369673"/>
 <node id="12057827098" visible="true" version="1" changeset="154032415" timestamp="2024-07-16T20:36:20Z" user="uprkos" uid="11239973" lat="50.0607562" lon="19.9380551"/>
 <node id="12112256451" visible="true" version="2" changeset="155629201" timestamp="2024-08-22T23:18:46Z" user="Bartek F" uid="95019" lat="50.0622482" lon="19.9362422">
  <tag k="amenity" v="atm"/>
  <tag k="brand" v="Bank Pekao"/>
  <tag k="brand:wikidata" v="Q806642"/>
  <tag k="cash_in" v="yes"/>
  <tag k="check_date" v="2024-08-11"/>
  <tag k="indoor" v="no"/>
  <tag k="operator" v="Bank Pekao"/>
  <tag k="operator:wikidata" v="Q806642"/>
 </node>
 <node id="12139483201" visible="true" version="2" changeset="155819629" timestamp="2024-08-27T09:06:46Z" user="Małopolski Urząd Wojewódzki" uid="21711081" lat="50.0614674" lon="19.9364091">
  <tag k="access" v="permit"/>
  <tag k="check_date" v="2024-08-27"/>
  <tag k="defibrillator:location:pl" v="Rynek Główny Wieża Ratuszowa&#10;otwarte 9.00 – 18.00&#10;(w okresie kwiecień – październik)"/>
  <tag k="emergency" v="defibrillator"/>
  <tag k="indoor" v="yes"/>
  <tag k="operator" v="Wieża Ratuszowa Rynek Główny 31-011 Kraków"/>
 </node>
 <node id="12141889601" visible="true" version="3" changeset="171494077" timestamp="2025-09-05T11:42:17Z" user="Икчпук" uid="21130589" lat="50.0620050" lon="19.9377768">
  <tag k="access" v="permit"/>
  <tag k="check_date" v="2024-08-28"/>
  <tag k="defibrillator:location:pl" v="Rynek Podziemny Muzeum Kraków – ochrona&#10;obiektu całodobowo"/>
  <tag k="emergency" v="defibrillator"/>
  <tag k="indoor" v="yes"/>
  <tag k="operator" v="Rynek Podziemny Muzeum Kraków Rynek Główny 31-011 Kraków"/>
 </node>
 <node id="12141901101" visible="true" version="3" changeset="177875306" timestamp="2026-01-30T06:18:30Z" user="YomanNH" uid="718122" lat="50.0627684" lon="19.9364973">
  <tag k="access" v="permit"/>
  <tag k="check_date" v="2024-08-28"/>
  <tag k="defibrillator:location" v="Na wprost od wejścia, za jakieś 50 metrów wgłąb budynku, koło windy."/>
  <tag k="defibrillator:location:pl" v="Rynek Główny 35 ochrona obiektu całodobowo"/>
  <tag k="emergency" v="defibrillator"/>
  <tag k="indoor" v="yes"/>
  <tag k="operator" v="Pałac Krzysztofory Rynek Główny 35 31-011 Kraków"/>
 </node>
 <node id="12507537085" visible="true" version="1" changeset="161431536" timestamp="2025-01-16T19:36:56Z" user="Dawid2849" uid="10642775" lat="50.0616399" lon="19.9365644"/>
 <node id="12507537086" visible="true" version="1" changeset="161431536" timestamp="2025-01-16T19:36:56Z" user="Dawid2849" uid="10642775" lat="50.0621634" lon="19.9370387"/>
 <node id="12507537087" visible="true" version="1" changeset="161431536" timestamp="2025-01-16T19:36:56Z" user="Dawid2849" uid="10642775" lat="50.0616383" lon="19.9382086"/>
 <node id="12596610120" visible="true" version="3" changeset="164337197" timestamp="2025-03-31T15:44:14Z" user="U42" uid="12752888" lat="50.0613176" lon="19.9378838">
  <tag k="amenity" v="bench"/>
  <tag k="backrest" v="no"/>
  <tag k="material" v="stone"/>
 </node>
 <node id="12759551753" visible="true" version="3" changeset="187814112" timestamp="2026-08-21T19:38:38Z" user="Adam Haba" uid="12293030" lat="50.0613065" lon="19.9354441">
  <tag k="crossing" v="unmarked"/>
  <tag k="crossing:markings" v="no"/>
  <tag k="highway" v="crossing"/>
 </node>
 <node id="12759551754" visible="true" version="2" changeset="187801936" timestamp="2026-08-21T15:05:17Z" user="Adam Haba" uid="12293030" lat="50.0613617" lon="19.9354141"/>
 <node id="13021802669" visible="true" version="2" changeset="187814516" timestamp="2026-08-21T19:48:16Z" user="Adam Haba" uid="12293030" lat="50.0626944" lon="19.9345928">
  <tag k="railway" v="tram_crossing"/>
 </node>
 <node id="13165489303" visible="true" version="1" changeset="172351280" timestamp="2025-09-23T15:46:29Z" user="HostileSpark" uid="23189051" lat="50.0614083" lon="19.9378416">
  <tag k="amenity" v="waste_basket"/>
 </node>
 <node id="13235111915" visible="true" version="1" changeset="173328461" timestamp="2025-10-15T16:21:52Z" user="kamilrajtar" uid="23273407" lat="50.0629577" lon="19.9369576">
  <tag k="highway" v="street_lamp"/>
 </node>
 <node id="13235111919" visible="true" version="1" changeset="173328461" timestamp="2025-10-15T16:21:52Z" user="kamilrajtar" uid="23273407" lat="50.0628871" lon="19.9365539">
  <tag k="highway" v="street_lamp"/>
 </node>
 <node id="13393678971" visible="true" version="1" changeset="176233597" timestamp="2025-12-21T20:16:20Z" user="uprkos" uid="11239973" lat="50.0623700" lon="19.9354044"/>
 <node id="13393678972" visible="true" version="1" changeset="176233597" timestamp="2025-12-21T20:16:20Z" user="uprkos" uid="11239973" lat="50.0623639" lon="19.9353987"/>
 <node id="13395882405" visible="true" version="1" changeset="176279279" timestamp="2025-12-22T19:36:19Z" user="uprkos" uid="11239973" lat="50.0626382" lon="19.9376077">
  <tag k="check_date" v="2025-12-22"/>
  <tag k="name" v="Pajaro"/>
  <tag k="shop" v="clothes"/>
 </node>
 <node id="13396122072" visible="true" version="1" changeset="176284322" timestamp="2025-12-22T22:11:05Z" user="uprkos" uid="11239973" lat="50.0621793" lon="19.9389954">
  <tag k="entrance" v="staircase"/>
 </node>
 <node id="13396122073" visible="true" version="1" changeset="176284322" timestamp="2025-12-22T22:11:05Z" user="uprkos" uid="11239973" lat="50.0622196" lon="19.9388697">
  <tag k="entrance" v="main"/>
 </node>
 <node id="13396122074" visible="true" version="1" changeset="176284322" timestamp="2025-12-22T22:11:05Z" user="uprkos" uid="11239973" lat="50.0620849" lon="19.9392272"/>
 <node id="13396122075" visible="true" version="1" changeset="176284322" timestamp="2025-12-22T22:11:05Z" user="uprkos" uid="11239973" lat="50.0621982" lon="19.9388546"/>
 <node id="13396122077" visible="true" version="1" changeset="176284322" timestamp="2025-12-22T22:11:05Z" user="uprkos" uid="11239973" lat="50.0622739" lon="19.9386942">
  <tag k="entrance" v="staircase"/>
 </node>
 <node id="13396122078" visible="true" version="1" changeset="176284322" timestamp="2025-12-22T22:11:05Z" user="uprkos" uid="11239973" lat="50.0623814" lon="19.9383525">
  <tag k="entrance" v="main"/>
 </node>
 <node id="13396122079" visible="true" version="1" changeset="176284322" timestamp="2025-12-22T22:11:05Z" user="uprkos" uid="11239973" lat="50.0624026" lon="19.9382609">
  <tag k="entrance" v="shop"/>
 </node>
 <node id="13396122080" visible="true" version="1" changeset="176284322" timestamp="2025-12-22T22:11:05Z" user="uprkos" uid="11239973" lat="50.0622961" lon="19.9386245">
  <tag k="entrance" v="shop"/>
 </node>
 <node id="13396122081" visible="true" version="1" changeset="176284322" timestamp="2025-12-22T22:11:05Z" user="uprkos" uid="11239973" lat="50.0623221" lon="19.9385428">
  <tag k="entrance" v="shop"/>
 </node>
 <node id="13396122082" visible="true" version="1" changeset="176284322" timestamp="2025-12-22T22:11:05Z" user="uprkos" uid="11239973" lat="50.0623604" lon="19.9384363">
  <tag k="entrance" v="shop"/>
 </node>
 <node id="13396122083" visible="true" version="1" changeset="176284322" timestamp="2025-12-22T22:11:05Z" user="uprkos" uid="11239973" lat="50.0623388" lon="19.9384902">
  <tag k="entrance" v="main"/>
 </node>
 <node id="13502573415" visible="true" version="1" changeset="177738391" timestamp="2026-01-26T20:59:50Z" user="uprkos" uid="11239973" lat="50.0630010" lon="19.9365294">
  <tag k="entrance" v="yes"/>
 </node>
 <node id="13502573416" visible="true" version="1" changeset="177738391" timestamp="2026-01-26T20:59:50Z" user="uprkos" uid="11239973" lat="50.0631386" lon="19.9366538"/>
 <node id="13502573417" visible="true" version="2" changeset="187770517" timestamp="2026-08-21T00:30:14Z" user="Adam Haba" uid="12293030" lat="50.0629619" lon="19.9364969"/>
 <node id="13502573427" visible="true" version="2" changeset="187768352" timestamp="2026-08-20T22:25:39Z" user="Adam Haba" uid="12293030" lat="50.0632117" lon="19.9372087"/>
 <node id="13660912663" visible="true" version="2" changeset="182389626" timestamp="2026-05-08T15:57:14Z" user="Mateusz Konieczny" uid="1722488" lat="50.0608283" lon="19.9373049"/>
 <node id="13660912664" visible="true" version="2" changeset="184956703" timestamp="2026-07-02T06:41:38Z" user="Mateusz Konieczny" uid="1722488" lat="50.0616035" lon="19.9376857"/>
 <node id="13660912665" visible="true" version="1" changeset="180097577" timestamp="2026-03-19T09:16:40Z" user="drkknpk" uid="23956097" lat="50.0609410" lon="19.9380220"/>
 <node id="13808924573" visible="true" version="5" changeset="182389542" timestamp="2026-05-08T15:55:21Z" user="Mateusz Konieczny" uid="1722488" lat="50.0612041" lon="19.9360296">
  <tag k="amenity" v="bicycle_parking"/>
  <tag k="bicycle_parking" v="stands"/>
  <tag k="capacity" v="6"/>
  <tag k="covered" v="no"/>
  <tag k="operator" v="ZTP Kraków"/>
 </node>
 <node id="13917555521" visible="true" version="1" changeset="183783251" timestamp="2026-06-07T14:16:31Z" user="ArabianNaito" uid="6748379" lat="50.0628619" lon="19.9368916"/>
 <node id="13917555539" visible="true" version="1" changeset="183783251" timestamp="2026-06-07T14:16:31Z" user="ArabianNaito" uid="6748379" lat="50.0626774" lon="19.9346337">
  <tag k="railway" v="crossing"/>
 </node>
 <node id="13982237107" visible="true" version="1" changeset="184956703" timestamp="2026-07-02T06:41:38Z" user="Mateusz Konieczny" uid="1722488" lat="50.0612289" lon="19.9378555"/>
 <node id="13982237108" visible="true" version="1" changeset="184956703" timestamp="2026-07-02T06:41:38Z" user="Mateusz Konieczny" uid="1722488" lat="50.0611814" lon="19.9374805"/>
 <node id="14108495060" visible="true" version="1" changeset="187768352" timestamp="2026-08-20T22:25:39Z" user="Adam Haba" uid="12293030" lat="50.0631782" lon="19.9385381"/>
 <node id="14108495062" visible="true" version="1" changeset="187768352" timestamp="2026-08-20T22:25:39Z" user="Adam Haba" uid="12293030" lat="50.0624599" lon="19.9380205"/>
 <node id="14108495063" visible="true" version="1" changeset="187768352" timestamp="2026-08-20T22:25:39Z" user="Adam Haba" uid="12293030" lat="50.0628146" lon="19.9369431"/>
 <node id="14108495064" visible="true" version="1" changeset="187768352" timestamp="2026-08-20T22:25:39Z" user="Adam Haba" uid="12293030" lat="50.0624887" lon="19.9380406"/>
 <node id="14108495065" visible="true" version="1" changeset="187768352" timestamp="2026-08-20T22:25:39Z" user="Adam Haba" uid="12293030" lat="50.0624319" lon="19.9381094"/>
 <node id="14108495112" visible="true" version="1" changeset="187768352" timestamp="2026-08-20T22:25:39Z" user="Adam Haba" uid="12293030" lat="50.0635629" lon="19.9374065"/>
 <node id="14108495114" visible="true" version="1" changeset="187768352" timestamp="2026-08-20T22:25:39Z" user="Adam Haba" uid="12293030" lat="50.0628587" lon="19.9368467"/>
 <node id="14108495115" visible="true" version="1" changeset="187768352" timestamp="2026-08-20T22:25:39Z" user="Adam Haba" uid="12293030" lat="50.0628505" lon="19.9368638"/>
 <node id="14108495116" visible="true" version="1" changeset="187768352" timestamp="2026-08-20T22:25:39Z" user="Adam Haba" uid="12293030" lat="50.0630391" lon="19.9371327"/>
 <node id="14108495117" visible="true" version="1" changeset="187768352" timestamp="2026-08-20T22:25:39Z" user="Adam Haba" uid="12293030" lat="50.0632320" lon="19.9371439"/>
 <node id="14108495119" visible="true" version="1" changeset="187768352" timestamp="2026-08-20T22:25:39Z" user="Adam Haba" uid="12293030" lat="50.0635298" lon="19.9374583"/>
 <node id="14108495120" visible="true" version="1" changeset="187768352" timestamp="2026-08-20T22:25:39Z" user="Adam Haba" uid="12293030" lat="50.0635192" lon="19.9375143"/>
 <node id="14108495122" visible="true" version="1" changeset="187768352" timestamp="2026-08-20T22:25:39Z" user="Adam Haba" uid="12293030" lat="50.0628117" lon="19.9369518"/>
 <node id="14108495123" visible="true" version="1" changeset="187768352" timestamp="2026-08-20T22:25:39Z" user="Adam Haba" uid="12293030" lat="50.0628332" lon="19.9369691"/>
 <node id="14108495124" visible="true" version="1" changeset="187768352" timestamp="2026-08-20T22:25:39Z" user="Adam Haba" uid="12293030" lat="50.0635112" lon="19.9375079"/>
 <node id="14108495125" visible="true" version="1" changeset="187768352" timestamp="2026-08-20T22:25:39Z" user="Adam Haba" uid="12293030" lat="50.0633964" lon="19.9374112"/>
 <node id="14108495126" visible="true" version="1" changeset="187768352" timestamp="2026-08-20T22:25:39Z" user="Adam Haba" uid="12293030" lat="50.0626923" lon="19.9373146"/>
 <node id="14108495127" visible="true" version="1" changeset="187768352" timestamp="2026-08-20T22:25:39Z" user="Adam Haba" uid="12293030" lat="50.0626154" lon="19.9375482"/>
 <node id="14108495130" visible="true" version="1" changeset="187768352" timestamp="2026-08-20T22:25:39Z" user="Adam Haba" uid="12293030" lat="50.0635523" lon="19.9373981"/>
 <node id="14108495133" visible="true" version="1" changeset="187768352" timestamp="2026-08-20T22:25:39Z" user="Adam Haba" uid="12293030" lat="50.0620040" lon="19.9393309"/>
 <node id="14108495137" visible="true" version="1" changeset="187768352" timestamp="2026-08-20T22:25:39Z" user="Adam Haba" uid="12293030" lat="50.0620182" lon="19.9392564"/>
 <node id="14108495139" visible="true" version="1" changeset="187768352" timestamp="2026-08-20T22:25:39Z" user="Adam Haba" uid="12293030" lat="50.0628735" lon="19.9368595"/>
 <node id="14108495140" visible="true" version="1" changeset="187768352" timestamp="2026-08-20T22:25:39Z" user="Adam Haba" uid="12293030" lat="50.0621085" lon="19.9392456"/>
 <node id="14108495149" visible="true" version="1" changeset="187768352" timestamp="2026-08-20T22:25:39Z" user="Adam Haba" uid="12293030" lat="50.0628938" lon="19.9367740"/>
 <node id="14108495150" visible="true" version="1" changeset="187768352" timestamp="2026-08-20T22:25:39Z" user="Adam Haba" uid="12293030" lat="50.0629073" lon="19.9367436"/>
 <node id="14108495151" visible="true" version="1" changeset="187768352" timestamp="2026-08-20T22:25:39Z" user="Adam Haba" uid="12293030" lat="50.0629459" lon="19.9366415"/>
 <node id="14108495152" visible="true" version="1" changeset="187768352" timestamp="2026-08-20T22:25:39Z" user="Adam Haba" uid="12293030" lat="50.0628291" lon="19.9369110"/>
 <node id="14108495153" visible="true" version="1" changeset="187768352" timestamp="2026-08-20T22:25:39Z" user="Adam Haba" uid="12293030" lat="50.0628657" lon="19.9368324"/>
 <node id="14108600808" visible="true" version="1" changeset="187770517" timestamp="2026-08-21T00:30:14Z" user="Adam Haba" uid="12293030" lat="50.0633199" lon="19.9357087"/>
 <node id="14108600809" visible="true" version="2" changeset="187801936" timestamp="2026-08-21T15:05:17Z" user="Adam Haba" uid="12293030" lat="50.0629900" lon="19.9365174"/>
 <node id="14108600810" visible="true" version="1" changeset="187770517" timestamp="2026-08-21T00:30:14Z" user="Adam Haba" uid="12293030" lat="50.0632955" lon="19.9357566"/>
 <node id="14108600811" visible="true" version="1" changeset="187770517" timestamp="2026-08-21T00:30:14Z" user="Adam Haba" uid="12293030" lat="50.0633066" lon="19.9357312"/>
 <node id="14108600814" visible="true" version="2" changeset="189555658" timestamp="2026-09-25T17:37:26Z" user="Jappie3" uid="24589693" lat="50.0633012" lon="19.9356722">
  <tag k="crossing" v="unmarked"/>
  <tag k="crossing:markings" v="no"/>
  <tag k="highway" v="crossing"/>
  <tag k="tactile_paving" v="no"/>
 </node>
 <node id="14108600817" visible="true" version="1" changeset="187770517" timestamp="2026-08-21T00:30:14Z" user="Adam Haba" uid="12293030" lat="50.0636436" lon="19.9348472"/>
 <node id="14108600819" visible="true" version="1" changeset="187770517" timestamp="2026-08-21T00:30:14Z" user="Adam Haba" uid="12293030" lat="50.0637930" lon="19.9344760"/>
 <node id="14108600821" visible="true" version="1" changeset="187770517" timestamp="2026-08-21T00:30:14Z" user="Adam Haba" uid="12293030" lat="50.0632177" lon="19.9357156"/>
 <node id="14108600822" visible="true" version="1" changeset="187770517" timestamp="2026-08-21T00:30:14Z" user="Adam Haba" uid="12293030" lat="50.0630794" lon="19.9355485"/>
 <node id="14108600823" visible="true" version="2" changeset="189555658" timestamp="2026-09-25T17:37:24Z" user="Jappie3" uid="24589693" lat="50.0632281" lon="19.9356973">
  <tag k="crossing" v="unmarked"/>
  <tag k="crossing:markings" v="no"/>
  <tag k="highway" v="crossing"/>
  <tag k="tactile_paving" v="no"/>
 </node>
 <node id="14108600824" visible="true" version="1" changeset="187770517" timestamp="2026-08-21T00:30:14Z" user="Adam Haba" uid="12293030" lat="50.0629277" lon="19.9364423"/>
 <node id="14108600825" visible="true" version="1" changeset="187770517" timestamp="2026-08-21T00:30:14Z" user="Adam Haba" uid="12293030" lat="50.0629173" lon="19.9364677"/>
 <node id="14108600826" visible="true" version="1" changeset="187770517" timestamp="2026-08-21T00:30:14Z" user="Adam Haba" uid="12293030" lat="50.0627938" lon="19.9367602"/>
 <node id="14108600827" visible="true" version="1" changeset="187770517" timestamp="2026-08-21T00:30:14Z" user="Adam Haba" uid="12293030" lat="50.0630555" lon="19.9361221"/>
 <node id="14110239268" visible="true" version="1" changeset="187801936" timestamp="2026-08-21T15:05:17Z" user="Adam Haba" uid="12293030" lat="50.0627571" lon="19.9352337"/>
 <node id="14110239270" visible="true" version="1" changeset="187801936" timestamp="2026-08-21T15:05:17Z" user="Adam Haba" uid="12293030" lat="50.0632147" lon="19.9357231"/>
 <node id="14110239274" visible="true" version="1" changeset="187801936" timestamp="2026-08-21T15:05:17Z" user="Adam Haba" uid="12293030" lat="50.0625432" lon="19.9349576">
  <tag k="railway" v="crossing"/>
 </node>
 <node id="14110239284" visible="true" version="2" changeset="187963118" timestamp="2026-08-24T22:54:11Z" user="Adam Haba" uid="12293030" lat="50.0613781" lon="19.9354830"/>
 <node id="14110239291" visible="true" version="1" changeset="187801936" timestamp="2026-08-21T15:05:17Z" user="Adam Haba" uid="12293030" lat="50.0613885" lon="19.9354539"/>
 <node id="14110239298" visible="true" version="2" changeset="187814112" timestamp="2026-08-21T19:38:38Z" user="Adam Haba" uid="12293030" lat="50.0613217" lon="19.9354001"/>
 <node id="14110242914" visible="true" version="1" changeset="187801936" timestamp="2026-08-21T15:05:17Z" user="Adam Haba" uid="12293030" lat="50.0625155" lon="19.9350261">
  <tag k="railway" v="crossing"/>
 </node>
 <node id="14110242930" visible="true" version="1" changeset="187801936" timestamp="2026-08-21T15:05:17Z" user="Adam Haba" uid="12293030" lat="50.0613239" lon="19.9353938"/>
 <node id="14111021786" visible="true" version="1" changeset="187814112" timestamp="2026-08-21T19:38:38Z" user="Adam Haba" uid="12293030" lat="50.0602919" lon="19.9345319"/>
 <node id="14111021787" visible="true" version="1" changeset="187814112" timestamp="2026-08-21T19:38:38Z" user="Adam Haba" uid="12293030" lat="50.0603924" lon="19.9346053"/>
 <node id="14111021788" visible="true" version="1" changeset="187814112" timestamp="2026-08-21T19:38:38Z" user="Adam Haba" uid="12293030" lat="50.0604702" lon="19.9346730"/>
 <node id="14111021795" visible="true" version="1" changeset="187814112" timestamp="2026-08-21T19:38:38Z" user="Adam Haba" uid="12293030" lat="50.0612897" lon="19.9354935"/>
 <node id="14111021796" visible="true" version="1" changeset="187814112" timestamp="2026-08-21T19:38:38Z" user="Adam Haba" uid="12293030" lat="50.0613080" lon="19.9355100"/>
 <node id="14111021797" visible="true" version="1" changeset="187814112" timestamp="2026-08-21T19:38:38Z" user="Adam Haba" uid="12293030" lat="50.0612932" lon="19.9354831"/>
 <node id="14111023111" visible="true" version="1" changeset="187814112" timestamp="2026-08-21T19:38:38Z" user="Adam Haba" uid="12293030" lat="50.0606549" lon="19.9348537"/>
 <node id="14111023136" visible="true" version="2" changeset="189425859" timestamp="2026-09-23T01:56:01Z" user="Mateusz Konieczny" uid="1722488" lat="50.0605895" lon="19.9347919">
  <tag k="crossing" v="unmarked"/>
  <tag k="crossing:island" v="no"/>
  <tag k="crossing:markings" v="no"/>
  <tag k="highway" v="crossing"/>
 </node>
 <node id="14111023139" visible="true" version="1" changeset="187814112" timestamp="2026-08-21T19:38:38Z" user="Adam Haba" uid="12293030" lat="50.0600667" lon="19.9343905"/>
 <node id="14111023140" visible="true" version="1" changeset="187814112" timestamp="2026-08-21T19:38:38Z" user="Adam Haba" uid="12293030" lat="50.0600825" lon="19.9344007"/>
 <node id="14111023141" visible="true" version="1" changeset="187814112" timestamp="2026-08-21T19:38:38Z" user="Adam Haba" uid="12293030" lat="50.0600490" lon="19.9343761"/>
 <node id="14111023143" visible="true" version="1" changeset="187814112" timestamp="2026-08-21T19:38:38Z" user="Adam Haba" uid="12293030" lat="50.0602476" lon="19.9362027"/>
 <node id="14111023147" visible="true" version="1" changeset="187814112" timestamp="2026-08-21T19:38:38Z" user="Adam Haba" uid="12293030" lat="50.0606158" lon="19.9362937"/>
 <node id="14111023148" visible="true" version="1" changeset="187814112" timestamp="2026-08-21T19:38:38Z" user="Adam Haba" uid="12293030" lat="50.0606522" lon="19.9363147"/>
 <node id="14111023149" visible="true" version="1" changeset="187814112" timestamp="2026-08-21T19:38:38Z" user="Adam Haba" uid="12293030" lat="50.0609289" lon="19.9365215"/>
 <node id="14111023150" visible="true" version="2" changeset="187963544" timestamp="2026-08-24T23:16:41Z" user="Adam Haba" uid="12293030" lat="50.0609424" lon="19.9366410"/>
 <node id="14111045064" visible="true" version="1" changeset="187814516" timestamp="2026-08-21T19:48:16Z" user="Adam Haba" uid="12293030" lat="50.0627547" lon="19.9344426">
  <tag k="railway" v="crossing"/>
 </node>
 <node id="14111045065" visible="true" version="1" changeset="187814516" timestamp="2026-08-21T19:48:16Z" user="Adam Haba" uid="12293030" lat="50.0625184" lon="19.9349964"/>
 <node id="14111045066" visible="true" version="1" changeset="187814516" timestamp="2026-08-21T19:48:16Z" user="Adam Haba" uid="12293030" lat="50.0625086" lon="19.9350201"/>
 <node id="14111045067" visible="true" version="1" changeset="187814516" timestamp="2026-08-21T19:48:16Z" user="Adam Haba" uid="12293030" lat="50.0625253" lon="19.9350225"/>
 <node id="14111045068" visible="true" version="1" changeset="187814516" timestamp="2026-08-21T19:48:16Z" user="Adam Haba" uid="12293030" lat="50.0625250" lon="19.9350030">
  <tag k="railway" v="tram_level_crossing"/>
 </node>
 <node id="14121097291" visible="true" version="1" changeset="187963118" timestamp="2026-08-24T22:54:11Z" user="Adam Haba" uid="12293030" lat="50.0627676" lon="19.9368196"/>
 <node id="14121097292" visible="true" version="1" changeset="187963118" timestamp="2026-08-24T22:54:11Z" user="Adam Haba" uid="12293030" lat="50.0627747" lon="19.9368959"/>
 <node id="14121097293" visible="true" version="1" changeset="187963118" timestamp="2026-08-24T22:54:11Z" user="Adam Haba" uid="12293030" lat="50.0628495" lon="19.9368389"/>
 <node id="14121097294" visible="true" version="1" changeset="187963118" timestamp="2026-08-24T22:54:11Z" user="Adam Haba" uid="12293030" lat="50.0627894" lon="19.9367950"/>
 <node id="14121097295" visible="true" version="2" changeset="189471172" timestamp="2026-09-23T22:19:22Z" user="Mateusz Konieczny" uid="1722488" lat="50.0628325" lon="19.9368265">
  <tag k="crossing" v="unmarked"/>
  <tag k="crossing:island" v="no"/>
  <tag k="crossing:markings" v="no"/>
  <tag k="highway" v="crossing"/>
 </node>
 <node id="14121097296" visible="true" version="1" changeset="187963118" timestamp="2026-08-24T22:54:11Z" user="Adam Haba" uid="12293030" lat="50.0621068" lon="19.9361457"/>
 <node id="14121097297" visible="true" version="1" changeset="187963118" timestamp="2026-08-24T22:54:11Z" user="Adam Haba" uid="12293030" lat="50.0613902" lon="19.9354775"/>
 <node id="14121097298" visible="true" version="1" changeset="187963118" timestamp="2026-08-24T22:54:11Z" user="Adam Haba" uid="12293030" lat="50.0620571" lon="19.9360998"/>
 <node id="14121097299" visible="true" version="1" changeset="187963118" timestamp="2026-08-24T22:54:11Z" user="Adam Haba" uid="12293030" lat="50.0617269" lon="19.9357991"/>
 <node id="14121097300" visible="true" version="1" changeset="187963118" timestamp="2026-08-24T22:54:11Z" user="Adam Haba" uid="12293030" lat="50.0620835" lon="19.9361242"/>
 <node id="14121193645" visible="true" version="1" changeset="187963558" timestamp="2026-08-24T23:17:25Z" user="Adam Haba" uid="12293030" lat="50.0620424" lon="19.9392817"/>
 <node id="14121212001" visible="true" version="1" changeset="187963118" timestamp="2026-08-24T22:54:11Z" user="Adam Haba" uid="12293030" lat="50.0627817" lon="19.9367877"/>
 <node id="14121212002" visible="true" version="1" changeset="187963118" timestamp="2026-08-24T22:54:11Z" user="Adam Haba" uid="12293030" lat="50.0627776" lon="19.9369278"/>
 <node id="14121235958" visible="true" version="1" changeset="187963544" timestamp="2026-08-24T23:16:41Z" user="Adam Haba" uid="12293030" lat="50.0611191" lon="19.9361007"/>
 <node id="14121235959" visible="true" version="1" changeset="187963544" timestamp="2026-08-24T23:16:41Z" user="Adam Haba" uid="12293030" lat="50.0609324" lon="19.9366716"/>
 <node id="14121235960" visible="true" version="1" changeset="187963544" timestamp="2026-08-24T23:16:41Z" user="Adam Haba" uid="12293030" lat="50.0609428" lon="19.9365749"/>
 <node id="14121235961" visible="true" version="1" changeset="187963544" timestamp="2026-08-24T23:16:41Z" user="Adam Haba" uid="12293030" lat="50.0609712" lon="19.9365531"/>
 <node id="14121235962" visible="true" version="1" changeset="187963544" timestamp="2026-08-24T23:16:41Z" user="Adam Haba" uid="12293030" lat="50.0608570" lon="19.9368966"/>
 <node id="14121235963" visible="true" version="1" changeset="187963544" timestamp="2026-08-24T23:16:41Z" user="Adam Haba" uid="12293030" lat="50.0608440" lon="19.9369327"/>
 <node id="14121235964" visible="true" version="1" changeset="187963544" timestamp="2026-08-24T23:16:41Z" user="Adam Haba" uid="12293030" lat="50.0608283" lon="19.9369708"/>
 <node id="14121235965" visible="true" version="1" changeset="187963544" timestamp="2026-08-24T23:16:41Z" user="Adam Haba" uid="12293030" lat="50.0608113" lon="19.9370039"/>
 <node id="14121235966" visible="true" version="1" changeset="187963544" timestamp="2026-08-24T23:16:41Z" user="Adam Haba" uid="12293030" lat="50.0607738" lon="19.9370725"/>
 <node id="14121235967" visible="true" version="1" changeset="187963544" timestamp="2026-08-24T23:16:41Z" user="Adam Haba" uid="12293030" lat="50.0607454" lon="19.9371248"/>
 <node id="14121235968" visible="true" version="1" changeset="187963544" timestamp="2026-08-24T23:16:41Z" user="Adam Haba" uid="12293030" lat="50.0607167" lon="19.9371716"/>
 <node id="14121235969" visible="true" version="1" changeset="187963544" timestamp="2026-08-24T23:16:41Z" user="Adam Haba" uid="12293030" lat="50.0606919" lon="19.9372021"/>
 <node id="14121235970" visible="true" version="1" changeset="187963544" timestamp="2026-08-24T23:16:41Z" user="Adam Haba" uid="12293030" lat="50.0606648" lon="19.9372305"/>
 <node id="14121235971" visible="true" version="1" changeset="187963544" timestamp="2026-08-24T23:16:41Z" user="Adam Haba" uid="12293030" lat="50.0606296" lon="19.9372671"/>
 <node id="14121235972" visible="true" version="1" changeset="187963544" timestamp="2026-08-24T23:16:41Z" user="Adam Haba" uid="12293030" lat="50.0605927" lon="19.9373012"/>
 <node id="14121235973" visible="true" version="1" changeset="187963544" timestamp="2026-08-24T23:16:41Z" user="Adam Haba" uid="12293030" lat="50.0605533" lon="19.9373357"/>
 <node id="14121235974" visible="true" version="1" changeset="187963544" timestamp="2026-08-24T23:16:41Z" user="Adam Haba" uid="12293030" lat="50.0605099" lon="19.9373723"/>
 <node id="14121235975" visible="true" version="1" changeset="187963544" timestamp="2026-08-24T23:16:41Z" user="Adam Haba" uid="12293030" lat="50.0604694" lon="19.9374033"/>
 <node id="14121235976" visible="true" version="1" changeset="187963544" timestamp="2026-08-24T23:16:41Z" user="Adam Haba" uid="12293030" lat="50.0604257" lon="19.9374318"/>
 <node id="14121235977" visible="true" version="1" changeset="187963544" timestamp="2026-08-24T23:16:41Z" user="Adam Haba" uid="12293030" lat="50.0601990" lon="19.9375862"/>
 <node id="14121235978" visible="true" version="1" changeset="187963544" timestamp="2026-08-24T23:16:41Z" user="Adam Haba" uid="12293030" lat="50.0605194" lon="19.9373969"/>
 <node id="14121235979" visible="true" version="1" changeset="187963544" timestamp="2026-08-24T23:16:41Z" user="Adam Haba" uid="12293030" lat="50.0606491" lon="19.9372902"/>
 <node id="14121235980" visible="true" version="1" changeset="187963544" timestamp="2026-08-24T23:16:41Z" user="Adam Haba" uid="12293030" lat="50.0606745" lon="19.9372623"/>
 <node id="14121235981" visible="true" version="1" changeset="187963544" timestamp="2026-08-24T23:16:41Z" user="Adam Haba" uid="12293030" lat="50.0607033" lon="19.9372281"/>
 <node id="14121235982" visible="true" version="1" changeset="187963544" timestamp="2026-08-24T23:16:41Z" user="Adam Haba" uid="12293030" lat="50.0607769" lon="19.9371198"/>
 <node id="14121235983" visible="true" version="1" changeset="187963544" timestamp="2026-08-24T23:16:41Z" user="Adam Haba" uid="12293030" lat="50.0608100" lon="19.9370596"/>
 <node id="14121235984" visible="true" version="1" changeset="187963544" timestamp="2026-08-24T23:16:41Z" user="Adam Haba" uid="12293030" lat="50.0608618" lon="19.9369404"/>
 <node id="14121235985" visible="true" version="1" changeset="187963544" timestamp="2026-08-24T23:16:41Z" user="Adam Haba" uid="12293030" lat="50.0608359" lon="19.9370008"/>
 <node id="14121235986" visible="true" version="1" changeset="187963544" timestamp="2026-08-24T23:16:41Z" user="Adam Haba" uid="12293030" lat="50.0604391" lon="19.9375644"/>
 <node id="14121235987" visible="true" version="1" changeset="187963544" timestamp="2026-08-24T23:16:41Z" user="Adam Haba" uid="12293030" lat="50.0604791" lon="19.9375461"/>
 <node id="14121235988" visible="true" version="1" changeset="187963544" timestamp="2026-08-24T23:16:41Z" user="Adam Haba" uid="12293030" lat="50.0605549" lon="19.9374983"/>
 <node id="14121235989" visible="true" version="1" changeset="187963544" timestamp="2026-08-24T23:16:41Z" user="Adam Haba" uid="12293030" lat="50.0606476" lon="19.9374243"/>
 <node id="14121235990" visible="true" version="1" changeset="187963544" timestamp="2026-08-24T23:16:41Z" user="Adam Haba" uid="12293030" lat="50.0607594" lon="19.9373009"/>
 <node id="14121235991" visible="true" version="1" changeset="187963544" timestamp="2026-08-24T23:16:41Z" user="Adam Haba" uid="12293030" lat="50.0608521" lon="19.9371562"/>
 <node id="14121235992" visible="true" version="1" changeset="187963544" timestamp="2026-08-24T23:16:41Z" user="Adam Haba" uid="12293030" lat="50.0608897" lon="19.9370906"/>
 <node id="14121235993" visible="true" version="1" changeset="187963544" timestamp="2026-08-24T23:16:41Z" user="Adam Haba" uid="12293030" lat="50.0609544" lon="19.9369341"/>
 <node id="14121235994" visible="true" version="1" changeset="187963544" timestamp="2026-08-24T23:16:41Z" user="Adam Haba" uid="12293030" lat="50.0609799" lon="19.9368620"/>
 <node id="14121235995" visible="true" version="1" changeset="187963544" timestamp="2026-08-24T23:16:41Z" user="Adam Haba" uid="12293030" lat="50.0609764" lon="19.9370085"/>
 <node id="14121235996" visible="true" version="1" changeset="187963544" timestamp="2026-08-24T23:16:41Z" user="Adam Haba" uid="12293030" lat="50.0609280" lon="19.9371253"/>
 <node id="14121235997" visible="true" version="1" changeset="187963544" timestamp="2026-08-24T23:16:41Z" user="Adam Haba" uid="12293030" lat="50.0608892" lon="19.9372047"/>
 <node id="14121235998" visible="true" version="1" changeset="187963544" timestamp="2026-08-24T23:16:41Z" user="Adam Haba" uid="12293030" lat="50.0606479" lon="19.9375292"/>
 <node id="14121238304" visible="true" version="1" changeset="187963544" timestamp="2026-08-24T23:16:41Z" user="Adam Haba" uid="12293030" lat="50.0609597" lon="19.9365879"/>
 <node id="14121238335" visible="true" version="1" changeset="187963544" timestamp="2026-08-24T23:16:41Z" user="Adam Haba" uid="12293030" lat="50.0616395" lon="19.9384082"/>
 <node id="14121238336" visible="true" version="1" changeset="187963544" timestamp="2026-08-24T23:16:41Z" user="Adam Haba" uid="12293030" lat="50.0616331" lon="19.9384688"/>
 <node id="14121238337" visible="true" version="1" changeset="187963544" timestamp="2026-08-24T23:16:41Z" user="Adam Haba" uid="12293030" lat="50.0616242" lon="19.9385168"/>
 <node id="14121238342" visible="true" version="1" changeset="187963544" timestamp="2026-08-24T23:16:41Z" user="Adam Haba" uid="12293030" lat="50.0606005" lon="19.9375692"/>
 <node id="14121238343" visible="true" version="1" changeset="187963544" timestamp="2026-08-24T23:16:41Z" user="Adam Haba" uid="12293030" lat="50.0605600" lon="19.9375956"/>
 <node id="14121238344" visible="true" version="1" changeset="187963544" timestamp="2026-08-24T23:16:41Z" user="Adam Haba" uid="12293030" lat="50.0605131" lon="19.9376235"/>
 <node id="14121238345" visible="true" version="1" changeset="187963544" timestamp="2026-08-24T23:16:41Z" user="Adam Haba" uid="12293030" lat="50.0604700" lon="19.9376414"/>
 <node id="14121238346" visible="true" version="1" changeset="187963544" timestamp="2026-08-24T23:16:41Z" user="Adam Haba" uid="12293030" lat="50.0604706" lon="19.9376656"/>
 <node id="14121238347" visible="true" version="1" changeset="187963544" timestamp="2026-08-24T23:16:41Z" user="Adam Haba" uid="12293030" lat="50.0605097" lon="19.9376809"/>
 <node id="14121238348" visible="true" version="1" changeset="187963544" timestamp="2026-08-24T23:16:41Z" user="Adam Haba" uid="12293030" lat="50.0605519" lon="19.9377066"/>
 <node id="14121238351" visible="true" version="1" changeset="187963544" timestamp="2026-08-24T23:16:41Z" user="Adam Haba" uid="12293030" lat="50.0609233" lon="19.9366272"/>
 <node id="14121238352" visible="true" version="1" changeset="187963544" timestamp="2026-08-24T23:16:41Z" user="Adam Haba" uid="12293030" lat="50.0609551" lon="19.9365411"/>
 <node id="14122944663" visible="true" version="1" changeset="187997880" timestamp="2026-08-25T15:57:49Z" user="Adam Haba" uid="12293030" lat="50.0601434" lon="19.9377823"/>
 <node id="14159026495" visible="true" version="1" changeset="188655887" timestamp="2026-09-07T07:50:28Z" user="WieKo68" uid="6776248" lat="50.0588716" lon="19.9333468"/>
 <node id="14159026496" visible="true" version="1" changeset="188655887" timestamp="2026-09-07T07:50:28Z" user="WieKo68" uid="6776248" lat="50.0590502" lon="19.9335229"/>
 <node id="14159026497" visible="true" version="1" changeset="188655887" timestamp="2026-09-07T07:50:28Z" user="WieKo68" uid="6776248" lat="50.0597506" lon="19.9341305"/>
 <node id="14159026498" visible="true" version="1" changeset="188655887" timestamp="2026-09-07T07:50:28Z" user="WieKo68" uid="6776248" lat="50.0599002" lon="19.9342528"/>
 <node id="14184733961" visible="true" version="1" changeset="189104496" timestamp="2026-09-16T10:46:40Z" user="Yukiro" uid="21828911" lat="50.0618868" lon="19.9364960"/>
 <node id="14184733962" visible="true" version="1" changeset="189104496" timestamp="2026-09-16T10:46:40Z" user="Yukiro" uid="21828911" lat="50.0618751" lon="19.9364863"/>
 <node id="14184733963" visible="true" version="1" changeset="189104496" timestamp="2026-09-16T10:46:40Z" user="Yukiro" uid="21828911" lat="50.0618697" lon="19.9365022"/>
 <node id="14184733964" visible="true" version="1" changeset="189104496" timestamp="2026-09-16T10:46:40Z" user="Yukiro" uid="21828911" lat="50.0618815" lon="19.9365118"/>
 <node id="14229027927" visible="true" version="1" changeset="189697769" timestamp="2026-09-28T20:30:24Z" user="Sejmi" uid="24399298" lat="50.0620458" lon="19.9366330"/>
 <node id="14229027928" visible="true" version="1" changeset="189697769" timestamp="2026-09-28T20:30:24Z" user="Sejmi" uid="24399298" lat="50.0620499" lon="19.9366567"/>
 <node id="14229027930" visible="true" version="1" changeset="189697769" timestamp="2026-09-28T20:30:24Z" user="Sejmi" uid="24399298" lat="50.0620403" lon="19.9366484"/>
 <node id="14229027931" visible="true" version="1" changeset="189697769" timestamp="2026-09-28T20:30:24Z" user="Sejmi" uid="24399298" lat="50.0620554" lon="19.9366412"/>
 <way id="23256528" visible="true" version="68" changeset="175156883" timestamp="2025-11-26T14:17:55Z" user="Yan Bakhmat" uid="12495047">
  <nd ref="251678911"/>
  <nd ref="2500851006"/>
  <nd ref="2503367837"/>
  <nd ref="2503383014"/>
  <nd ref="2503367835"/>
  <nd ref="2503367834"/>
  <nd ref="2503383012"/>
  <nd ref="2503367832"/>
  <nd ref="2500851001"/>
  <nd ref="2500851002"/>
  <nd ref="251678914"/>
  <nd ref="2501461869"/>
  <nd ref="2503558050"/>
  <nd ref="2503367819"/>
  <nd ref="2500850999"/>
  <nd ref="2500850997"/>
  <nd ref="2503367810"/>
  <nd ref="2503559225"/>
  <nd ref="2503367809"/>
  <nd ref="2500850993"/>
  <nd ref="2500850995"/>
  <nd ref="3789294274"/>
  <nd ref="2503547413"/>
  <nd ref="2503558046"/>
  <nd ref="2503547409"/>
  <nd ref="2501461835"/>
  <nd ref="2504780905"/>
  <nd ref="251678913"/>
  <nd ref="2500850984"/>
  <nd ref="2500850986"/>
  <nd ref="2501461836"/>
  <nd ref="2503367801"/>
  <nd ref="2503558047"/>
  <nd ref="2503367802"/>
  <nd ref="2503367803"/>
  <nd ref="2503558048"/>
  <nd ref="2503367804"/>
  <nd ref="2500850988"/>
  <nd ref="2500850991"/>
  <nd ref="2504486077"/>
  <nd ref="251678912"/>
  <nd ref="2503547423"/>
  <nd ref="2503558049"/>
  <nd ref="2503547425"/>
  <nd ref="2501461859"/>
  <nd ref="2501461861"/>
  <nd ref="2503559226"/>
  <nd ref="2501461863"/>
  <nd ref="2501461865"/>
  <nd ref="2504486102"/>
  <nd ref="2501461900"/>
  <nd ref="2503558051"/>
  <nd ref="2503367839"/>
  <nd ref="2500851004"/>
  <nd ref="2500851008"/>
  <nd ref="251678911"/>
  <tag k="addr:city" v="Kraków"/>
  <tag k="addr:country" v="PL"/>
  <tag k="addr:housenumber" v="3"/>
  <tag k="addr:postcode" v="31-042"/>
  <tag k="addr:street" v="Rynek Główny"/>
  <tag k="building" v="public"/>
  <tag k="building:colour" v="#ffe4c4"/>
  <tag k="building:material" v="plaster"/>
  <tag k="heritage" v="2"/>
  <tag k="heritage:operator" v="nid"/>
  <tag k="name" v="Sukiennice"/>
  <tag k="name:de" v="Tuchhallen"/>
  <tag k="name:en" v="Cloth Hall"/>
  <tag k="name:hu" v="Posztócsarnok"/>
  <tag k="name:it" v="Palazzo del tessuto"/>
  <tag k="name:ko" v="수키엔니체"/>
  <tag k="name:pl" v="Sukiennice"/>
  <tag k="name:ru" v="Суконные ряды"/>
  <tag k="name:uk" v="Суконні ряди"/>
  <tag k="name:zh" v="紡織會館"/>
  <tag k="ref:ckkp" v="MA00408"/>
  <tag k="ref:nid" v="A-10"/>
  <tag k="roof:material" v="copper"/>
  <tag k="tourism" v="attraction"/>
  <tag k="wheelchair" v="yes"/>
  <tag k="wikidata" v="Q1072350"/>
  <tag k="wikipedia" v="pl:Sukiennice w Krakowie"/>
 </way>
 <way id="23257190" visible="true" version="36" changeset="187963118" timestamp="2026-08-24T22:54:11Z" user="Adam Haba" uid="12293030">
  <nd ref="1913862673"/>
  <nd ref="251688965"/>
  <nd ref="14121097300"/>
  <nd ref="7679511046"/>
  <nd ref="2110897859"/>
  <tag k="bicycle" v="yes"/>
  <tag k="highway" v="pedestrian"/>
  <tag k="lit" v="yes"/>
  <tag k="maxspeed" v="20"/>
  <tag k="name" v="Szewska"/>
  <tag k="name:de" v="Schugasse"/>
  <tag k="name:fr" v="Rue des Cordonniers"/>
  <tag k="name:pl" v="Szewska"/>
  <tag k="smoothness" v="excellent"/>
  <tag k="source:bicycle" v="sign"/>
  <tag k="source:maxspeed" v="PL:living_street"/>
  <tag k="surface" v="sett"/>
  <tag k="wikidata" v="Q9366052"/>
  <tag k="wikipedia" v="pl:Ulica Szewska w Krakowie"/>
 </way>
 <way id="23257306" visible="true" version="25" changeset="187963544" timestamp="2026-08-24T23:16:41Z" user="Adam Haba" uid="12293030">
  <nd ref="1913862666"/>
  <nd ref="14121238304"/>
  <nd ref="14121235960"/>
  <tag k="bicycle" v="yes"/>
  <tag k="goods" v="delivery"/>
  <tag k="highway" v="pedestrian"/>
  <tag k="lit" v="yes"/>
  <tag k="maxspeed" v="20"/>
  <tag k="motor_vehicle" v="permissive"/>
  <tag k="name" v="Bracka"/>
  <tag k="name:de" v="Brudergasse"/>
  <tag k="name:pl" v="Bracka"/>
  <tag k="paving_stones:material" v="stone"/>
  <tag k="psv" v="yes"/>
  <tag k="smoothness" v="good"/>
  <tag k="source:maxspeed" v="PL:living_street"/>
  <tag k="surface" v="paving_stones"/>
 </way>
 <way id="25117528" visible="true" version="28" changeset="187963118" timestamp="2026-08-24T22:54:11Z" user="Adam Haba" uid="12293030">
  <nd ref="273473986"/>
  <nd ref="457542830"/>
  <nd ref="13502573417"/>
  <nd ref="2500996740"/>
  <nd ref="14121097295"/>
  <nd ref="251691838"/>
  <tag k="bicycle" v="yes"/>
  <tag k="goods" v="delivery"/>
  <tag k="highway" v="living_street"/>
  <tag k="lit" v="yes"/>
  <tag k="maxspeed" v="20"/>
  <tag k="motor_vehicle" v="private"/>
  <tag k="name" v="Szczepańska"/>
  <tag k="name:de" v="Stephansgasse"/>
  <tag k="name:pl" v="Szczepańska"/>
  <tag k="oneway" v="no"/>
  <tag k="sidewalk" v="both"/>
  <tag k="smoothness" v="good"/>
  <tag k="source:maxspeed" v="PL:living_street"/>
  <tag k="surface" v="sett"/>
  <tag k="width" v="4"/>
 </way>
 <way id="25122842" visible="true" version="55" changeset="175156924" timestamp="2025-11-26T14:18:49Z" user="Yan Bakhmat" uid="12495047">
  <nd ref="273530517"/>
  <nd ref="1703041812"/>
  <nd ref="10123890799"/>
  <nd ref="1703041814"/>
  <nd ref="273530518"/>
  <nd ref="2500433510"/>
  <nd ref="2500433509"/>
  <nd ref="2500433507"/>
  <nd ref="2500433506"/>
  <nd ref="2500433505"/>
  <nd ref="273530521"/>
  <nd ref="273530522"/>
  <nd ref="273530517"/>
  <tag k="addr:city" v="Kraków"/>
  <tag k="addr:housenumber" v="1"/>
  <tag k="addr:postcode" v="31-001"/>
  <tag k="addr:street" v="Rynek Główny"/>
  <tag k="building" v="public"/>
  <tag k="building:colour" v="#b22222"/>
  <tag k="building:material" v="brick"/>
  <tag k="building:use" v="museum"/>
  <tag k="fee" v="yes"/>
  <tag k="fee:conditional" v="no @ Mo"/>
  <tag k="height" v="40"/>
  <tag k="historic" v="tower"/>
  <tag k="internet_access" v="wlan"/>
  <tag k="museum" v="history"/>
  <tag k="name" v="Wieża Ratuszowa"/>
  <tag k="name:be" v="Ратушная вежа"/>
  <tag k="name:cs" v="Radniční věž"/>
  <tag k="name:de" v="Krakauer Rathausturm"/>
  <tag k="name:en" v="Town Hall Tower"/>
  <tag k="name:es" v="Torre del Ayuntamiento"/>
  <tag k="name:hu" v="Városháza tornya"/>
  <tag k="name:it" v="Torre del Municipio"/>
  <tag k="name:ko" v="라투슈초바 탑"/>
  <tag k="name:pl" v="Wieża Ratuszowa"/>
  <tag k="name:ru" v="Ратушная башня"/>
  <tag k="name:uk" v="Вежа ратуші"/>
  <tag k="name:zh" v="市政廳鐘樓"/>
  <tag k="opening_hours" v="Mo 11:00-15:00; Tu-Su 11:00-18:00"/>
  <tag k="operator" v="Muzeum Krakowa"/>
  <tag k="operator:type" v="public"/>
  <tag k="roof:material" v="copper"/>
  <tag k="roof:shape" v="flat"/>
  <tag k="tourism" v="museum"/>
  <tag k="website" v="https://muzeumkrakowa.pl/oddzialy/wieza-ratuszowa"/>
  <tag k="wheelchair" v="no"/>
  <tag k="wikidata" v="Q1786361"/>
  <tag k="wikipedia" v="pl:Wieża ratuszowa w Krakowie"/>
 </way>
 <way id="37702408" visible="true" version="21" changeset="187963118" timestamp="2026-08-24T22:54:11Z" user="Adam Haba" uid="12293030">
  <nd ref="251691838"/>
  <nd ref="14121097292"/>
  <nd ref="1913862678"/>
  <tag k="bicycle" v="yes"/>
  <tag k="highway" v="pedestrian"/>
  <tag k="lit" v="yes"/>
  <tag k="maxspeed" v="20"/>
  <tag k="motor_vehicle" v="permissive"/>
  <tag k="name" v="Rynek Główny"/>
  <tag k="name:be" v="Галоўны рынак"/>
  <tag k="name:de" v="Hauptmarkt"/>
  <tag k="name:en" v="Main Square"/>
  <tag k="name:pl" v="Rynek Główny"/>
  <tag k="smoothness" v="good"/>
  <tag k="source:bicycle" v="sign"/>
  <tag k="source:maxspeed" v="PL:living_street"/>
  <tag k="surface" v="sett"/>
 </way>
 <way id="39357572" visible="true" version="24" changeset="127122138" timestamp="2022-10-06T22:41:08Z" user="edc22" uid="6529331">
  <nd ref="471557837"/>
  <nd ref="2500402254"/>
  <nd ref="2500402256"/>
  <nd ref="2500402252"/>
  <nd ref="2500402250"/>
  <nd ref="2500402240"/>
  <nd ref="2500402242"/>
  <nd ref="2500402238"/>
  <nd ref="2500402236"/>
  <nd ref="2500402230"/>
  <nd ref="2500402232"/>
  <nd ref="2500402228"/>
  <nd ref="2500402226"/>
  <nd ref="2500402216"/>
  <nd ref="2500402218"/>
  <nd ref="471557832"/>
  <nd ref="6718063381"/>
  <nd ref="6718063380"/>
  <nd ref="10080827117"/>
  <nd ref="6718063385"/>
  <nd ref="6718063383"/>
  <nd ref="6718063382"/>
  <nd ref="6718063384"/>
  <nd ref="6718063388"/>
  <nd ref="6718063386"/>
  <nd ref="6718063387"/>
  <nd ref="6718063389"/>
  <nd ref="471557833"/>
  <nd ref="471557834"/>
  <nd ref="2500402224"/>
  <nd ref="2500402222"/>
  <nd ref="471557835"/>
  <nd ref="471557836"/>
  <nd ref="5606431412"/>
  <nd ref="1658116237"/>
  <nd ref="2500402246"/>
  <nd ref="6537971122"/>
  <nd ref="2500402248"/>
  <nd ref="6537971124"/>
  <nd ref="1658116169"/>
  <nd ref="6537971120"/>
  <nd ref="6718063314"/>
  <nd ref="2500402244"/>
  <nd ref="6718063362"/>
  <nd ref="1658116344"/>
  <nd ref="2500402269"/>
  <nd ref="2500402268"/>
  <nd ref="2500402266"/>
  <nd ref="5606431409"/>
  <nd ref="2500402260"/>
  <nd ref="2500402262"/>
  <nd ref="2500402258"/>
  <nd ref="471557837"/>
  <tag k="addr:city" v="Kraków"/>
  <tag k="addr:country" v="PL"/>
  <tag k="addr:housenumber" v="35"/>
  <tag k="addr:street" v="Rynek Główny"/>
  <tag k="alt_name" v="Pałac Krzysztofory"/>
  <tag k="building" v="palace"/>
  <tag k="building:colour" v="#ffffff"/>
  <tag k="building:levels" v="4"/>
  <tag k="building:material" v="plaster"/>
  <tag k="height" v="19"/>
  <tag k="historic" v="palace"/>
  <tag k="name" v="Pałac Pod Krzysztofory"/>
  <tag k="name:es" v="Museo Histórico de la Ciudad"/>
  <tag k="name:pl" v="Pałac Pod Krzysztofory"/>
  <tag k="roof:colour" v="grey"/>
  <tag k="roof:height" v="2"/>
  <tag k="roof:material" v="tiles"/>
  <tag k="roof:orientation" v="along"/>
  <tag k="roof:shape" v="gabled"/>
  <tag k="wikidata" v="Q11749876"/>
  <tag k="wikimedia_commons" v="Category:Krzysztofory Palace in Kraków"/>
  <tag k="wikipedia" v="pl:Pałac „Pod Krzysztofory”"/>
 </way>
 <way id="39365393" visible="true" version="15" changeset="127958666" timestamp="2022-10-23T13:58:38Z" user="ivanbranco" uid="11220113">
  <nd ref="471635745"/>
  <nd ref="3090423847"/>
  <nd ref="3090421753"/>
  <nd ref="3090421754"/>
  <nd ref="3090423836"/>
  <nd ref="3090425581"/>
  <nd ref="3090425494"/>
  <nd ref="3090425511"/>
  <nd ref="3090425509"/>
  <nd ref="10074052856"/>
  <nd ref="471635746"/>
  <nd ref="2501976363"/>
  <nd ref="2501976362"/>
  <nd ref="3090425909"/>
  <nd ref="3090425907"/>
  <nd ref="10074052857"/>
  <nd ref="3090425911"/>
  <nd ref="3090424232"/>
  <nd ref="3090425914"/>
  <nd ref="3090425913"/>
  <nd ref="10074052858"/>
  <nd ref="3090425917"/>
  <nd ref="3090425919"/>
  <nd ref="3090425920"/>
  <nd ref="3090425921"/>
  <nd ref="3090425923"/>
  <nd ref="3090425922"/>
  <nd ref="471635745"/>
  <tag k="building" v="yes"/>
  <tag k="building:colour" v="#ffe4c4"/>
  <tag k="building:levels" v="3"/>
  <tag k="building:material" v="plaster"/>
  <tag k="height" v="22"/>
  <tag k="historic" v="house"/>
  <tag k="name" v="Kamienica Pod Ewangelistami"/>
  <tag k="roof:colour" v="grey"/>
  <tag k="roof:height" v="2"/>
  <tag k="roof:material" v="tiles"/>
  <tag k="roof:orientation" v="along"/>
  <tag k="roof:shape" v="gabled"/>
  <tag k="wikidata" v="Q11734143"/>
  <tag k="wikimedia_commons" v="Category:21 Old Town Market Square in Kraków"/>
  <tag k="wikipedia" v="pl:Kamienica Pod Ewangelistami w Krakowie"/>
 </way>
 <way id="39365394" visible="true" version="14" changeset="127958666" timestamp="2022-10-23T13:58:38Z" user="ivanbranco" uid="11220113">
  <nd ref="3090426268"/>
  <nd ref="3090426269"/>
  <nd ref="3090421747"/>
  <nd ref="3090425503"/>
  <nd ref="3090425577"/>
  <nd ref="3090425483"/>
  <nd ref="3090424228"/>
  <nd ref="3090424225"/>
  <nd ref="3090423836"/>
  <nd ref="3090425510"/>
  <nd ref="3090421753"/>
  <nd ref="3090423847"/>
  <nd ref="3090423848"/>
  <nd ref="3090425925"/>
  <nd ref="3090425926"/>
  <nd ref="3090426466"/>
  <nd ref="3090426467"/>
  <nd ref="3090425927"/>
  <nd ref="3090426468"/>
  <nd ref="3090426469"/>
  <nd ref="3090425930"/>
  <nd ref="3090425929"/>
  <nd ref="3090426310"/>
  <nd ref="3090425931"/>
  <nd ref="3090426311"/>
  <nd ref="3090426471"/>
  <nd ref="3090425932"/>
  <nd ref="3090426268"/>
  <tag k="building" v="yes"/>
  <tag k="building:colour" v="#ffe4c4"/>
  <tag k="building:levels" v="3"/>
  <tag k="building:material" v="plaster"/>
  <tag k="height" v="26"/>
  <tag k="historic" v="house"/>
  <tag k="name" v="Kamienica Straszewska"/>
  <tag k="roof:colour" v="grey"/>
  <tag k="roof:height" v="6"/>
  <tag k="roof:material" v="tiles"/>
  <tag k="roof:orientation" v="across"/>
  <tag k="roof:shape" v="gabled"/>
  <tag k="wikidata" v="Q11734202"/>
  <tag k="wikimedia_commons" v="File:Straszewska house, 22,Main Market Square, Old Town ,Krakow,Poland.jpg"/>
  <tag k="wikipedia" v="pl:Kamienica Straszewska w Krakowie"/>
 </way>
 <way id="39365395" visible="true" version="12" changeset="126964142" timestamp="2022-10-04T00:05:49Z" user="edc22" uid="6529331">
  <nd ref="3090426475"/>
  <nd ref="3090426315"/>
  <nd ref="471635752"/>
  <nd ref="3090425516"/>
  <nd ref="3090421763"/>
  <nd ref="3090425512"/>
  <nd ref="3090421749"/>
  <nd ref="3090425503"/>
  <nd ref="3090421747"/>
  <nd ref="3090426269"/>
  <nd ref="3090426268"/>
  <nd ref="3090425932"/>
  <nd ref="3090426472"/>
  <nd ref="3090425933"/>
  <nd ref="3090426312"/>
  <nd ref="471635747"/>
  <nd ref="2501976377"/>
  <nd ref="3090425935"/>
  <nd ref="3090426314"/>
  <nd ref="3090426475"/>
  <tag k="building" v="house"/>
  <tag k="building:colour" v="#faf0e6"/>
  <tag k="building:levels" v="3"/>
  <tag k="building:material" v="plaster"/>
  <tag k="height" v="24"/>
  <tag k="name" v="Kamienica Kromerowska"/>
  <tag k="roof:colour" v="grey"/>
  <tag k="roof:height" v="4"/>
  <tag k="roof:material" v="tiles"/>
  <tag k="roof:orientation" v="across"/>
  <tag k="roof:shape" v="gabled"/>
  <tag k="wikidata" v="Q11734101"/>
  <tag k="wikimedia_commons" v="File:Kromerowska house, 23,Main Market Square, Old Town ,Krakow,Poland.jpg"/>
  <tag k="wikipedia" v="pl:Kamienica Kromerowska"/>
 </way>
 <way id="39365396" visible="true" version="13" changeset="127122138" timestamp="2022-10-06T22:41:08Z" user="edc22" uid="6529331">
  <nd ref="471635753"/>
  <nd ref="3090423845"/>
  <nd ref="3090425908"/>
  <nd ref="3090426276"/>
  <nd ref="3090425906"/>
  <nd ref="3090426271"/>
  <nd ref="3090426270"/>
  <nd ref="3090426266"/>
  <nd ref="3090425514"/>
  <nd ref="3090421763"/>
  <nd ref="3090425516"/>
  <nd ref="471635752"/>
  <nd ref="8532224292"/>
  <nd ref="3090426476"/>
  <nd ref="3090425936"/>
  <nd ref="471635753"/>
  <tag k="building" v="yes"/>
  <tag k="building:colour" v="#ffe4c4"/>
  <tag k="building:levels" v="3"/>
  <tag k="building:material" v="plaster"/>
  <tag k="height" v="22"/>
  <tag k="historic" v="house"/>
  <tag k="name" v="Kamienica Pod Kanarkiem"/>
  <tag k="roof:colour" v="grey"/>
  <tag k="roof:height" v="2"/>
  <tag k="roof:material" v="tiles"/>
  <tag k="roof:orientation" v="across"/>
  <tag k="roof:shape" v="gabled"/>
  <tag k="wikidata" v="Q11734152"/>
  <tag k="wikimedia_commons" v="File:KamienicaPodKanarkiem-RynekGłówny24-POL, Kraków.jpg"/>
  <tag k="wikipedia" v="pl:Kamienica Pod Kanarkiem"/>
 </way>
 <way id="39365403" visible="true" version="16" changeset="127068458" timestamp="2022-10-05T21:15:23Z" user="edc22" uid="6529331">
  <nd ref="6537955584"/>
  <nd ref="2501976483"/>
  <nd ref="471635774"/>
  <nd ref="6717942116"/>
  <nd ref="6717942115"/>
  <nd ref="938166448"/>
  <nd ref="938166447"/>
  <nd ref="6717942119"/>
  <nd ref="6717942120"/>
  <nd ref="471635777"/>
  <nd ref="6717942121"/>
  <nd ref="6717942123"/>
  <nd ref="2500402140"/>
  <nd ref="6717942125"/>
  <nd ref="6717942124"/>
  <nd ref="2500402144"/>
  <nd ref="2500402142"/>
  <nd ref="2500402146"/>
  <nd ref="2500402148"/>
  <nd ref="6717942126"/>
  <nd ref="6717942127"/>
  <nd ref="2500402154"/>
  <nd ref="471635778"/>
  <nd ref="6537955582"/>
  <nd ref="471635779"/>
  <nd ref="2501976490"/>
  <nd ref="6537971087"/>
  <nd ref="6537971088"/>
  <nd ref="6537971092"/>
  <nd ref="6537971093"/>
  <nd ref="6537971095"/>
  <nd ref="6537971094"/>
  <nd ref="6537971091"/>
  <nd ref="6537971090"/>
  <nd ref="6537971089"/>
  <nd ref="6537971086"/>
  <nd ref="6717942155"/>
  <nd ref="6717942156"/>
  <nd ref="6717942153"/>
  <nd ref="6717942151"/>
  <nd ref="6717942152"/>
  <nd ref="6717942154"/>
  <nd ref="6717942149"/>
  <nd ref="6717942147"/>
  <nd ref="6717942148"/>
  <nd ref="6717942150"/>
  <nd ref="6717942146"/>
  <nd ref="6717942145"/>
  <nd ref="1658115717"/>
  <nd ref="2501976502"/>
  <nd ref="2501976501"/>
  <nd ref="6717942144"/>
  <nd ref="2501976500"/>
  <nd ref="2501976499"/>
  <nd ref="1658115641"/>
  <nd ref="2501976488"/>
  <nd ref="2501976489"/>
  <nd ref="6537971085"/>
  <nd ref="6717942160"/>
  <nd ref="6717942159"/>
  <nd ref="6537955583"/>
  <nd ref="6537955584"/>
  <tag k="addr:city" v="Kraków"/>
  <tag k="addr:housenumber" v="30"/>
  <tag k="addr:postcode" v="31-008"/>
  <tag k="addr:street" v="Rynek Główny"/>
  <tag k="alt_name" v="Kamienica Cyglarowska"/>
  <tag k="building" v="yes"/>
  <tag k="building:colour" v="#ffe4e1"/>
  <tag k="building:levels" v="3"/>
  <tag k="building:material" v="plaster"/>
  <tag k="height" v="16"/>
  <tag k="historic" v="house"/>
  <tag k="name" v="Pałac Małachowskich"/>
  <tag k="roof:colour" v="grey"/>
  <tag k="roof:height" v="2"/>
  <tag k="roof:material" v="tiles"/>
  <tag k="roof:orientation" v="across"/>
  <tag k="roof:shape" v="gabled"/>
  <tag k="wikidata" v="Q11814803"/>
  <tag k="wikimedia_commons" v="Category:30 Old Town Market Square in Kraków"/>
  <tag k="wikipedia" v="pl:Pałac Małachowskich w Krakowie"/>
 </way>
 <way id="39365404" visible="true" version="12" changeset="127068458" timestamp="2022-10-05T21:15:23Z" user="edc22" uid="6529331">
  <nd ref="6718063471"/>
  <nd ref="6718063438"/>
  <nd ref="6718063470"/>
  <nd ref="6718063469"/>
  <nd ref="6718063468"/>
  <nd ref="6718063467"/>
  <nd ref="6718063466"/>
  <nd ref="6718063465"/>
  <nd ref="6718063464"/>
  <nd ref="6718063463"/>
  <nd ref="6718063462"/>
  <nd ref="6718063461"/>
  <nd ref="6718063460"/>
  <nd ref="6718063459"/>
  <nd ref="6718063458"/>
  <nd ref="6718063457"/>
  <nd ref="6718063456"/>
  <nd ref="6718063455"/>
  <nd ref="6718063454"/>
  <nd ref="6718063453"/>
  <nd ref="6718063452"/>
  <nd ref="6718063451"/>
  <nd ref="6718063450"/>
  <nd ref="6718063449"/>
  <nd ref="471635780"/>
  <nd ref="6718063416"/>
  <nd ref="6718063417"/>
  <nd ref="6718063419"/>
  <nd ref="6718063418"/>
  <nd ref="6718063448"/>
  <nd ref="6718063471"/>
  <tag k="addr:city" v="Kraków"/>
  <tag k="addr:housenumber" v="31"/>
  <tag k="addr:postcode" v="31-008"/>
  <tag k="addr:street" v="Rynek Główny"/>
  <tag k="building" v="apartments"/>
  <tag k="building:colour" v="#ffe4e1"/>
  <tag k="building:levels" v="5"/>
  <tag k="building:material" v="plaster"/>
  <tag k="height" v="18"/>
  <tag k="name" v="Pekao SA"/>
  <tag k="roof:colour" v="grey"/>
  <tag k="roof:height" v="2"/>
  <tag k="roof:material" v="tiles"/>
  <tag k="roof:orientation" v="along"/>
  <tag k="roof:shape" v="gabled"/>
  <tag k="wikidata" v="Q9181439"/>
  <tag k="wikimedia_commons" v="Category:31 Old Town Market Square in Kraków"/>
  <tag k="wikipedia" v="pl:Budynek Banku Pekao w Krakowie"/>
 </way>
 <way id="39365405" visible="true" version="14" changeset="155274043" timestamp="2024-08-15T09:25:04Z" user="m@rio" uid="576108">
  <nd ref="6718063447"/>
  <nd ref="6718063446"/>
  <nd ref="6718063445"/>
  <nd ref="6718063444"/>
  <nd ref="6718063443"/>
  <nd ref="6718063442"/>
  <nd ref="6718063441"/>
  <nd ref="6718063440"/>
  <nd ref="6718063431"/>
  <nd ref="471635788"/>
  <nd ref="6718063439"/>
  <nd ref="6718063469"/>
  <nd ref="6718063470"/>
  <nd ref="6718063438"/>
  <nd ref="6718063471"/>
  <nd ref="6718063448"/>
  <nd ref="471635781"/>
  <nd ref="6718063437"/>
  <nd ref="6718063436"/>
  <nd ref="12112256451"/>
  <nd ref="6718063435"/>
  <nd ref="6718063434"/>
  <nd ref="10080817915"/>
  <nd ref="6718063433"/>
  <nd ref="6718063432"/>
  <nd ref="471635786"/>
  <nd ref="6718063420"/>
  <nd ref="6718063421"/>
  <nd ref="6718063447"/>
  <tag k="addr:city" v="Kraków"/>
  <tag k="addr:housenumber" v="32"/>
  <tag k="addr:postcode" v="31-008"/>
  <tag k="addr:street" v="Rynek Główny"/>
  <tag k="building" v="yes"/>
  <tag k="building:colour" v="#faf0e6"/>
  <tag k="building:levels" v="5"/>
  <tag k="building:material" v="plaster"/>
  <tag k="height" v="20"/>
  <tag k="historic" v="house"/>
  <tag k="name" v="Kamienica Pod Trzema Gwiazdami"/>
  <tag k="roof:colour" v="grey"/>
  <tag k="roof:height" v="2"/>
  <tag k="roof:material" v="tiles"/>
  <tag k="roof:orientation" v="across"/>
  <tag k="roof:shape" v="gabled"/>
  <tag k="wikidata" v="Q11734167"/>
  <tag k="wikimedia_commons" v="Category:32 Old Town Market Square in Kraków"/>
  <tag k="wikipedia" v="pl:Kamienica „Pod Trzema Gwiazdami” w Krakowie"/>
 </way>
 <way id="39365406" visible="true" version="14" changeset="127068458" timestamp="2022-10-05T21:15:23Z" user="edc22" uid="6529331">
  <nd ref="6718063414"/>
  <nd ref="6718063415"/>
  <nd ref="1658115886"/>
  <nd ref="471635788"/>
  <nd ref="6718063431"/>
  <nd ref="6718063430"/>
  <nd ref="6718063429"/>
  <nd ref="6718063413"/>
  <nd ref="6718063428"/>
  <nd ref="6718063427"/>
  <nd ref="6718063426"/>
  <nd ref="6718063425"/>
  <nd ref="6718063424"/>
  <nd ref="6718063423"/>
  <nd ref="6718063422"/>
  <nd ref="6718063421"/>
  <nd ref="6718063420"/>
  <nd ref="6718063411"/>
  <nd ref="471635789"/>
  <nd ref="6718063414"/>
  <tag k="addr:city" v="Kraków"/>
  <tag k="addr:housenumber" v="33"/>
  <tag k="addr:postcode" v="31-008"/>
  <tag k="addr:street" v="Rynek Główny"/>
  <tag k="building" v="residential"/>
  <tag k="building:colour" v="#fff5ee"/>
  <tag k="building:levels" v="4"/>
  <tag k="building:material" v="plaster"/>
  <tag k="height" v="20"/>
  <tag k="name" v="Kamienica Ciemowiczowska"/>
  <tag k="roof:colour" v="grey"/>
  <tag k="roof:height" v="2"/>
  <tag k="roof:material" v="tiles"/>
  <tag k="roof:orientation" v="across"/>
  <tag k="roof:shape" v="gabled"/>
  <tag k="wikidata" v="Q11734017"/>
  <tag k="wikimedia_commons" v="Category:33 Old Town Market Square in Kraków"/>
  <tag k="wikipedia" v="pl:Kamienica Ciemowiczowska w Krakowie"/>
 </way>
 <way id="39365407" visible="true" version="12" changeset="73438130" timestamp="2019-08-17T09:14:45Z" user="Władysław Komorek" uid="693154">
  <nd ref="471635789"/>
  <nd ref="6718063410"/>
  <nd ref="6718063409"/>
  <nd ref="6718063408"/>
  <nd ref="6718063412"/>
  <nd ref="6718063406"/>
  <nd ref="6718063407"/>
  <nd ref="6718063404"/>
  <nd ref="6718063403"/>
  <nd ref="6718063402"/>
  <nd ref="6718063405"/>
  <nd ref="6718063400"/>
  <nd ref="6718063398"/>
  <nd ref="6718063399"/>
  <nd ref="6718063401"/>
  <nd ref="6718063397"/>
  <nd ref="6718063393"/>
  <nd ref="6718063394"/>
  <nd ref="6718063396"/>
  <nd ref="6718063395"/>
  <nd ref="6718063390"/>
  <nd ref="6718063391"/>
  <nd ref="6718063392"/>
  <nd ref="471557833"/>
  <nd ref="471557834"/>
  <nd ref="471635790"/>
  <nd ref="1658116058"/>
  <nd ref="1658115991"/>
  <nd ref="471635791"/>
  <nd ref="1658115945"/>
  <nd ref="1658115911"/>
  <nd ref="1658115886"/>
  <nd ref="6718063415"/>
  <nd ref="6718063414"/>
  <nd ref="471635789"/>
 </way>
 <way id="39365408" visible="true" version="12" changeset="101970041" timestamp="2021-03-30T09:05:40Z" user="Dawid2849" uid="10642775">
  <nd ref="471635792"/>
  <nd ref="3085242737"/>
  <nd ref="3085242660"/>
  <nd ref="3085241779"/>
  <nd ref="2500851016"/>
  <nd ref="471635793"/>
  <nd ref="3085239581"/>
  <nd ref="3085241580"/>
  <nd ref="3085241791"/>
  <nd ref="471635794"/>
  <nd ref="471635795"/>
  <nd ref="3085241794"/>
  <nd ref="3085239602"/>
  <nd ref="3085241588"/>
  <nd ref="3085239600"/>
  <nd ref="3085377212"/>
  <nd ref="3085241782"/>
  <nd ref="3085242662"/>
  <nd ref="471635792"/>
 </way>
 <way id="39365409" visible="true" version="18" changeset="101970041" timestamp="2021-03-30T09:05:40Z" user="Dawid2849" uid="10642775">
  <nd ref="3085239581"/>
  <nd ref="471635793"/>
  <nd ref="3085386579"/>
  <nd ref="471635796"/>
  <nd ref="3085242664"/>
  <nd ref="3085241784"/>
  <nd ref="3085377211"/>
  <nd ref="3085241957"/>
  <nd ref="3085239581"/>
  <tag k="addr:city" v="Kraków"/>
  <tag k="addr:country" v="PL"/>
  <tag k="addr:housenumber" v="37"/>
  <tag k="addr:postcode" v="31-013"/>
  <tag k="addr:street" v="Rynek Główny"/>
  <tag k="building" v="yes"/>
  <tag k="building:colour" v="#ffffe0"/>
  <tag k="building:levels" v="4"/>
  <tag k="building:material" v="plaster"/>
  <tag k="height" v="20"/>
  <tag k="historic" v="house"/>
  <tag k="name" v="Kamienica Wosińska"/>
  <tag k="roof:colour" v="grey"/>
  <tag k="roof:height" v="3"/>
  <tag k="roof:material" v="tiles"/>
  <tag k="roof:orientation" v="across"/>
  <tag k="roof:shape" v="gabled"/>
  <tag k="wikidata" v="Q11734215"/>
  <tag k="wikimedia_commons" v="File:Wosinska (Lukinowska) house, 37,Main Market Square,Krakow Old Town.jpg"/>
  <tag k="wikipedia" v="pl:Kamienica Wosińska w Krakowie"/>
 </way>
 <way id="39365410" visible="true" version="17" changeset="126525154" timestamp="2022-09-23T00:12:39Z" user="edc22" uid="6529331">
  <nd ref="3085241966"/>
  <nd ref="6717888523"/>
  <nd ref="3085241960"/>
  <nd ref="6717888524"/>
  <nd ref="3085242664"/>
  <nd ref="471635796"/>
  <nd ref="2500851014"/>
  <nd ref="3085242332"/>
  <nd ref="3085242655"/>
  <nd ref="3085241954"/>
  <nd ref="3085239579"/>
  <nd ref="3085241953"/>
  <nd ref="3085242329"/>
  <nd ref="3085239578"/>
  <nd ref="3085242328"/>
  <nd ref="10046244123"/>
  <nd ref="3085241952"/>
  <nd ref="471635801"/>
  <nd ref="3085242738"/>
  <nd ref="471635799"/>
  <nd ref="3085241586"/>
  <nd ref="3085241973"/>
  <nd ref="3085241970"/>
  <nd ref="3085241966"/>
  <tag k="addr:city" v="Kraków"/>
  <tag k="addr:country" v="PL"/>
  <tag k="addr:housenumber" v="38"/>
  <tag k="addr:postcode" v="31-013"/>
  <tag k="addr:street" v="Rynek Główny"/>
  <tag k="building" v="yes"/>
  <tag k="building:colour" v="#faf0e6"/>
  <tag k="building:levels" v="4"/>
  <tag k="building:material" v="plaster"/>
  <tag k="height" v="20"/>
  <tag k="historic" v="house"/>
  <tag k="name" v="Kamienica Kencowska"/>
  <tag k="roof:colour" v="grey"/>
  <tag k="roof:height" v="3"/>
  <tag k="roof:material" v="tiles"/>
  <tag k="roof:orientation" v="across"/>
  <tag k="roof:shape" v="gabled"/>
  <tag k="wikidata" v="Q11734095"/>
  <tag k="wikimedia_commons" v="File:Kencowska house, 38,Main Market Square, Krakow Old Town.jpg"/>
  <tag k="wikipedia" v="pl:Kamienica Kencowska w Krakowie"/>
 </way>
 <way id="39365411" visible="true" version="11" changeset="81715425" timestamp="2020-03-03T07:53:22Z" user="B_KSL" uid="553541">
  <nd ref="3085242738"/>
  <nd ref="471635801"/>
  <nd ref="3085377210"/>
  <nd ref="471635802"/>
  <nd ref="3085242661"/>
  <nd ref="3085241781"/>
  <nd ref="3085239586"/>
  <nd ref="3085241577"/>
  <nd ref="3085241964"/>
  <nd ref="3085239587"/>
  <nd ref="3085241969"/>
  <nd ref="3085242738"/>
 </way>
 <way id="39365412" visible="true" version="14" changeset="92259637" timestamp="2020-10-10T00:07:29Z" user="edc22" uid="6529331">
  <nd ref="3085242661"/>
  <nd ref="471635802"/>
  <nd ref="3085239577"/>
  <nd ref="3085242327"/>
  <nd ref="3085241951"/>
  <nd ref="3085232331"/>
  <nd ref="471635807"/>
  <nd ref="3085242659"/>
  <nd ref="3085242736"/>
  <nd ref="3085241783"/>
  <nd ref="3085241959"/>
  <nd ref="3085242748"/>
  <nd ref="3085241575"/>
  <nd ref="3085239586"/>
  <nd ref="3085241781"/>
  <nd ref="3085242661"/>
  <tag k="addr:city" v="Kraków"/>
  <tag k="addr:country" v="PL"/>
  <tag k="addr:housenumber" v="40"/>
  <tag k="addr:postcode" v="31-013"/>
  <tag k="addr:street" v="Rynek Główny"/>
  <tag k="building" v="yes"/>
  <tag k="building:colour" v="#faf0e6"/>
  <tag k="building:levels" v="4"/>
  <tag k="building:material" v="plaster"/>
  <tag k="height" v="20"/>
  <tag k="historic" v="house"/>
  <tag k="name" v="Kamienica Januszowiczowska"/>
  <tag k="roof:colour" v="grey"/>
  <tag k="roof:height" v="3"/>
  <tag k="roof:material" v="tiles"/>
  <tag k="roof:orientation" v="across"/>
  <tag k="roof:shape" v="gabled"/>
  <tag k="wikidata" v="Q11734084"/>
  <tag k="wikimedia_commons" v="File:Kamienica Januszowiczowska.JPG"/>
  <tag k="wikipedia" v="pl:Kamienica Januszowiczowska w Krakowie"/>
 </way>
 <way id="153033989" visible="true" version="3" changeset="25531303" timestamp="2014-09-18T22:35:29Z" user="Władysław Komorek" uid="693154">
  <nd ref="1657846775"/>
  <nd ref="1657846772"/>
  <nd ref="3085241785"/>
  <nd ref="3085242743"/>
  <nd ref="3085242663"/>
  <nd ref="3085242740"/>
  <nd ref="3085241780"/>
  <nd ref="3085387341"/>
  <nd ref="1657846668"/>
  <nd ref="1657846675"/>
  <nd ref="3085242741"/>
  <nd ref="3085242666"/>
  <nd ref="3085239580"/>
  <nd ref="1657846775"/>
 </way>
 <way id="153033999" visible="true" version="4" changeset="73436829" timestamp="2019-08-17T07:58:50Z" user="Władysław Komorek" uid="693154">
  <nd ref="1657846869"/>
  <nd ref="3085386580"/>
  <nd ref="1657846825"/>
  <nd ref="6717888533"/>
  <nd ref="6717888531"/>
  <nd ref="6717888526"/>
  <nd ref="6717888530"/>
  <nd ref="6717888528"/>
  <nd ref="6717888527"/>
  <nd ref="6717888532"/>
  <nd ref="1657846811"/>
  <nd ref="3085239592"/>
  <nd ref="3085241972"/>
  <nd ref="3085241975"/>
  <nd ref="3085241584"/>
  <nd ref="1657846863"/>
  <nd ref="1657846869"/>
 </way>
 <way id="153034012" visible="true" version="2" changeset="18452522" timestamp="2013-10-20T14:30:36Z" user="Władysław Komorek" uid="693154">
  <nd ref="2502901251"/>
  <nd ref="1657846543"/>
  <nd ref="1657846606"/>
  <nd ref="1657846479"/>
  <nd ref="1657846462"/>
  <nd ref="2502901240"/>
  <nd ref="2502901239"/>
  <nd ref="2502901242"/>
  <nd ref="2502901246"/>
  <nd ref="2502901244"/>
  <nd ref="2502901243"/>
  <nd ref="2502901249"/>
  <nd ref="2502901251"/>
 </way>
 <way id="153065662" visible="true" version="7" changeset="177738391" timestamp="2026-01-26T20:59:50Z" user="uprkos" uid="11239973">
  <nd ref="1658116275"/>
  <nd ref="13502573415"/>
  <nd ref="10034071862"/>
  <nd ref="1658116217"/>
  <nd ref="1658116326"/>
  <nd ref="13502573416"/>
  <nd ref="6433302626"/>
  <nd ref="6433302625"/>
  <nd ref="1658116275"/>
  <tag k="building" v="yes"/>
  <tag k="building:levels" v="4"/>
  <tag k="historic" v="house"/>
  <tag k="name" v="Kamienica Mierzejewskich"/>
  <tag k="wikidata" v="Q30171502"/>
  <tag k="wikimedia_commons" v="Category:3 Szczepańska street in Kraków"/>
  <tag k="wikipedia" v="pl:Kamienica Mierzejewskich w Krakowie"/>
 </way>
 <way id="153065690" visible="true" version="10" changeset="143409952" timestamp="2023-10-31T10:03:52Z" user="Mateusz Konieczny - bot account" uid="3199858">
  <nd ref="6433302592"/>
  <nd ref="1658116364"/>
  <nd ref="6433302678"/>
  <nd ref="6433302679"/>
  <nd ref="6433302680"/>
  <nd ref="6433302681"/>
  <nd ref="1658116401"/>
  <nd ref="6433302682"/>
  <nd ref="6433302683"/>
  <nd ref="1658116384"/>
  <nd ref="6433302677"/>
  <nd ref="1658116292"/>
  <nd ref="6433302591"/>
  <nd ref="1658116326"/>
  <nd ref="1658116217"/>
  <nd ref="6433301582"/>
  <nd ref="6433302585"/>
  <nd ref="6433301584"/>
  <nd ref="6433301583"/>
  <nd ref="6433302586"/>
  <nd ref="1658116147"/>
  <nd ref="6433302787"/>
  <nd ref="1658116428"/>
  <nd ref="1658116494"/>
  <nd ref="6433302589"/>
  <nd ref="6433302592"/>
  <tag k="addr:city" v="Kraków"/>
  <tag k="addr:country" v="PL"/>
  <tag k="addr:housenumber" v="2"/>
  <tag k="addr:postcode" v="31-014"/>
  <tag k="addr:street" v="Sławkowska"/>
  <tag k="building" v="house"/>
  <tag k="building:colour" v="#ffe4c4"/>
  <tag k="building:levels" v="4"/>
  <tag k="height" v="20"/>
  <tag k="historic" v="house"/>
  <tag k="name" v="Kamienica Pod Gruszką"/>
  <tag k="roof:colour" v="grey"/>
  <tag k="roof:height" v="3"/>
  <tag k="roof:material" v="tiles"/>
  <tag k="roof:orientation" v="along"/>
  <tag k="wikidata" v="Q30171497"/>
  <tag k="wikimedia_commons" v="Category:Pod Gruszką House in Kraków"/>
  <tag k="wikipedia" v="pl:Kamienica Pod Gruszką w Krakowie"/>
 </way>
 <way id="154860067" visible="true" version="10" changeset="142117821" timestamp="2023-10-03T20:45:44Z" user="uprkos" uid="11239973">
  <nd ref="3085241788"/>
  <nd ref="3085239598"/>
  <nd ref="3085239587"/>
  <nd ref="3085241964"/>
  <nd ref="3085241577"/>
  <nd ref="3085239586"/>
  <nd ref="3085241575"/>
  <nd ref="3085242748"/>
  <nd ref="3085241959"/>
  <nd ref="3085241783"/>
  <nd ref="3085242739"/>
  <nd ref="3085242658"/>
  <nd ref="3085242736"/>
  <nd ref="3085242659"/>
  <nd ref="471635807"/>
  <nd ref="1673258929"/>
  <nd ref="3085242326"/>
  <nd ref="3012787773"/>
  <nd ref="3085241955"/>
  <nd ref="3085242733"/>
  <nd ref="3085242734"/>
  <nd ref="3085242656"/>
  <nd ref="3085242657"/>
  <nd ref="3085242735"/>
  <nd ref="3085241956"/>
  <nd ref="3085241958"/>
  <nd ref="3085241583"/>
  <nd ref="3085241788"/>
  <tag k="addr:city" v="Kraków"/>
  <tag k="addr:country" v="PL"/>
  <tag k="addr:housenumber" v="41"/>
  <tag k="addr:street" v="Rynek Główny"/>
  <tag k="building" v="yes"/>
  <tag k="building:colour" v="#faf0e6"/>
  <tag k="building:levels" v="5"/>
  <tag k="building:material" v="plaster"/>
  <tag k="height" v="25"/>
  <tag k="name" v="Budynek Feniksa"/>
  <tag k="roof:colour" v="grey"/>
  <tag k="roof:height" v="3"/>
  <tag k="roof:material" v="tiles"/>
  <tag k="roof:orientation" v="across"/>
  <tag k="roof:shape" v="gabled"/>
  <tag k="wikidata" v="Q9181461"/>
  <tag k="wikimedia_commons" v="File:Feniks house , 41 Main Market Square, Old Town ,Krakow,Poland.jpg"/>
  <tag k="wikipedia" v="pl:Budynek Feniksa w Krakowie (Rynek Główny)"/>
 </way>
 <way id="201133718" visible="true" version="73" changeset="187997880" timestamp="2026-08-25T15:57:49Z" user="Adam Haba" uid="12293030">
  <nd ref="471635811"/>
  <nd ref="3320712477"/>
  <nd ref="2110897868"/>
  <nd ref="14108495064"/>
  <nd ref="1673258929"/>
  <nd ref="471635807"/>
  <nd ref="3085232331"/>
  <nd ref="3085241951"/>
  <nd ref="3085242327"/>
  <nd ref="3085239577"/>
  <nd ref="471635802"/>
  <nd ref="3085377210"/>
  <nd ref="471635801"/>
  <nd ref="3085241952"/>
  <nd ref="10046244123"/>
  <nd ref="3085242328"/>
  <nd ref="3085239578"/>
  <nd ref="3085242329"/>
  <nd ref="3085241953"/>
  <nd ref="3085239579"/>
  <nd ref="3085241954"/>
  <nd ref="3085242655"/>
  <nd ref="3085242332"/>
  <nd ref="2500851014"/>
  <nd ref="471635796"/>
  <nd ref="3085386579"/>
  <nd ref="471635793"/>
  <nd ref="2500851016"/>
  <nd ref="3085241779"/>
  <nd ref="3085242660"/>
  <nd ref="3085242737"/>
  <nd ref="471635792"/>
  <nd ref="14108495123"/>
  <nd ref="2500996741"/>
  <nd ref="13917555521"/>
  <nd ref="14108495139"/>
  <nd ref="1658116147"/>
  <nd ref="14108495153"/>
  <nd ref="2500996740"/>
  <nd ref="14108600826"/>
  <nd ref="471557832"/>
  <nd ref="6718063381"/>
  <nd ref="6718063380"/>
  <nd ref="10080827117"/>
  <nd ref="6718063385"/>
  <nd ref="6718063383"/>
  <nd ref="6718063382"/>
  <nd ref="6718063384"/>
  <nd ref="6718063388"/>
  <nd ref="6718063386"/>
  <nd ref="6718063387"/>
  <nd ref="6718063389"/>
  <nd ref="471557833"/>
  <nd ref="6718063392"/>
  <nd ref="6718063391"/>
  <nd ref="6718063390"/>
  <nd ref="6718063395"/>
  <nd ref="6718063396"/>
  <nd ref="6718063394"/>
  <nd ref="6718063393"/>
  <nd ref="6718063397"/>
  <nd ref="6718063401"/>
  <nd ref="6718063399"/>
  <nd ref="6718063398"/>
  <nd ref="6718063400"/>
  <nd ref="6718063405"/>
  <nd ref="6718063402"/>
  <nd ref="6718063403"/>
  <nd ref="6718063404"/>
  <nd ref="6718063407"/>
  <nd ref="6718063406"/>
  <nd ref="6718063412"/>
  <nd ref="6718063408"/>
  <nd ref="6718063409"/>
  <nd ref="6718063410"/>
  <nd ref="471635789"/>
  <nd ref="6718063411"/>
  <nd ref="6718063420"/>
  <nd ref="471635786"/>
  <nd ref="6718063432"/>
  <nd ref="6718063433"/>
  <nd ref="10080817915"/>
  <nd ref="6718063434"/>
  <nd ref="6718063435"/>
  <nd ref="12112256451"/>
  <nd ref="6718063436"/>
  <nd ref="6718063437"/>
  <nd ref="471635781"/>
  <nd ref="6718063448"/>
  <nd ref="6718063418"/>
  <nd ref="6718063419"/>
  <nd ref="6718063417"/>
  <nd ref="6718063416"/>
  <nd ref="1862676201"/>
  <nd ref="471635780"/>
  <nd ref="2110897859"/>
  <nd ref="471635777"/>
  <nd ref="6717942120"/>
  <nd ref="6717942119"/>
  <nd ref="938166447"/>
  <nd ref="938166448"/>
  <nd ref="6717942115"/>
  <nd ref="6717942116"/>
  <nd ref="471635774"/>
  <nd ref="6717942117"/>
  <nd ref="6717942114"/>
  <nd ref="6717942118"/>
  <nd ref="6718063494"/>
  <nd ref="6718063491"/>
  <nd ref="6718063492"/>
  <nd ref="6718063490"/>
  <nd ref="6718063489"/>
  <nd ref="6718063493"/>
  <nd ref="6053592007"/>
  <nd ref="6718063483"/>
  <nd ref="6718063477"/>
  <nd ref="6718063478"/>
  <nd ref="6718063479"/>
  <nd ref="6718063480"/>
  <nd ref="6718063481"/>
  <nd ref="6718063482"/>
  <nd ref="6718063484"/>
  <nd ref="6718063488"/>
  <nd ref="6718063487"/>
  <nd ref="6718063486"/>
  <nd ref="6718063485"/>
  <nd ref="471635773"/>
  <nd ref="6718063475"/>
  <nd ref="6718063474"/>
  <nd ref="6718063476"/>
  <nd ref="6718063472"/>
  <nd ref="6718063473"/>
  <nd ref="7818066093"/>
  <nd ref="6717942174"/>
  <nd ref="6717942175"/>
  <nd ref="471635765"/>
  <nd ref="6717942172"/>
  <nd ref="6717942173"/>
  <nd ref="2501976466"/>
  <nd ref="6717942171"/>
  <nd ref="2501976467"/>
  <nd ref="2501976465"/>
  <nd ref="6717942170"/>
  <nd ref="2501976464"/>
  <nd ref="2501976462"/>
  <nd ref="6717942169"/>
  <nd ref="2501976463"/>
  <nd ref="4989021749"/>
  <nd ref="2501976461"/>
  <nd ref="2501976460"/>
  <nd ref="6717942168"/>
  <nd ref="6717942167"/>
  <nd ref="471635764"/>
  <nd ref="14110239291"/>
  <nd ref="12759551754"/>
  <nd ref="251688938"/>
  <nd ref="14110242930"/>
  <nd ref="14110239298"/>
  <nd ref="12759551753"/>
  <nd ref="14111021797"/>
  <nd ref="14111021795"/>
  <nd ref="471635762"/>
  <nd ref="471635757"/>
  <nd ref="2501976442"/>
  <nd ref="2501976439"/>
  <nd ref="3090426320"/>
  <nd ref="2501976438"/>
  <nd ref="2501976435"/>
  <nd ref="2501976431"/>
  <nd ref="3090426478"/>
  <nd ref="3090426319"/>
  <nd ref="2501976433"/>
  <nd ref="2501976434"/>
  <nd ref="2501976432"/>
  <nd ref="3090425939"/>
  <nd ref="3090426318"/>
  <nd ref="3090426477"/>
  <nd ref="2501976429"/>
  <nd ref="2501976428"/>
  <nd ref="2501976422"/>
  <nd ref="2501976425"/>
  <nd ref="2501976426"/>
  <nd ref="2501976424"/>
  <nd ref="2501976421"/>
  <nd ref="2501976418"/>
  <nd ref="2501976412"/>
  <nd ref="2501976414"/>
  <nd ref="2501976415"/>
  <nd ref="2501976413"/>
  <nd ref="2501976411"/>
  <nd ref="2501976410"/>
  <nd ref="2501976405"/>
  <nd ref="2501976408"/>
  <nd ref="2501976409"/>
  <nd ref="2501976407"/>
  <nd ref="2501976404"/>
  <nd ref="2501976403"/>
  <nd ref="2501976397"/>
  <nd ref="2501976399"/>
  <nd ref="2501976401"/>
  <nd ref="2501976398"/>
  <nd ref="2501976396"/>
  <nd ref="2501976395"/>
  <nd ref="2501976389"/>
  <nd ref="2501976391"/>
  <nd ref="2501976392"/>
  <nd ref="2501976390"/>
  <nd ref="3090426316"/>
  <nd ref="471635753"/>
  <nd ref="3090425936"/>
  <nd ref="3090426476"/>
  <nd ref="8532224292"/>
  <nd ref="471635752"/>
  <nd ref="3090426315"/>
  <nd ref="3090426475"/>
  <nd ref="3090426314"/>
  <nd ref="3090425935"/>
  <nd ref="2501976377"/>
  <nd ref="471635747"/>
  <nd ref="3090426312"/>
  <nd ref="3090425933"/>
  <nd ref="3090426472"/>
  <nd ref="3090425932"/>
  <nd ref="3090426471"/>
  <nd ref="3090426311"/>
  <nd ref="3090425931"/>
  <nd ref="3090426310"/>
  <nd ref="3090425929"/>
  <nd ref="3090425930"/>
  <nd ref="3090426469"/>
  <nd ref="3090426468"/>
  <nd ref="3090425927"/>
  <nd ref="3090426467"/>
  <nd ref="3090426466"/>
  <nd ref="3090425926"/>
  <nd ref="3090425925"/>
  <nd ref="3090423848"/>
  <nd ref="3090423847"/>
  <nd ref="471635745"/>
  <nd ref="3090425922"/>
  <nd ref="3090425923"/>
  <nd ref="3090425921"/>
  <nd ref="3090425920"/>
  <nd ref="3090425919"/>
  <nd ref="3090425917"/>
  <nd ref="10074052858"/>
  <nd ref="3090425913"/>
  <nd ref="3090425914"/>
  <nd ref="3090424232"/>
  <nd ref="3090425911"/>
  <nd ref="10074052857"/>
  <nd ref="3090425907"/>
  <nd ref="3090425909"/>
  <nd ref="2501976362"/>
  <nd ref="2501976363"/>
  <nd ref="471635746"/>
  <nd ref="14121238352"/>
  <nd ref="14121235960"/>
  <nd ref="14121238351"/>
  <nd ref="471635719"/>
  <nd ref="3090822829"/>
  <nd ref="3090822299"/>
  <nd ref="3090822827"/>
  <nd ref="3090820033"/>
  <nd ref="3090822296"/>
  <nd ref="3090822825"/>
  <nd ref="3090823073"/>
  <nd ref="3090820101"/>
  <nd ref="2500868981"/>
  <nd ref="3090822823"/>
  <nd ref="3090822821"/>
  <nd ref="2500868979"/>
  <nd ref="2500868975"/>
  <nd ref="3090823069"/>
  <nd ref="3090823068"/>
  <nd ref="2500868977"/>
  <nd ref="3090820095"/>
  <nd ref="3090822818"/>
  <nd ref="3090821264"/>
  <nd ref="3090820093"/>
  <nd ref="3090822816"/>
  <nd ref="3090820091"/>
  <nd ref="3090820089"/>
  <nd ref="3090822814"/>
  <nd ref="471635724"/>
  <nd ref="3090822812"/>
  <nd ref="3090822809"/>
  <nd ref="3090822806"/>
  <nd ref="3090820087"/>
  <nd ref="3090820088"/>
  <nd ref="3090820086"/>
  <nd ref="3090820085"/>
  <nd ref="3090821254"/>
  <nd ref="3090820083"/>
  <nd ref="3090821252"/>
  <nd ref="3090820082"/>
  <nd ref="3090821249"/>
  <nd ref="3090821247"/>
  <nd ref="3090820078"/>
  <nd ref="3090820081"/>
  <nd ref="3090820080"/>
  <nd ref="3090820079"/>
  <nd ref="3090820077"/>
  <nd ref="3090821794"/>
  <nd ref="3090821793"/>
  <nd ref="471635728"/>
  <nd ref="2500868973"/>
  <nd ref="471635730"/>
  <nd ref="2500868969"/>
  <nd ref="2500868971"/>
  <nd ref="3090821223"/>
  <nd ref="3090821220"/>
  <nd ref="3090821217"/>
  <nd ref="3090821215"/>
  <nd ref="3090821785"/>
  <nd ref="3090822269"/>
  <nd ref="2500868959"/>
  <nd ref="2500868957"/>
  <nd ref="471635732"/>
  <nd ref="3090821194"/>
  <nd ref="3090821193"/>
  <nd ref="2500868956"/>
  <nd ref="3090821177"/>
  <nd ref="2500868938"/>
  <nd ref="471635736"/>
  <nd ref="3090820032"/>
  <nd ref="2500868920"/>
  <nd ref="3090819743"/>
  <nd ref="30375913"/>
  <nd ref="14122944663"/>
  <nd ref="471635702"/>
  <nd ref="471635701"/>
  <nd ref="2500868946"/>
  <nd ref="3091091595"/>
  <nd ref="471635698"/>
  <nd ref="3091400633"/>
  <nd ref="471635695"/>
  <nd ref="3091094072"/>
  <nd ref="3091094204"/>
  <nd ref="471635692"/>
  <nd ref="3091300650"/>
  <nd ref="3091299421"/>
  <nd ref="3091300654"/>
  <nd ref="3091299426"/>
  <nd ref="3091300657"/>
  <nd ref="12057827098"/>
  <nd ref="3091299432"/>
  <nd ref="471635688"/>
  <nd ref="3091299442"/>
  <nd ref="3091300790"/>
  <nd ref="3091300791"/>
  <nd ref="3091300873"/>
  <nd ref="3091300792"/>
  <nd ref="3091300875"/>
  <nd ref="3091300876"/>
  <nd ref="3091299444"/>
  <nd ref="3091300794"/>
  <nd ref="3091300795"/>
  <nd ref="471635686"/>
  <nd ref="3091299447"/>
  <nd ref="3091300879"/>
  <nd ref="3091300810"/>
  <nd ref="3091300811"/>
  <nd ref="3091299747"/>
  <nd ref="3091298853"/>
  <nd ref="2500868985"/>
  <nd ref="3091300817"/>
  <nd ref="3091300970"/>
  <nd ref="2500868983"/>
  <nd ref="3091402918"/>
  <nd ref="2500868986"/>
  <nd ref="3091300973"/>
  <nd ref="3091300974"/>
  <nd ref="2500868988"/>
  <nd ref="3091300826"/>
  <nd ref="3091300827"/>
  <nd ref="3091298104"/>
  <nd ref="3091300830"/>
  <nd ref="3091298105"/>
  <nd ref="3091298106"/>
  <nd ref="3091298107"/>
  <nd ref="3091301479"/>
  <nd ref="3091301480"/>
  <nd ref="3091298108"/>
  <nd ref="2500868990"/>
  <nd ref="3091301176"/>
  <nd ref="3091301178"/>
  <nd ref="471635682"/>
  <nd ref="3091403495"/>
  <nd ref="2500868992"/>
  <nd ref="3091301187"/>
  <nd ref="3091301189"/>
  <nd ref="2500868994"/>
  <nd ref="3091298111"/>
  <nd ref="3091301192"/>
  <nd ref="3091301052"/>
  <nd ref="3091298114"/>
  <nd ref="3091298116"/>
  <nd ref="3091298115"/>
  <nd ref="3091301058"/>
  <nd ref="3091298120"/>
  <nd ref="3091300859"/>
  <nd ref="3091301203"/>
  <nd ref="2500868996"/>
  <nd ref="3091300860"/>
  <nd ref="3091301205"/>
  <nd ref="2500868998"/>
  <nd ref="471635683"/>
  <nd ref="2501875591"/>
  <nd ref="2110897851"/>
  <nd ref="1517066720"/>
  <nd ref="2996091268"/>
  <nd ref="2996091084"/>
  <nd ref="2996091270"/>
  <nd ref="2996091085"/>
  <nd ref="2996091158"/>
  <nd ref="2996091272"/>
  <nd ref="2996090847"/>
  <nd ref="2996091274"/>
  <nd ref="2996088768"/>
  <nd ref="2996091306"/>
  <nd ref="2996090850"/>
  <nd ref="2996091168"/>
  <nd ref="2996091174"/>
  <nd ref="2996088773"/>
  <nd ref="1517066750"/>
  <nd ref="2996090857"/>
  <nd ref="2996090861"/>
  <nd ref="2996090617"/>
  <nd ref="2996090867"/>
  <nd ref="2996090624"/>
  <nd ref="2996090627"/>
  <nd ref="2996090869"/>
  <nd ref="2996090630"/>
  <nd ref="2996087007"/>
  <nd ref="1517066761"/>
  <nd ref="1517066765"/>
  <nd ref="2107295291"/>
  <nd ref="1517066768"/>
  <nd ref="1517066769"/>
  <nd ref="1517066772"/>
  <nd ref="2107295328"/>
  <nd ref="1517066775"/>
  <nd ref="1517066778"/>
  <nd ref="1517066779"/>
  <nd ref="1517066781"/>
  <nd ref="1517066784"/>
  <nd ref="1517066783"/>
  <nd ref="14108495137"/>
  <nd ref="14121193645"/>
  <nd ref="1913875712"/>
  <nd ref="1518864600"/>
  <nd ref="14108495140"/>
  <nd ref="3320712265"/>
  <nd ref="471635826"/>
  <nd ref="3085315208"/>
  <nd ref="3085315209"/>
  <nd ref="3085315212"/>
  <nd ref="3085312910"/>
  <nd ref="3085318610"/>
  <nd ref="13396122072"/>
  <nd ref="3085312911"/>
  <nd ref="3085315213"/>
  <nd ref="3085320374"/>
  <nd ref="3085312912"/>
  <nd ref="3085316199"/>
  <nd ref="3085316202"/>
  <nd ref="3085316200"/>
  <nd ref="471635824"/>
  <nd ref="3085316204"/>
  <nd ref="3085316205"/>
  <nd ref="13396122073"/>
  <nd ref="3085316207"/>
  <nd ref="3085316206"/>
  <nd ref="3085316208"/>
  <nd ref="3085316209"/>
  <nd ref="3085316211"/>
  <nd ref="3085316210"/>
  <nd ref="3085316212"/>
  <nd ref="3085316213"/>
  <nd ref="3085316216"/>
  <nd ref="3085316214"/>
  <nd ref="3085316215"/>
  <nd ref="471635821"/>
  <nd ref="10046244129"/>
  <nd ref="10046244128"/>
  <nd ref="13396122077"/>
  <nd ref="471635820"/>
  <nd ref="13396122080"/>
  <nd ref="13396122081"/>
  <nd ref="13396122083"/>
  <nd ref="3085315215"/>
  <nd ref="3085312914"/>
  <nd ref="13396122082"/>
  <nd ref="3085312915"/>
  <nd ref="3085315216"/>
  <nd ref="3085316089"/>
  <nd ref="471635817"/>
  <nd ref="13396122078"/>
  <nd ref="471635814"/>
  <nd ref="3085316229"/>
  <nd ref="3085312918"/>
  <nd ref="2500851010"/>
  <nd ref="13396122079"/>
  <nd ref="3085312919"/>
  <nd ref="3085312920"/>
  <nd ref="3085315222"/>
  <nd ref="3085316234"/>
  <nd ref="471635811"/>
  <tag k="historic" v="square"/>
  <tag k="name" v="Rynek Główny"/>
  <tag k="name:be" v="Галоўны рынак"/>
  <tag k="name:de" v="Hauptmarkt"/>
  <tag k="name:en" v="Main Square"/>
  <tag k="name:es" v="Plaza del Mercado"/>
  <tag k="name:fa" v="میدان بازار"/>
  <tag k="name:hu" v="Főpiac tér (Rynek Główny)"/>
  <tag k="name:ko" v="리네크 글루프니"/>
  <tag k="name:pl" v="Rynek Główny"/>
  <tag k="name:ru" v="Главный Рынок"/>
  <tag k="name:tr" v="ana meydan"/>
  <tag k="name:uk" v="Площа Ринок"/>
  <tag k="name:zh" v="中央集市廣場"/>
  <tag k="place" v="square"/>
  <tag k="short_name" v="Rynek"/>
  <tag k="tourism" v="attraction"/>
  <tag k="wheelchair" v="yes"/>
  <tag k="wikidata" v="Q770631"/>
  <tag k="wikimedia_commons" v="Category:Old Town Market Square in Kraków"/>
  <tag k="wikipedia" v="pl:Rynek Główny w Krakowie"/>
 </way>
 <way id="201140562" visible="true" version="3" changeset="23250483" timestamp="2014-06-28T17:47:37Z" user="Mateusz Konieczny" uid="1722488">
  <nd ref="2110949779"/>
  <nd ref="2110949774"/>
  <nd ref="2110949761"/>
  <nd ref="2110949764"/>
  <nd ref="2110949779"/>
  <tag k="landuse" v="grass"/>
  <tag k="source" v="Bing, Knowledge"/>
 </way>
 <way id="201140563" visible="true" version="3" changeset="23250483" timestamp="2014-06-28T17:47:37Z" user="Mateusz Konieczny" uid="1722488">
  <nd ref="2110949843"/>
  <nd ref="2110949840"/>
  <nd ref="2110949827"/>
  <nd ref="2110949830"/>
  <nd ref="2110949843"/>
  <tag k="landuse" v="grass"/>
 </way>
 <way id="201140567" visible="true" version="3" changeset="23250483" timestamp="2014-06-28T17:47:37Z" user="Mateusz Konieczny" uid="1722488">
  <nd ref="2110949641"/>
  <nd ref="2110949632"/>
  <nd ref="2110949636"/>
  <nd ref="2110949650"/>
  <nd ref="2110949641"/>
  <tag k="landuse" v="grass"/>
  <tag k="source" v="Bing, Knowledge"/>
 </way>
 <way id="201140569" visible="true" version="3" changeset="23250483" timestamp="2014-06-28T17:47:37Z" user="Mateusz Konieczny" uid="1722488">
  <nd ref="2110949719"/>
  <nd ref="2110949699"/>
  <nd ref="2110949705"/>
  <nd ref="2110949723"/>
  <nd ref="2110949719"/>
  <tag k="landuse" v="grass"/>
  <tag k="source" v="Bing, Knowledge"/>
 </way>
 <way id="201140571" visible="true" version="3" changeset="23250483" timestamp="2014-06-28T17:47:37Z" user="Mateusz Konieczny" uid="1722488">
  <nd ref="2110949708"/>
  <nd ref="2110949702"/>
  <nd ref="2110949654"/>
  <nd ref="2110949689"/>
  <nd ref="2110949708"/>
  <tag k="landuse" v="grass"/>
  <tag k="source" v="Bing, Knowledge"/>
 </way>
 <way id="201140573" visible="true" version="3" changeset="23250483" timestamp="2014-06-28T17:47:37Z" user="Mateusz Konieczny" uid="1722488">
  <nd ref="2110949833"/>
  <nd ref="2110949829"/>
  <nd ref="2110949820"/>
  <nd ref="2110949822"/>
  <nd ref="2110949833"/>
  <tag k="landuse" v="grass"/>
  <tag k="source" v="Bing, Knowledge"/>
 </way>
 <way id="201140577" visible="true" version="3" changeset="23250483" timestamp="2014-06-28T17:47:37Z" user="Mateusz Konieczny" uid="1722488">
  <nd ref="2110949802"/>
  <nd ref="2110949796"/>
  <nd ref="2110949783"/>
  <nd ref="2110949787"/>
  <nd ref="2110949802"/>
  <tag k="landuse" v="grass"/>
  <tag k="source" v="Bing, Knowledge"/>
 </way>
 <way id="201140579" visible="true" version="3" changeset="23250483" timestamp="2014-06-28T17:47:37Z" user="Mateusz Konieczny" uid="1722488">
  <nd ref="2110949818"/>
  <nd ref="2110949815"/>
  <nd ref="2110949805"/>
  <nd ref="2110949809"/>
  <nd ref="2110949818"/>
  <tag k="landuse" v="grass"/>
  <tag k="source" v="Bing, Knowledge"/>
 </way>
 <way id="201140581" visible="true" version="3" changeset="23250483" timestamp="2014-06-28T17:47:37Z" user="Mateusz Konieczny" uid="1722488">
  <nd ref="2110949741"/>
  <nd ref="2110949755"/>
  <nd ref="2110949758"/>
  <nd ref="2110949748"/>
  <nd ref="2110949741"/>
  <tag k="landuse" v="grass"/>
  <tag k="source" v="Bing, Knowledge"/>
 </way>
 <way id="201140582" visible="true" version="3" changeset="23250483" timestamp="2014-06-28T17:47:36Z" user="Mateusz Konieczny" uid="1722488">
  <nd ref="2110949629"/>
  <nd ref="2110949627"/>
  <nd ref="2110949616"/>
  <nd ref="2110949619"/>
  <nd ref="2110949629"/>
  <tag k="landuse" v="grass"/>
  <tag k="source" v="Bing, Knowledge"/>
 </way>
 <way id="201140583" visible="true" version="5" changeset="23250483" timestamp="2014-06-28T17:47:37Z" user="Mateusz Konieczny" uid="1722488">
  <nd ref="2110949862"/>
  <nd ref="2110949857"/>
  <nd ref="2110949846"/>
  <nd ref="2110949849"/>
  <nd ref="2110949862"/>
  <tag k="landuse" v="grass"/>
  <tag k="source" v="Bing, Knowledge"/>
 </way>
 <way id="201140585" visible="true" version="3" changeset="23250483" timestamp="2014-06-28T17:47:37Z" user="Mateusz Konieczny" uid="1722488">
  <nd ref="2110949685"/>
  <nd ref="2110949647"/>
  <nd ref="2110949634"/>
  <nd ref="2110949640"/>
  <nd ref="2110949685"/>
  <tag k="landuse" v="grass"/>
  <tag k="source" v="Bing, Knowledge"/>
 </way>
 <way id="234875262" visible="true" version="44" changeset="187963544" timestamp="2026-08-24T23:16:41Z" user="Adam Haba" uid="12293030">
  <nd ref="1913862631"/>
  <nd ref="14121238346"/>
  <nd ref="14121238347"/>
  <nd ref="14121238348"/>
  <nd ref="1913862624"/>
  <nd ref="1913862646"/>
  <nd ref="1913862648"/>
  <nd ref="13660912665"/>
  <nd ref="11234451887"/>
  <nd ref="1913862668"/>
  <nd ref="1913862670"/>
  <nd ref="1913875698"/>
  <nd ref="1913862675"/>
  <nd ref="1913862676"/>
  <nd ref="1913862678"/>
  <tag k="bicycle" v="yes"/>
  <tag k="emergency" v="yes"/>
  <tag k="foot" v="yes"/>
  <tag k="highway" v="living_street"/>
  <tag k="horse" v="yes"/>
  <tag k="junction" v="roundabout"/>
  <tag k="lit" v="yes"/>
  <tag k="maxspeed" v="20"/>
  <tag k="motor_vehicle" v="permissive"/>
  <tag k="motor_vehicle:conditional" v="delivery @ (23:00-10:00); disabled @ (06:00-12:00,18:00-20:00)"/>
  <tag k="name" v="Rynek Główny"/>
  <tag k="name:be" v="Галоўны рынак"/>
  <tag k="name:de" v="Hauptmarkt"/>
  <tag k="name:en" v="Main Market Square"/>
  <tag k="name:pl" v="Rynek Główny"/>
  <tag k="name:ru" v="Рыночная площадь"/>
  <tag k="oneway:foot" v="no"/>
  <tag k="smoothness" v="excellent"/>
  <tag k="source:bicycle" v="sign"/>
  <tag k="source:maxspeed" v="PL:living_street"/>
  <tag k="surface" v="sett"/>
 </way>
 <way id="237397734" visible="true" version="15" changeset="171494184" timestamp="2025-09-05T11:44:03Z" user="Икчпук" uid="21130589">
  <nd ref="1913862673"/>
  <nd ref="2503559226"/>
  <tag k="highway" v="pedestrian"/>
  <tag k="lit" v="yes"/>
  <tag k="noname" v="yes"/>
  <tag k="smoothness" v="good"/>
  <tag k="surface" v="sett"/>
 </way>
 <way id="237397735" visible="true" version="9" changeset="116261758" timestamp="2022-01-17T16:27:21Z" user="Mateusz Konieczny" uid="1722488">
  <nd ref="2503383014"/>
  <nd ref="2503383010"/>
  <tag k="highway" v="footway"/>
  <tag k="lit" v="yes"/>
  <tag k="smoothness" v="excellent"/>
  <tag k="surface" v="paving_stones"/>
  <tag k="tunnel" v="building_passage"/>
  <tag k="width" v="4"/>
 </way>
 <way id="242568677" visible="true" version="4" changeset="18461101" timestamp="2013-10-20T23:15:47Z" user="Władysław Komorek" uid="693154">
  <nd ref="2500381543"/>
  <nd ref="2500381542"/>
  <nd ref="2500381539"/>
  <nd ref="2500381536"/>
  <nd ref="2500381534"/>
  <nd ref="2500381532"/>
  <nd ref="2500381533"/>
  <nd ref="2500381535"/>
  <nd ref="2500381538"/>
  <nd ref="2500381540"/>
  <nd ref="2500381541"/>
  <nd ref="2500381544"/>
  <nd ref="2500381550"/>
  <nd ref="2500381555"/>
  <nd ref="2500381558"/>
  <nd ref="2500381560"/>
  <nd ref="2500381562"/>
  <nd ref="2500381563"/>
  <nd ref="2500381561"/>
  <nd ref="2500381559"/>
  <nd ref="2500381556"/>
  <nd ref="2500381551"/>
  <nd ref="2500381545"/>
  <nd ref="2500381543"/>
  <tag k="building:colour" v="#b22222"/>
  <tag k="building:part" v="yes"/>
  <tag k="height" v="70"/>
  <tag k="min_height" v="50"/>
  <tag k="roof:height" v="20"/>
  <tag k="roof:material" v="copper"/>
  <tag k="roof:shape" v="pyramidal"/>
 </way>
 <way id="242568678" visible="true" version="5" changeset="127958666" timestamp="2022-10-23T13:58:38Z" user="ivanbranco" uid="11220113">
  <nd ref="2500381537"/>
  <nd ref="10123911832"/>
  <nd ref="2500381564"/>
  <nd ref="10123911831"/>
  <nd ref="2500381557"/>
  <nd ref="10123911834"/>
  <nd ref="2500381529"/>
  <nd ref="10123911833"/>
  <nd ref="2500381537"/>
  <tag k="building:colour" v="#B22222"/>
  <tag k="building:material" v="brick"/>
  <tag k="building:part" v="yes"/>
  <tag k="height" v="50"/>
  <tag k="min_height" v="40"/>
  <tag k="roof:height" v="2"/>
  <tag k="roof:material" v="copper"/>
  <tag k="roof:shape" v="hipped"/>
 </way>
 <way id="242574999" visible="true" version="10" changeset="145229896" timestamp="2023-12-17T21:30:44Z" user="Mateusz Konieczny" uid="1722488">
  <nd ref="2500433513"/>
  <nd ref="2500433507"/>
  <tag k="handrail" v="no"/>
  <tag k="highway" v="steps"/>
  <tag k="incline" v="up"/>
  <tag k="lit" v="yes"/>
  <tag k="material" v="stone"/>
  <tag k="ramp" v="no"/>
  <tag k="step.condition" v="even"/>
  <tag k="step_count" v="7"/>
  <tag k="surface" v="paving_stones"/>
  <tag k="tactile_paving" v="no"/>
  <tag k="width" v="2"/>
  <tag k="wikimedia_commons" v="File:A 9 wieża ratuszowa Kraków, Rynek Główny Rafał Peplinski 4.JPG"/>
 </way>
 <way id="242575000" visible="true" version="2" changeset="127958666" timestamp="2022-10-23T13:58:38Z" user="ivanbranco" uid="11220113">
  <nd ref="2500433511"/>
  <nd ref="2500433505"/>
  <nd ref="2500433506"/>
  <nd ref="2500433512"/>
  <nd ref="2500433511"/>
  <tag k="area" v="yes"/>
  <tag k="barrier" v="wall"/>
  <tag k="height" v="2"/>
  <tag k="wikimedia_commons" v="File:A 9 wieża ratuszowa Kraków, Rynek Główny Rafał Peplinski 4.JPG"/>
 </way>
 <way id="242575001" visible="true" version="2" changeset="127958666" timestamp="2022-10-23T13:58:38Z" user="ivanbranco" uid="11220113">
  <nd ref="2500433514"/>
  <nd ref="2500433509"/>
  <nd ref="2500433510"/>
  <nd ref="2500433515"/>
  <nd ref="2500433514"/>
  <tag k="area" v="yes"/>
  <tag k="barrier" v="wall"/>
  <tag k="height" v="2"/>
  <tag k="wikimedia_commons" v="File:A 9 wieża ratuszowa Kraków, Rynek Główny Rafał Peplinski 4.JPG"/>
 </way>
 <way id="242689692" visible="true" version="2" changeset="18464459" timestamp="2013-10-21T08:19:02Z" user="Władysław Komorek" uid="693154">
  <nd ref="2501461883"/>
  <nd ref="2501461880"/>
  <nd ref="2501461878"/>
  <nd ref="2501461877"/>
  <nd ref="2501461879"/>
  <nd ref="2501461881"/>
  <nd ref="2501461886"/>
  <nd ref="2501461888"/>
  <nd ref="2501461890"/>
  <nd ref="2501461892"/>
  <nd ref="2501461891"/>
  <nd ref="2501461889"/>
  <nd ref="2501461887"/>
  <nd ref="2501461883"/>
  <tag k="building:colour" v="#ffe4c4"/>
  <tag k="building:part" v="yes"/>
  <tag k="height" v="16"/>
  <tag k="roof:height" v="4"/>
  <tag k="roof:material" v="copper"/>
  <tag k="roof:shape" v="pyramidal"/>
 </way>
 <way id="242689693" visible="true" version="3" changeset="18464459" timestamp="2013-10-21T08:19:02Z" user="Władysław Komorek" uid="693154">
  <nd ref="2501461822"/>
  <nd ref="2501461816"/>
  <nd ref="2501461813"/>
  <nd ref="2501461812"/>
  <nd ref="2501461814"/>
  <nd ref="2501461815"/>
  <nd ref="2501461824"/>
  <nd ref="2501461833"/>
  <nd ref="2501461837"/>
  <nd ref="2501461839"/>
  <nd ref="2501461838"/>
  <nd ref="2501461834"/>
  <nd ref="2501461825"/>
  <nd ref="2501461822"/>
  <tag k="building:colour" v="#ffe4c4"/>
  <tag k="building:material" v="brick"/>
  <tag k="building:part" v="yes"/>
  <tag k="height" v="12"/>
  <tag k="min_height" v="10"/>
  <tag k="roof:height" v="2"/>
  <tag k="roof:material" v="copper"/>
  <tag k="roof:shape" v="dome"/>
 </way>
 <way id="242689694" visible="true" version="3" changeset="18464459" timestamp="2013-10-21T08:19:03Z" user="Władysław Komorek" uid="693154">
  <nd ref="2501461882"/>
  <nd ref="2501461876"/>
  <nd ref="2501461872"/>
  <nd ref="2501461871"/>
  <nd ref="2501461874"/>
  <nd ref="2501461875"/>
  <nd ref="2501461884"/>
  <nd ref="2501461893"/>
  <nd ref="2501461895"/>
  <nd ref="2501461897"/>
  <nd ref="2501461896"/>
  <nd ref="2501461894"/>
  <nd ref="2501461885"/>
  <nd ref="2501461882"/>
  <tag k="building:colour" v="#ffe4c4"/>
  <tag k="building:material" v="brick"/>
  <tag k="building:part" v="yes"/>
  <tag k="height" v="12"/>
  <tag k="min_height" v="10"/>
  <tag k="roof:height" v="2"/>
  <tag k="roof:material" v="copper"/>
  <tag k="roof:shape" v="dome"/>
 </way>
 <way id="242689695" visible="true" version="2" changeset="18464459" timestamp="2013-10-21T08:19:03Z" user="Władysław Komorek" uid="693154">
  <nd ref="2501461823"/>
  <nd ref="2501461820"/>
  <nd ref="2501461818"/>
  <nd ref="2501461817"/>
  <nd ref="2501461819"/>
  <nd ref="2501461821"/>
  <nd ref="2501461826"/>
  <nd ref="2501461828"/>
  <nd ref="2501461830"/>
  <nd ref="2501461832"/>
  <nd ref="2501461831"/>
  <nd ref="2501461829"/>
  <nd ref="2501461827"/>
  <nd ref="2501461823"/>
  <tag k="building:colour" v="#ffe4c4"/>
  <tag k="building:part" v="yes"/>
  <tag k="height" v="16"/>
  <tag k="roof:height" v="4"/>
  <tag k="roof:material" v="copper"/>
  <tag k="roof:shape" v="pyramidal"/>
 </way>
 <way id="242689697" visible="true" version="6" changeset="18498983" timestamp="2013-10-23T08:52:34Z" user="Władysław Komorek" uid="693154">
  <nd ref="2503367809"/>
  <nd ref="2505650813"/>
  <nd ref="2505650814"/>
  <nd ref="2503367810"/>
  <nd ref="2503559225"/>
  <nd ref="2503367809"/>
  <tag k="building:colour" v="#ffe4c4"/>
  <tag k="building:material" v="plaster"/>
  <tag k="building:part" v="yes"/>
  <tag k="height" v="20"/>
  <tag k="min_height" v="16"/>
  <tag k="roof:colour" v="copper"/>
  <tag k="roof:height" v="4"/>
  <tag k="roof:material" v="copper"/>
  <tag k="roof:orientation" v="across"/>
  <tag k="roof:shape" v="gabled"/>
 </way>
 <way id="242689698" visible="true" version="8" changeset="18480613" timestamp="2013-10-22T06:06:49Z" user="Władysław Komorek" uid="693154">
  <nd ref="2501461860"/>
  <nd ref="2501461861"/>
  <nd ref="2503559226"/>
  <nd ref="2501461863"/>
  <nd ref="2504501857"/>
  <nd ref="2501461860"/>
  <tag k="building:colour" v="#ffe4c4"/>
  <tag k="building:material" v="plaster"/>
  <tag k="building:part" v="yes"/>
  <tag k="height" v="20"/>
  <tag k="min_height" v="16"/>
  <tag k="roof:height" v="4"/>
  <tag k="roof:material" v="copper"/>
  <tag k="roof:orientation" v="across"/>
  <tag k="roof:shape" v="gabled"/>
 </way>
 <way id="242689699" visible="true" version="6" changeset="18486743" timestamp="2013-10-22T13:56:27Z" user="Władysław Komorek" uid="693154">
  <nd ref="2500850984"/>
  <nd ref="2500850986"/>
  <nd ref="2504980479"/>
  <nd ref="2501461840"/>
  <nd ref="2504780906"/>
  <nd ref="2501461835"/>
  <nd ref="2504780905"/>
  <nd ref="251678913"/>
  <nd ref="2500850984"/>
  <tag k="building:colour" v="#ffe4c4"/>
  <tag k="building:material" v="plaster"/>
  <tag k="building:part" v="yes"/>
  <tag k="height" v="11"/>
  <tag k="roof:height" v="1"/>
  <tag k="roof:material" v="copper"/>
  <tag k="roof:shape" v="hipped"/>
 </way>
 <way id="242689700" visible="true" version="5" changeset="18483301" timestamp="2013-10-22T09:56:47Z" user="Władysław Komorek" uid="693154">
  <nd ref="2500851002"/>
  <nd ref="251678914"/>
  <nd ref="2501461869"/>
  <nd ref="2504781145"/>
  <nd ref="2501461873"/>
  <nd ref="2500851001"/>
  <nd ref="2500851002"/>
  <tag k="building:colour" v="#ffe4c4"/>
  <tag k="building:material" v="plaster"/>
  <tag k="building:part" v="yes"/>
  <tag k="height" v="11"/>
  <tag k="roof:height" v="1"/>
  <tag k="roof:material" v="copper"/>
  <tag k="roof:shape" v="hipped"/>
 </way>
 <way id="242689701" visible="true" version="8" changeset="18505851" timestamp="2013-10-23T16:28:57Z" user="Władysław Komorek" uid="693154">
  <nd ref="2500850997"/>
  <nd ref="2503367810"/>
  <nd ref="2503559225"/>
  <nd ref="2503367809"/>
  <nd ref="2500850993"/>
  <nd ref="2500850995"/>
  <nd ref="2505650813"/>
  <nd ref="2505650814"/>
  <nd ref="2501461851"/>
  <nd ref="2500850999"/>
  <nd ref="2500850997"/>
  <tag k="building:colour" v="#ffe4c4"/>
  <tag k="building:material" v="plaster"/>
  <tag k="building:part" v="yes"/>
  <tag k="height" v="16"/>
  <tag k="min_height" v="12.4"/>
  <tag k="roof:colour" v="copper"/>
  <tag k="roof:material" v="copper"/>
  <tag k="roof:shape" v="flat"/>
 </way>
 <way id="242689702" visible="true" version="7" changeset="18480613" timestamp="2013-10-22T06:06:49Z" user="Władysław Komorek" uid="693154">
  <nd ref="2501461864"/>
  <nd ref="2504501857"/>
  <nd ref="2501461860"/>
  <nd ref="2501461858"/>
  <nd ref="2501461859"/>
  <nd ref="2501461861"/>
  <nd ref="2503559226"/>
  <nd ref="2501461863"/>
  <nd ref="2501461865"/>
  <nd ref="2501461864"/>
  <tag k="building:colour" v="#ffe4c4"/>
  <tag k="building:material" v="plaster"/>
  <tag k="building:part" v="yes"/>
  <tag k="height" v="16"/>
  <tag k="min_height" v="12.4"/>
  <tag k="roof:material" v="copper"/>
  <tag k="roof:shape" v="flat"/>
 </way>
 <way id="242852083" visible="true" version="8" changeset="145722688" timestamp="2023-12-31T08:10:41Z" user="Mateusz Konieczny" uid="1722488">
  <nd ref="2503007771"/>
  <nd ref="2503007765"/>
  <nd ref="2503007768"/>
  <nd ref="2503007774"/>
  <nd ref="2503007771"/>
  <tag k="man_made" v="money_box"/>
  <tag k="name" v="Skarbonka"/>
  <tag k="name:hu" v="Persely"/>
  <tag k="opening_hours" v="24/7"/>
  <tag k="tourism" v="attraction"/>
  <tag k="wheelchair" v="yes"/>
  <tag k="wikimedia_commons" v="File:Skarbonka.jpg"/>
 </way>
 <way id="242891899" visible="true" version="4" changeset="18483301" timestamp="2013-10-22T09:56:48Z" user="Władysław Komorek" uid="693154">
  <nd ref="2504781020"/>
  <nd ref="2504781019"/>
  <nd ref="2504781018"/>
  <nd ref="2501461847"/>
  <nd ref="2501461845"/>
  <nd ref="2501461846"/>
  <nd ref="2504781020"/>
  <tag k="building:colour" v="#ffe4c4"/>
  <tag k="building:material" v="plaster"/>
  <tag k="building:part" v="yes"/>
  <tag k="height" v="12.4"/>
  <tag k="min_height" v="6"/>
  <tag k="roof:material" v="copper"/>
  <tag k="roof:shape" v="flat"/>
 </way>
 <way id="242891901" visible="true" version="4" changeset="18480613" timestamp="2013-10-22T06:06:49Z" user="Władysław Komorek" uid="693154">
  <nd ref="2503367814"/>
  <nd ref="2503367826"/>
  <nd ref="2504486103"/>
  <nd ref="2501461870"/>
  <nd ref="2501461866"/>
  <nd ref="2504486094"/>
  <nd ref="2503367814"/>
  <tag k="building:colour" v="#ffe4c4"/>
  <tag k="building:material" v="plaster"/>
  <tag k="building:part" v="yes"/>
  <tag k="height" v="12.4"/>
  <tag k="roof:material" v="copper"/>
  <tag k="roof:shape" v="flat"/>
 </way>
 <way id="242891902" visible="true" version="2" changeset="18483301" timestamp="2013-10-22T09:56:48Z" user="Władysław Komorek" uid="693154">
  <nd ref="2501461857"/>
  <nd ref="2503367820"/>
  <nd ref="2503367821"/>
  <nd ref="2503367812"/>
  <nd ref="2501461854"/>
  <nd ref="2501461857"/>
  <tag k="building:colour" v="#ffe4c4"/>
  <tag k="building:part" v="yes"/>
  <tag k="height" v="12.4"/>
  <tag k="roof:material" v="copper"/>
  <tag k="roof:shape" v="flat"/>
 </way>
 <way id="242891904" visible="true" version="5" changeset="18480613" timestamp="2013-10-22T06:06:50Z" user="Władysław Komorek" uid="693154">
  <nd ref="2503367813"/>
  <nd ref="2503547422"/>
  <nd ref="2504486085"/>
  <nd ref="2501461843"/>
  <nd ref="2501461853"/>
  <nd ref="2504486090"/>
  <nd ref="2503367813"/>
  <tag k="building:colour" v="#ffe4c4"/>
  <tag k="building:material" v="plaster"/>
  <tag k="building:part" v="yes"/>
  <tag k="height" v="12.4"/>
  <tag k="roof:material" v="copper"/>
  <tag k="roof:shape" v="flat"/>
 </way>
 <way id="242891906" visible="true" version="4" changeset="115389704" timestamp="2021-12-26T15:07:41Z" user="Mateusz Konieczny" uid="1722488">
  <nd ref="2503367888"/>
  <nd ref="2503367880"/>
  <nd ref="2503367856"/>
  <nd ref="2503367848"/>
  <nd ref="2503367844"/>
  <nd ref="2503367842"/>
  <nd ref="2503367850"/>
  <nd ref="2503367862"/>
  <nd ref="2503367883"/>
  <nd ref="2503367886"/>
  <nd ref="2503367891"/>
  <nd ref="2503367892"/>
  <nd ref="2503367890"/>
  <nd ref="2503367888"/>
  <tag k="building:colour" v="#ffe4c4"/>
  <tag k="building:material" v="plaster"/>
  <tag k="building:part" v="yes"/>
  <tag k="height" v="12"/>
  <tag k="layer" v="2"/>
  <tag k="min_height" v="10"/>
  <tag k="roof:colour" v="copper"/>
  <tag k="roof:height" v="2"/>
  <tag k="roof:shape" v="dome"/>
 </way>
 <way id="242891910" visible="true" version="4" changeset="18505985" timestamp="2013-10-23T16:37:52Z" user="Władysław Komorek" uid="693154">
  <nd ref="2503367879"/>
  <nd ref="2503367872"/>
  <nd ref="2503367863"/>
  <nd ref="2503367858"/>
  <nd ref="2503367852"/>
  <nd ref="2503367854"/>
  <nd ref="2503367860"/>
  <nd ref="2503367865"/>
  <nd ref="2503367875"/>
  <nd ref="2503367877"/>
  <nd ref="2503367882"/>
  <nd ref="2503367885"/>
  <nd ref="2503367881"/>
  <nd ref="2503367879"/>
  <tag k="building:colour" v="#ffe4c4"/>
  <tag k="building:material" v="brick"/>
  <tag k="building:part" v="yes"/>
  <tag k="height" v="16"/>
  <tag k="min_height" v="12.4"/>
  <tag k="roof:height" v="4"/>
  <tag k="roof:material" v="copper"/>
  <tag k="roof:shape" v="pyramidal"/>
 </way>
 <way id="242891913" visible="true" version="10" changeset="120508841" timestamp="2022-05-03T17:16:54Z" user="ivanbranco" uid="11220113">
  <nd ref="2503367804"/>
  <nd ref="2503547420"/>
  <nd ref="2503547422"/>
  <nd ref="2503367813"/>
  <nd ref="2503367814"/>
  <nd ref="2503367826"/>
  <nd ref="2503367833"/>
  <nd ref="2503367837"/>
  <nd ref="2503383014"/>
  <nd ref="2503367835"/>
  <nd ref="2503367834"/>
  <nd ref="2503383012"/>
  <nd ref="2503367832"/>
  <nd ref="2503367824"/>
  <nd ref="2503367812"/>
  <nd ref="2503367811"/>
  <nd ref="2503547418"/>
  <nd ref="2503547415"/>
  <nd ref="2503367801"/>
  <nd ref="2503558047"/>
  <nd ref="2503367802"/>
  <nd ref="2503367803"/>
  <nd ref="2503558048"/>
  <nd ref="2503367804"/>
  <tag k="building:colour" v="#ffe4c4"/>
  <tag k="building:material" v="plaster"/>
  <tag k="building:part" v="yes"/>
  <tag k="height" v="12.4"/>
  <tag k="min_height" v="6"/>
  <tag k="roof:material" v="copper"/>
  <tag k="roof:shape" v="flat"/>
 </way>
 <way id="242891914" visible="true" version="3" changeset="18498848" timestamp="2013-10-23T08:43:27Z" user="Władysław Komorek" uid="693154">
  <nd ref="2503367832"/>
  <nd ref="2500851001"/>
  <nd ref="2501461873"/>
  <nd ref="2503367822"/>
  <nd ref="2503367825"/>
  <nd ref="2503367832"/>
  <tag k="building:colour" v="#ffe4c4"/>
  <tag k="building:material" v="plaster"/>
  <tag k="building:part" v="yes"/>
  <tag k="height" v="8"/>
  <tag k="roof:material" v="copper"/>
 </way>
 <way id="242891915" visible="true" version="7" changeset="18486743" timestamp="2013-10-22T13:56:28Z" user="Władysław Komorek" uid="693154">
  <nd ref="2503367826"/>
  <nd ref="2503367833"/>
  <nd ref="2504486109"/>
  <nd ref="2504486112"/>
  <nd ref="2503367839"/>
  <nd ref="2503558051"/>
  <nd ref="2501461900"/>
  <nd ref="2504980493"/>
  <nd ref="2504486103"/>
  <nd ref="2503367826"/>
  <tag k="building:colour" v="#ffe4c4"/>
  <tag k="building:material" v="plaster"/>
  <tag k="building:part" v="yes"/>
  <tag k="height" v="12.4"/>
  <tag k="min_height" v="6"/>
  <tag k="roof:material" v="copper"/>
 </way>
 <way id="242891916" visible="true" version="4" changeset="18480613" timestamp="2013-10-22T06:06:50Z" user="Władysław Komorek" uid="693154">
  <nd ref="2503367829"/>
  <nd ref="2503367827"/>
  <nd ref="2503367834"/>
  <nd ref="2503367835"/>
  <nd ref="2503367829"/>
  <tag k="building:colour" v="#ffe4c4"/>
  <tag k="building:part" v="yes"/>
  <tag k="height" v="6"/>
 </way>
 <way id="242891917" visible="true" version="5" changeset="18498943" timestamp="2013-10-23T08:48:54Z" user="Władysław Komorek" uid="693154">
  <nd ref="2504486102"/>
  <nd ref="2501461870"/>
  <nd ref="2501461866"/>
  <nd ref="2504980487"/>
  <nd ref="2504486099"/>
  <nd ref="2504486102"/>
  <tag k="building:colour" v="#ffe4c4"/>
  <tag k="building:material" v="plaster"/>
  <tag k="building:part" v="yes"/>
  <tag k="height" v="8"/>
  <tag k="min_height" v="6"/>
  <tag k="roof:material" v="tiles"/>
 </way>
 <way id="242891918" visible="true" version="5" changeset="18498983" timestamp="2013-10-23T08:52:35Z" user="Władysław Komorek" uid="693154">
  <nd ref="2503367811"/>
  <nd ref="2503367812"/>
  <nd ref="2501461854"/>
  <nd ref="2504781021"/>
  <nd ref="2505650814"/>
  <nd ref="2503367810"/>
  <nd ref="2503559225"/>
  <nd ref="2503367809"/>
  <nd ref="2505650813"/>
  <nd ref="2504781019"/>
  <nd ref="2504781020"/>
  <nd ref="2503367811"/>
  <tag k="building:colour" v="#ffe4c4"/>
  <tag k="building:material" v="plaster"/>
  <tag k="building:part" v="yes"/>
  <tag k="height" v="12.4"/>
  <tag k="min_height" v="6"/>
  <tag k="roof:material" v="copper"/>
 </way>
 <way id="242891919" visible="true" version="3" changeset="18498848" timestamp="2013-10-23T08:43:27Z" user="Władysław Komorek" uid="693154">
  <nd ref="2503367825"/>
  <nd ref="2503367822"/>
  <nd ref="2505644085"/>
  <nd ref="2503367820"/>
  <nd ref="2503367821"/>
  <nd ref="2503367825"/>
  <tag k="building:colour" v="#ffe4c4"/>
  <tag k="building:material" v="plaster"/>
  <tag k="building:part" v="yes"/>
  <tag k="height" v="12.4"/>
  <tag k="min_height" v="6"/>
  <tag k="roof:material" v="copper"/>
 </way>
 <way id="242891920" visible="true" version="5" changeset="18505985" timestamp="2013-10-23T16:37:52Z" user="Władysław Komorek" uid="693154">
  <nd ref="2504486089"/>
  <nd ref="2501461853"/>
  <nd ref="2501461843"/>
  <nd ref="2504486088"/>
  <nd ref="2504486089"/>
  <tag k="building:colour" v="#ffe4c4"/>
  <tag k="building:material" v="plaster"/>
  <tag k="building:part" v="yes"/>
  <tag k="height" v="8"/>
  <tag k="min_height" v="6"/>
  <tag k="roof:material" v="concrete"/>
 </way>
 <way id="242891921" visible="true" version="4" changeset="18480613" timestamp="2013-10-22T06:06:50Z" user="Władysław Komorek" uid="693154">
  <nd ref="2503367807"/>
  <nd ref="2503367805"/>
  <nd ref="2503367802"/>
  <nd ref="2503367803"/>
  <nd ref="2503367807"/>
  <tag k="building:colour" v="#ffe4c4"/>
  <tag k="building:material" v="plaster"/>
  <tag k="building:part" v="yes"/>
  <tag k="height" v="6"/>
 </way>
 <way id="242891922" visible="true" version="3" changeset="18464459" timestamp="2013-10-21T08:19:06Z" user="Władysław Komorek" uid="693154">
  <nd ref="2503367893"/>
  <nd ref="2503367896"/>
  <nd ref="2503367846"/>
  <nd ref="2503367841"/>
  <nd ref="2503367887"/>
  <nd ref="2503367893"/>
  <tag k="building:colour" v="#ffe4c4"/>
  <tag k="building:material" v="plaster"/>
  <tag k="building:part" v="yes"/>
  <tag k="height" v="11"/>
  <tag k="min_height" v="6"/>
  <tag k="roof:height" v="2"/>
  <tag k="roof:material" v="copper"/>
  <tag k="roof:shape" v="hipped"/>
 </way>
 <way id="242891923" visible="true" version="6" changeset="18498848" timestamp="2013-10-23T08:43:28Z" user="Władysław Komorek" uid="693154">
  <nd ref="2503367822"/>
  <nd ref="2505644085"/>
  <nd ref="2503367820"/>
  <nd ref="2504781144"/>
  <nd ref="2503367819"/>
  <nd ref="2503558050"/>
  <nd ref="2501461869"/>
  <nd ref="2504781145"/>
  <nd ref="2501461873"/>
  <nd ref="2503367822"/>
  <tag k="building:colour" v="#ffe4c4"/>
  <tag k="building:material" v="plaster"/>
  <tag k="building:part" v="yes"/>
  <tag k="height" v="8"/>
  <tag k="min_height" v="6"/>
  <tag k="roof:material" v="concrete"/>
  <tag k="roof:shape" v="flat"/>
 </way>
 <way id="242891924" visible="true" version="5" changeset="18505851" timestamp="2013-10-23T16:28:58Z" user="Władysław Komorek" uid="693154">
  <nd ref="2503367819"/>
  <nd ref="2504781144"/>
  <nd ref="2503367820"/>
  <nd ref="2501461857"/>
  <nd ref="2504781042"/>
  <nd ref="2504781023"/>
  <nd ref="2504781022"/>
  <nd ref="2500850999"/>
  <nd ref="2503367819"/>
  <tag k="building:colour" v="#ffe4c4"/>
  <tag k="building:material" v="plaster"/>
  <tag k="building:part" v="yes"/>
  <tag k="height" v="8"/>
  <tag k="min_height" v="6"/>
  <tag k="roof:material" v="concrete"/>
 </way>
 <way id="242891925" visible="true" version="3" changeset="18478437" timestamp="2013-10-21T23:01:04Z" user="Władysław Komorek" uid="693154">
  <nd ref="2504486109"/>
  <nd ref="2504486115"/>
  <nd ref="2503367837"/>
  <nd ref="2503367833"/>
  <nd ref="2504486109"/>
  <tag k="building:colour" v="#ffe4c4"/>
  <tag k="building:material" v="plaster"/>
  <tag k="building:part" v="yes"/>
  <tag k="height" v="12.4"/>
  <tag k="roof:material" v="copper"/>
 </way>
 <way id="242891926" visible="true" version="6" changeset="18480613" timestamp="2013-10-22T06:06:50Z" user="Władysław Komorek" uid="693154">
  <nd ref="2503367813"/>
  <nd ref="2503367814"/>
  <nd ref="2504486094"/>
  <nd ref="2504501857"/>
  <nd ref="2501461863"/>
  <nd ref="2503559226"/>
  <nd ref="2501461861"/>
  <nd ref="2501461860"/>
  <nd ref="2504486090"/>
  <nd ref="2503367813"/>
  <tag k="building:colour" v="#ffe4c4"/>
  <tag k="building:material" v="plaster"/>
  <tag k="building:part" v="yes"/>
  <tag k="height" v="12.4"/>
  <tag k="min_height" v="6"/>
  <tag k="roof:material" v="copper"/>
 </way>
 <way id="242891927" visible="true" version="6" changeset="34679020" timestamp="2015-10-16T16:52:15Z" user="Wojciech Noworolski" uid="3314480">
  <nd ref="2500850995"/>
  <nd ref="2504781018"/>
  <nd ref="2501461847"/>
  <nd ref="2501461845"/>
  <nd ref="2501461846"/>
  <nd ref="2503547416"/>
  <nd ref="2503547413"/>
  <nd ref="3789294274"/>
  <nd ref="2500850995"/>
  <tag k="building:colour" v="#ffe4c4"/>
  <tag k="building:material" v="plaster"/>
  <tag k="building:part" v="yes"/>
  <tag k="height" v="8"/>
  <tag k="min_height" v="6"/>
  <tag k="roof:material" v="concrete"/>
 </way>
 <way id="242893315" visible="true" version="8" changeset="147361023" timestamp="2024-02-12T10:47:30Z" user="osmenjoyer62905" uid="20099745">
  <nd ref="2503558051"/>
  <nd ref="2503383010"/>
  <nd ref="2503380052"/>
  <nd ref="2503383007"/>
  <nd ref="2503558050"/>
  <tag k="highway" v="footway"/>
  <tag k="lit" v="yes"/>
  <tag k="smoothness" v="excellent"/>
  <tag k="surface" v="paving_stones"/>
  <tag k="tunnel" v="building_passage"/>
  <tag k="width" v="4"/>
 </way>
 <way id="242893514" visible="true" version="6" changeset="116261758" timestamp="2022-01-17T16:27:22Z" user="Mateusz Konieczny" uid="1722488">
  <nd ref="2503383012"/>
  <nd ref="2503383007"/>
  <tag k="highway" v="footway"/>
  <tag k="lit" v="yes"/>
  <tag k="smoothness" v="excellent"/>
  <tag k="surface" v="paving_stones"/>
  <tag k="tunnel" v="building_passage"/>
  <tag k="width" v="4"/>
 </way>
 <way id="242893515" visible="true" version="6" changeset="116261758" timestamp="2022-01-17T16:24:48Z" user="Mateusz Konieczny" uid="1722488">
  <nd ref="2503380052"/>
  <nd ref="2453051867"/>
  <nd ref="2503547419"/>
  <tag k="highway" v="footway"/>
  <tag k="lit" v="yes"/>
  <tag k="smoothness" v="excellent"/>
  <tag k="surface" v="paving_stones"/>
  <tag k="tunnel" v="building_passage"/>
  <tag k="width" v="4"/>
 </way>
 <way id="242910596" visible="true" version="7" changeset="164345828" timestamp="2025-03-31T19:27:13Z" user="U42" uid="12752888">
  <nd ref="2503547421"/>
  <nd ref="2503558048"/>
  <tag k="check_date:surface" v="2024-08-23"/>
  <tag k="highway" v="footway"/>
  <tag k="lit" v="yes"/>
  <tag k="smoothness" v="excellent"/>
  <tag k="surface" v="paving_stones"/>
  <tag k="tunnel" v="building_passage"/>
  <tag k="width" v="4"/>
 </way>
 <way id="242910597" visible="true" version="7" changeset="164345828" timestamp="2025-03-31T19:27:14Z" user="U42" uid="12752888">
  <nd ref="2503547417"/>
  <nd ref="2503558047"/>
  <tag k="check_date:surface" v="2024-08-23"/>
  <tag k="highway" v="footway"/>
  <tag k="lit" v="yes"/>
  <tag k="smoothness" v="excellent"/>
  <tag k="surface" v="paving_stones"/>
  <tag k="tunnel" v="building_passage"/>
  <tag k="width" v="4"/>
 </way>
 <way id="242910598" visible="true" version="7" changeset="164345828" timestamp="2025-03-31T19:27:14Z" user="U42" uid="12752888">
  <nd ref="2503558049"/>
  <nd ref="2503547421"/>
  <nd ref="2503547419"/>
  <nd ref="2503547417"/>
  <nd ref="2503558046"/>
  <tag k="check_date:surface" v="2024-08-23"/>
  <tag k="highway" v="footway"/>
  <tag k="lit" v="yes"/>
  <tag k="smoothness" v="excellent"/>
  <tag k="surface" v="paving_stones"/>
  <tag k="tunnel" v="building_passage"/>
  <tag k="width" v="4"/>
 </way>
 <way id="242910599" visible="true" version="2" changeset="18464459" timestamp="2013-10-21T08:19:07Z" user="Władysław Komorek" uid="693154">
  <nd ref="2503547418"/>
  <nd ref="2503547416"/>
  <nd ref="2503547411"/>
  <nd ref="2503547415"/>
  <nd ref="2503547418"/>
  <tag k="building:colour" v="#ffe4c4"/>
  <tag k="building:material" v="plaster"/>
  <tag k="building:part" v="yes"/>
  <tag k="height" v="12.4"/>
  <tag k="min_height" v="6"/>
  <tag k="roof:material" v="copper"/>
 </way>
 <way id="242910600" visible="true" version="3" changeset="18486743" timestamp="2013-10-22T13:56:28Z" user="Władysław Komorek" uid="693154">
  <nd ref="2501461836"/>
  <nd ref="2504980481"/>
  <nd ref="2503547411"/>
  <nd ref="2503547415"/>
  <nd ref="2503367801"/>
  <nd ref="2501461836"/>
  <tag k="building:colour" v="#ffe4c4"/>
  <tag k="building:material" v="plaster"/>
  <tag k="building:part" v="yes"/>
  <tag k="height" v="12.4"/>
  <tag k="roof:material" v="copper"/>
  <tag k="roof:shape" v="flat"/>
 </way>
 <way id="242910601" visible="true" version="4" changeset="18505851" timestamp="2013-10-23T16:28:58Z" user="Władysław Komorek" uid="693154">
  <nd ref="2503547416"/>
  <nd ref="2503547411"/>
  <nd ref="2506148258"/>
  <nd ref="2503547409"/>
  <nd ref="2503558046"/>
  <nd ref="2503547413"/>
  <nd ref="2506148259"/>
  <nd ref="2503547416"/>
  <tag k="building:colour" v="#ffe4c4"/>
  <tag k="building:material" v="plaster"/>
  <tag k="building:part" v="yes"/>
  <tag k="height" v="8"/>
  <tag k="min_height" v="6"/>
  <tag k="roof:material" v="copper"/>
  <tag k="roof:shape" v="flat"/>
 </way>
 <way id="242910602" visible="true" version="7" changeset="18486743" timestamp="2013-10-22T13:56:28Z" user="Władysław Komorek" uid="693154">
  <nd ref="2503547420"/>
  <nd ref="2503547422"/>
  <nd ref="2504486085"/>
  <nd ref="2504980482"/>
  <nd ref="2503547425"/>
  <nd ref="2503558049"/>
  <nd ref="2503547423"/>
  <nd ref="2504486083"/>
  <nd ref="2504486080"/>
  <nd ref="2503547420"/>
  <tag k="building:colour" v="#ffe4c4"/>
  <tag k="building:material" v="plaster"/>
  <tag k="building:part" v="yes"/>
  <tag k="height" v="12.4"/>
  <tag k="min_height" v="6"/>
  <tag k="roof:material" v="copper"/>
  <tag k="roof:shape" v="flat"/>
 </way>
 <way id="242910603" visible="true" version="4" changeset="18480613" timestamp="2013-10-22T06:06:50Z" user="Władysław Komorek" uid="693154">
  <nd ref="2504486080"/>
  <nd ref="2500850991"/>
  <nd ref="2500850988"/>
  <nd ref="2503367804"/>
  <nd ref="2503547420"/>
  <nd ref="2504486080"/>
  <tag k="building:colour" v="#ffe4c4"/>
  <tag k="building:material" v="plaster"/>
  <tag k="building:part" v="yes"/>
  <tag k="height" v="12.4"/>
  <tag k="roof:material" v="copper"/>
  <tag k="roof:shape" v="flat"/>
 </way>
 <way id="242910604" visible="true" version="4" changeset="18486743" timestamp="2013-10-22T13:56:28Z" user="Władysław Komorek" uid="693154">
  <nd ref="2501461836"/>
  <nd ref="2500850986"/>
  <nd ref="2504980479"/>
  <nd ref="2501461840"/>
  <nd ref="2504780906"/>
  <nd ref="2501461835"/>
  <nd ref="2503547409"/>
  <nd ref="2503547411"/>
  <nd ref="2504980481"/>
  <nd ref="2501461836"/>
  <tag k="building:colour" v="#ffe4c4"/>
  <tag k="building:material" v="plaster"/>
  <tag k="building:part" v="yes"/>
  <tag k="height" v="8"/>
  <tag k="roof:material" v="copper"/>
 </way>
 <way id="243008884" visible="true" version="7" changeset="18523402" timestamp="2013-10-24T17:23:38Z" user="Władysław Komorek" uid="693154">
  <nd ref="2504486088"/>
  <nd ref="2501461843"/>
  <nd ref="2504486085"/>
  <nd ref="2504980482"/>
  <nd ref="2503547425"/>
  <nd ref="2504486088"/>
  <tag k="building:colour" v="#ffe4c4"/>
  <tag k="building:material" v="plaster"/>
  <tag k="building:part" v="yes"/>
  <tag k="height" v="12.4"/>
  <tag k="min_height" v="6"/>
  <tag k="roof:material" v="copper"/>
 </way>
 <way id="243008885" visible="true" version="5" changeset="18498943" timestamp="2013-10-23T08:48:54Z" user="Władysław Komorek" uid="693154">
  <nd ref="2501461900"/>
  <nd ref="2504980493"/>
  <nd ref="2504486103"/>
  <nd ref="2501461870"/>
  <nd ref="2504486102"/>
  <nd ref="2501461900"/>
  <tag k="building:colour" v="#ffe4c4"/>
  <tag k="building:material" v="plaster"/>
  <tag k="building:part" v="yes"/>
  <tag k="height" v="8"/>
  <tag k="min_height" v="6"/>
  <tag k="roof:material" v="tiles"/>
 </way>
 <way id="243008886" visible="true" version="3" changeset="18486743" timestamp="2013-10-22T13:56:29Z" user="Władysław Komorek" uid="693154">
  <nd ref="2504486077"/>
  <nd ref="2504486083"/>
  <nd ref="2504486080"/>
  <nd ref="2500850991"/>
  <nd ref="2504486077"/>
  <tag k="building:colour" v="#ffe4c4"/>
  <tag k="building:material" v="plaster"/>
  <tag k="building:part" v="yes"/>
  <tag k="height" v="12.4"/>
  <tag k="min_height" v="6"/>
  <tag k="roof:material" v="copper"/>
 </way>
 <way id="243008888" visible="true" version="5" changeset="18532112" timestamp="2013-10-25T08:59:46Z" user="Władysław Komorek" uid="693154">
  <nd ref="2504486089"/>
  <nd ref="2501461853"/>
  <nd ref="2504486090"/>
  <nd ref="2501461861"/>
  <nd ref="2501461859"/>
  <nd ref="2504486089"/>
  <tag k="building:colour" v="#ffe4c4"/>
  <tag k="building:material" v="plaster"/>
  <tag k="building:part" v="yes"/>
  <tag k="height" v="12.4"/>
  <tag k="min_height" v="6"/>
  <tag k="roof:material" v="copper"/>
 </way>
 <way id="243008889" visible="true" version="4" changeset="18486743" timestamp="2013-10-22T13:56:29Z" user="Władysław Komorek" uid="693154">
  <nd ref="2504486099"/>
  <nd ref="2504980487"/>
  <nd ref="2501461866"/>
  <nd ref="2504486094"/>
  <nd ref="2504501857"/>
  <nd ref="2501461863"/>
  <nd ref="2504486099"/>
  <tag k="building:colour" v="#ffe4c4"/>
  <tag k="building:material" v="plaster"/>
  <tag k="building:part" v="yes"/>
  <tag k="height" v="12.4"/>
  <tag k="min_height" v="6"/>
  <tag k="roof:material" v="copper"/>
 </way>
 <way id="243008891" visible="true" version="2" changeset="18480613" timestamp="2013-10-22T06:06:51Z" user="Władysław Komorek" uid="693154">
  <nd ref="2504486112"/>
  <nd ref="2504486109"/>
  <nd ref="2504486115"/>
  <nd ref="2500851006"/>
  <nd ref="2504486112"/>
  <tag k="building:colour" v="#ffe4c4"/>
  <tag k="building:material" v="plaster"/>
  <tag k="building:part" v="yes"/>
  <tag k="height" v="12.4"/>
  <tag k="min_height" v="6"/>
  <tag k="roof:material" v="copper"/>
 </way>
 <way id="243008893" visible="true" version="2" changeset="18480613" timestamp="2013-10-22T06:06:51Z" user="Władysław Komorek" uid="693154">
  <nd ref="2503547423"/>
  <nd ref="2504486083"/>
  <nd ref="2504486077"/>
  <nd ref="251678912"/>
  <nd ref="2503547423"/>
  <tag k="building:colour" v="#ffe4c4"/>
  <tag k="building:material" v="plaster"/>
  <tag k="building:part" v="yes"/>
  <tag k="height" v="12.4"/>
  <tag k="roof:material" v="copper"/>
  <tag k="roof:shape" v="flat"/>
 </way>
 <way id="243008894" visible="true" version="3" changeset="18505985" timestamp="2013-10-23T16:37:53Z" user="Władysław Komorek" uid="693154">
  <nd ref="2500851004"/>
  <nd ref="2503367839"/>
  <nd ref="2504486112"/>
  <nd ref="2500851006"/>
  <nd ref="2500851004"/>
  <tag k="building:colour" v="#ffe4c4"/>
  <tag k="building:material" v="plaster"/>
  <tag k="building:part" v="yes"/>
  <tag k="height" v="12.4"/>
  <tag k="roof:material" v="copper"/>
 </way>
 <way id="243010761" visible="true" version="1" changeset="18478739" timestamp="2013-10-21T23:49:45Z" user="Władysław Komorek" uid="693154">
  <nd ref="2504501819"/>
  <nd ref="2504501817"/>
  <nd ref="2504501816"/>
  <nd ref="2504501815"/>
  <nd ref="2504501818"/>
  <nd ref="2504501820"/>
  <nd ref="2504501822"/>
  <nd ref="2504501823"/>
  <nd ref="2504501826"/>
  <nd ref="2504501827"/>
  <nd ref="2504501825"/>
  <nd ref="2504501824"/>
  <nd ref="2504501821"/>
  <nd ref="2504501819"/>
  <tag k="building:colour" v="#ffe4e1"/>
  <tag k="building:material" v="plaster"/>
  <tag k="building:part" v="yes"/>
  <tag k="height" v="6"/>
 </way>
 <way id="243010762" visible="true" version="1" changeset="18478739" timestamp="2013-10-21T23:49:45Z" user="Władysław Komorek" uid="693154">
  <nd ref="2504501927"/>
  <nd ref="2504501925"/>
  <nd ref="2504501924"/>
  <nd ref="2504501923"/>
  <nd ref="2504501926"/>
  <nd ref="2504501928"/>
  <nd ref="2504501930"/>
  <nd ref="2504501931"/>
  <nd ref="2504501934"/>
  <nd ref="2504501935"/>
  <nd ref="2504501933"/>
  <nd ref="2504501932"/>
  <nd ref="2504501929"/>
  <nd ref="2504501927"/>
  <tag k="building:colour" v="#ffe4e1"/>
  <tag k="building:material" v="plaster"/>
  <tag k="building:part" v="yes"/>
  <tag k="height" v="6"/>
 </way>
 <way id="243010763" visible="true" version="1" changeset="18478739" timestamp="2013-10-21T23:49:45Z" user="Władysław Komorek" uid="693154">
  <nd ref="2504501845"/>
  <nd ref="2504501843"/>
  <nd ref="2504501842"/>
  <nd ref="2504501841"/>
  <nd ref="2504501844"/>
  <nd ref="2504501847"/>
  <nd ref="2504501849"/>
  <nd ref="2504501851"/>
  <nd ref="2504501854"/>
  <nd ref="2504501855"/>
  <nd ref="2504501853"/>
  <nd ref="2504501852"/>
  <nd ref="2504501848"/>
  <nd ref="2504501845"/>
  <tag k="building:colour" v="#ffe4e1"/>
  <tag k="building:material" v="plaster"/>
  <tag k="building:part" v="yes"/>
  <tag k="height" v="6"/>
 </way>
 <way id="243010764" visible="true" version="1" changeset="18478739" timestamp="2013-10-21T23:49:45Z" user="Władysław Komorek" uid="693154">
  <nd ref="2504501953"/>
  <nd ref="2504501951"/>
  <nd ref="2504501950"/>
  <nd ref="2504501949"/>
  <nd ref="2504501952"/>
  <nd ref="2504501954"/>
  <nd ref="2504501956"/>
  <nd ref="2504501957"/>
  <nd ref="2504501960"/>
  <nd ref="2504501961"/>
  <nd ref="2504501959"/>
  <nd ref="2504501958"/>
  <nd ref="2504501955"/>
  <nd ref="2504501953"/>
  <tag k="building:colour" v="#ffe4e1"/>
  <tag k="building:material" v="plaster"/>
  <tag k="building:part" v="yes"/>
  <tag k="height" v="6"/>
 </way>
 <way id="243010765" visible="true" version="1" changeset="18478739" timestamp="2013-10-21T23:49:45Z" user="Władysław Komorek" uid="693154">
  <nd ref="2504501940"/>
  <nd ref="2504501938"/>
  <nd ref="2504501937"/>
  <nd ref="2504501936"/>
  <nd ref="2504501939"/>
  <nd ref="2504501941"/>
  <nd ref="2504501943"/>
  <nd ref="2504501944"/>
  <nd ref="2504501947"/>
  <nd ref="2504501948"/>
  <nd ref="2504501946"/>
  <nd ref="2504501945"/>
  <nd ref="2504501942"/>
  <nd ref="2504501940"/>
  <tag k="building:colour" v="#ffe4e1"/>
  <tag k="building:material" v="plaster"/>
  <tag k="building:part" v="yes"/>
  <tag k="height" v="6"/>
 </way>
 <way id="243010766" visible="true" version="1" changeset="18478739" timestamp="2013-10-21T23:49:45Z" user="Władysław Komorek" uid="693154">
  <nd ref="2504501966"/>
  <nd ref="2504501964"/>
  <nd ref="2504501963"/>
  <nd ref="2504501962"/>
  <nd ref="2504501965"/>
  <nd ref="2504501967"/>
  <nd ref="2504501969"/>
  <nd ref="2504501970"/>
  <nd ref="2504501973"/>
  <nd ref="2504501974"/>
  <nd ref="2504501972"/>
  <nd ref="2504501971"/>
  <nd ref="2504501968"/>
  <nd ref="2504501966"/>
  <tag k="building:colour" v="#ffe4e1"/>
  <tag k="building:material" v="plaster"/>
  <tag k="building:part" v="yes"/>
  <tag k="height" v="6"/>
 </way>
 <way id="243010767" visible="true" version="1" changeset="18478739" timestamp="2013-10-21T23:49:45Z" user="Władysław Komorek" uid="693154">
  <nd ref="2504501793"/>
  <nd ref="2504501791"/>
  <nd ref="2504501790"/>
  <nd ref="2504501789"/>
  <nd ref="2504501792"/>
  <nd ref="2504501794"/>
  <nd ref="2504501796"/>
  <nd ref="2504501797"/>
  <nd ref="2504501800"/>
  <nd ref="2504501801"/>
  <nd ref="2504501799"/>
  <nd ref="2504501798"/>
  <nd ref="2504501795"/>
  <nd ref="2504501793"/>
  <tag k="building:colour" v="#ffe4e1"/>
  <tag k="building:material" v="plaster"/>
  <tag k="building:part" v="yes"/>
  <tag k="height" v="6"/>
 </way>
 <way id="243010768" visible="true" version="1" changeset="18478739" timestamp="2013-10-21T23:49:46Z" user="Władysław Komorek" uid="693154">
  <nd ref="2504501806"/>
  <nd ref="2504501804"/>
  <nd ref="2504501803"/>
  <nd ref="2504501802"/>
  <nd ref="2504501805"/>
  <nd ref="2504501807"/>
  <nd ref="2504501809"/>
  <nd ref="2504501810"/>
  <nd ref="2504501813"/>
  <nd ref="2504501814"/>
  <nd ref="2504501812"/>
  <nd ref="2504501811"/>
  <nd ref="2504501808"/>
  <nd ref="2504501806"/>
  <tag k="building:colour" v="#ffe4e1"/>
  <tag k="building:material" v="plaster"/>
  <tag k="building:part" v="yes"/>
  <tag k="height" v="6"/>
 </way>
 <way id="243010769" visible="true" version="1" changeset="18478739" timestamp="2013-10-21T23:49:46Z" user="Władysław Komorek" uid="693154">
  <nd ref="2504501862"/>
  <nd ref="2504501860"/>
  <nd ref="2504501859"/>
  <nd ref="2504501858"/>
  <nd ref="2504501861"/>
  <nd ref="2504501863"/>
  <nd ref="2504501865"/>
  <nd ref="2504501866"/>
  <nd ref="2504501869"/>
  <nd ref="2504501870"/>
  <nd ref="2504501868"/>
  <nd ref="2504501867"/>
  <nd ref="2504501864"/>
  <nd ref="2504501862"/>
  <tag k="building:colour" v="#ffe4e1"/>
  <tag k="building:material" v="plaster"/>
  <tag k="building:part" v="yes"/>
  <tag k="height" v="6"/>
 </way>
 <way id="243010770" visible="true" version="1" changeset="18478739" timestamp="2013-10-21T23:49:46Z" user="Władysław Komorek" uid="693154">
  <nd ref="2504501832"/>
  <nd ref="2504501830"/>
  <nd ref="2504501829"/>
  <nd ref="2504501828"/>
  <nd ref="2504501831"/>
  <nd ref="2504501833"/>
  <nd ref="2504501835"/>
  <nd ref="2504501836"/>
  <nd ref="2504501839"/>
  <nd ref="2504501840"/>
  <nd ref="2504501838"/>
  <nd ref="2504501837"/>
  <nd ref="2504501834"/>
  <nd ref="2504501832"/>
  <tag k="building:colour" v="#ffe4e1"/>
  <tag k="building:material" v="plaster"/>
  <tag k="building:part" v="yes"/>
  <tag k="height" v="6"/>
 </way>
 <way id="243010771" visible="true" version="1" changeset="18478739" timestamp="2013-10-21T23:49:46Z" user="Władysław Komorek" uid="693154">
  <nd ref="2504501767"/>
  <nd ref="2504501765"/>
  <nd ref="2504501764"/>
  <nd ref="2504501763"/>
  <nd ref="2504501766"/>
  <nd ref="2504501768"/>
  <nd ref="2504501770"/>
  <nd ref="2504501771"/>
  <nd ref="2504501774"/>
  <nd ref="2504501775"/>
  <nd ref="2504501773"/>
  <nd ref="2504501772"/>
  <nd ref="2504501769"/>
  <nd ref="2504501767"/>
  <tag k="building:colour" v="#ffe4e1"/>
  <tag k="building:material" v="plaster"/>
  <tag k="building:part" v="yes"/>
  <tag k="height" v="6"/>
 </way>
 <way id="243010772" visible="true" version="1" changeset="18478739" timestamp="2013-10-21T23:49:46Z" user="Władysław Komorek" uid="693154">
  <nd ref="2504501901"/>
  <nd ref="2504501899"/>
  <nd ref="2504501898"/>
  <nd ref="2504501897"/>
  <nd ref="2504501900"/>
  <nd ref="2504501902"/>
  <nd ref="2504501904"/>
  <nd ref="2504501905"/>
  <nd ref="2504501908"/>
  <nd ref="2504501909"/>
  <nd ref="2504501907"/>
  <nd ref="2504501906"/>
  <nd ref="2504501903"/>
  <nd ref="2504501901"/>
  <tag k="building:colour" v="#ffe4e1"/>
  <tag k="building:material" v="plaster"/>
  <tag k="building:part" v="yes"/>
  <tag k="height" v="6"/>
 </way>
 <way id="243010773" visible="true" version="1" changeset="18478739" timestamp="2013-10-21T23:49:46Z" user="Władysław Komorek" uid="693154">
  <nd ref="2504501914"/>
  <nd ref="2504501912"/>
  <nd ref="2504501911"/>
  <nd ref="2504501910"/>
  <nd ref="2504501913"/>
  <nd ref="2504501915"/>
  <nd ref="2504501917"/>
  <nd ref="2504501918"/>
  <nd ref="2504501921"/>
  <nd ref="2504501922"/>
  <nd ref="2504501920"/>
  <nd ref="2504501919"/>
  <nd ref="2504501916"/>
  <nd ref="2504501914"/>
  <tag k="building:colour" v="#ffe4e1"/>
  <tag k="building:material" v="plaster"/>
  <tag k="building:part" v="yes"/>
  <tag k="height" v="6"/>
 </way>
 <way id="243010774" visible="true" version="1" changeset="18478739" timestamp="2013-10-21T23:49:46Z" user="Władysław Komorek" uid="693154">
  <nd ref="2504501780"/>
  <nd ref="2504501778"/>
  <nd ref="2504501777"/>
  <nd ref="2504501776"/>
  <nd ref="2504501779"/>
  <nd ref="2504501781"/>
  <nd ref="2504501783"/>
  <nd ref="2504501784"/>
  <nd ref="2504501787"/>
  <nd ref="2504501788"/>
  <nd ref="2504501786"/>
  <nd ref="2504501785"/>
  <nd ref="2504501782"/>
  <nd ref="2504501780"/>
  <tag k="building:colour" v="#ffe4e1"/>
  <tag k="building:material" v="plaster"/>
  <tag k="building:part" v="yes"/>
  <tag k="height" v="6"/>
 </way>
 <way id="243010775" visible="true" version="1" changeset="18478739" timestamp="2013-10-21T23:49:47Z" user="Władysław Komorek" uid="693154">
  <nd ref="2504501888"/>
  <nd ref="2504501886"/>
  <nd ref="2504501885"/>
  <nd ref="2504501884"/>
  <nd ref="2504501887"/>
  <nd ref="2504501889"/>
  <nd ref="2504501891"/>
  <nd ref="2504501892"/>
  <nd ref="2504501895"/>
  <nd ref="2504501896"/>
  <nd ref="2504501894"/>
  <nd ref="2504501893"/>
  <nd ref="2504501890"/>
  <nd ref="2504501888"/>
  <tag k="building:colour" v="#ffe4e1"/>
  <tag k="building:material" v="plaster"/>
  <tag k="building:part" v="yes"/>
  <tag k="height" v="6"/>
 </way>
 <way id="243010776" visible="true" version="1" changeset="18478739" timestamp="2013-10-21T23:49:47Z" user="Władysław Komorek" uid="693154">
  <nd ref="2504501875"/>
  <nd ref="2504501873"/>
  <nd ref="2504501872"/>
  <nd ref="2504501871"/>
  <nd ref="2504501874"/>
  <nd ref="2504501876"/>
  <nd ref="2504501878"/>
  <nd ref="2504501879"/>
  <nd ref="2504501882"/>
  <nd ref="2504501883"/>
  <nd ref="2504501881"/>
  <nd ref="2504501880"/>
  <nd ref="2504501877"/>
  <nd ref="2504501875"/>
  <tag k="building:colour" v="#ffe4e1"/>
  <tag k="building:material" v="plaster"/>
  <tag k="building:part" v="yes"/>
  <tag k="height" v="6"/>
 </way>
 <way id="243010777" visible="true" version="2" changeset="18480613" timestamp="2013-10-22T06:06:52Z" user="Władysław Komorek" uid="693154">
  <nd ref="2504501754"/>
  <nd ref="2504501752"/>
  <nd ref="2504501751"/>
  <nd ref="2504501750"/>
  <nd ref="2504501753"/>
  <nd ref="2504501755"/>
  <nd ref="2504501757"/>
  <nd ref="2504501758"/>
  <nd ref="2504501761"/>
  <nd ref="2504501762"/>
  <nd ref="2504501760"/>
  <nd ref="2504501759"/>
  <nd ref="2504501756"/>
  <nd ref="2504501754"/>
  <tag k="building:colour" v="#ffe4c4"/>
  <tag k="building:material" v="plaster"/>
  <tag k="building:part" v="yes"/>
  <tag k="height" v="6"/>
 </way>
 <way id="243035718" visible="true" version="1" changeset="18483301" timestamp="2013-10-22T09:56:43Z" user="Władysław Komorek" uid="693154">
  <nd ref="2504780924"/>
  <nd ref="2504780922"/>
  <nd ref="2504780921"/>
  <nd ref="2504780920"/>
  <nd ref="2504780923"/>
  <nd ref="2504780925"/>
  <nd ref="2504780927"/>
  <nd ref="2504780928"/>
  <nd ref="2504780931"/>
  <nd ref="2504780932"/>
  <nd ref="2504780930"/>
  <nd ref="2504780929"/>
  <nd ref="2504780926"/>
  <nd ref="2504780924"/>
  <tag k="building:colour" v="#ffe4c4"/>
  <tag k="building:material" v="plaster"/>
  <tag k="building:part" v="yes"/>
  <tag k="height" v="6"/>
 </way>
 <way id="243035719" visible="true" version="1" changeset="18483301" timestamp="2013-10-22T09:56:43Z" user="Władysław Komorek" uid="693154">
  <nd ref="2504781122"/>
  <nd ref="2504781120"/>
  <nd ref="2504781119"/>
  <nd ref="2504781118"/>
  <nd ref="2504781121"/>
  <nd ref="2504781123"/>
  <nd ref="2504781125"/>
  <nd ref="2504781126"/>
  <nd ref="2504781129"/>
  <nd ref="2504781130"/>
  <nd ref="2504781128"/>
  <nd ref="2504781127"/>
  <nd ref="2504781124"/>
  <nd ref="2504781122"/>
  <tag k="building:colour" v="#ffe4e1"/>
  <tag k="building:material" v="plaster"/>
  <tag k="building:part" v="yes"/>
  <tag k="height" v="6"/>
 </way>
 <way id="243035720" visible="true" version="1" changeset="18483301" timestamp="2013-10-22T09:56:43Z" user="Władysław Komorek" uid="693154">
  <nd ref="2504781070"/>
  <nd ref="2504781068"/>
  <nd ref="2504781067"/>
  <nd ref="2504781066"/>
  <nd ref="2504781069"/>
  <nd ref="2504781071"/>
  <nd ref="2504781073"/>
  <nd ref="2504781074"/>
  <nd ref="2504781077"/>
  <nd ref="2504781078"/>
  <nd ref="2504781076"/>
  <nd ref="2504781075"/>
  <nd ref="2504781072"/>
  <nd ref="2504781070"/>
  <tag k="building:colour" v="#ffe4e1"/>
  <tag k="building:material" v="plaster"/>
  <tag k="building:part" v="yes"/>
  <tag k="height" v="6"/>
 </way>
 <way id="243035721" visible="true" version="1" changeset="18483301" timestamp="2013-10-22T09:56:43Z" user="Władysław Komorek" uid="693154">
  <nd ref="2504780963"/>
  <nd ref="2504780961"/>
  <nd ref="2504780960"/>
  <nd ref="2504780959"/>
  <nd ref="2504780962"/>
  <nd ref="2504780964"/>
  <nd ref="2504780966"/>
  <nd ref="2504780967"/>
  <nd ref="2504780970"/>
  <nd ref="2504780971"/>
  <nd ref="2504780969"/>
  <nd ref="2504780968"/>
  <nd ref="2504780965"/>
  <nd ref="2504780963"/>
  <tag k="building:colour" v="#ffe4e1"/>
  <tag k="building:material" v="plaster"/>
  <tag k="building:part" v="yes"/>
  <tag k="height" v="6"/>
 </way>
 <way id="243035722" visible="true" version="1" changeset="18483301" timestamp="2013-10-22T09:56:44Z" user="Władysław Komorek" uid="693154">
  <nd ref="2504781109"/>
  <nd ref="2504781107"/>
  <nd ref="2504781106"/>
  <nd ref="2504781105"/>
  <nd ref="2504781108"/>
  <nd ref="2504781110"/>
  <nd ref="2504781112"/>
  <nd ref="2504781113"/>
  <nd ref="2504781116"/>
  <nd ref="2504781117"/>
  <nd ref="2504781115"/>
  <nd ref="2504781114"/>
  <nd ref="2504781111"/>
  <nd ref="2504781109"/>
  <tag k="building:colour" v="#ffe4e1"/>
  <tag k="building:material" v="plaster"/>
  <tag k="building:part" v="yes"/>
  <tag k="height" v="6"/>
 </way>
 <way id="243035723" visible="true" version="1" changeset="18483301" timestamp="2013-10-22T09:56:44Z" user="Władysław Komorek" uid="693154">
  <nd ref="2504781008"/>
  <nd ref="2504781006"/>
  <nd ref="2504781005"/>
  <nd ref="2504781004"/>
  <nd ref="2504781007"/>
  <nd ref="2504781009"/>
  <nd ref="2504781011"/>
  <nd ref="2504781012"/>
  <nd ref="2504781015"/>
  <nd ref="2504781016"/>
  <nd ref="2504781014"/>
  <nd ref="2504781013"/>
  <nd ref="2504781010"/>
  <nd ref="2504781008"/>
  <tag k="building:colour" v="#ffe4e1"/>
  <tag k="building:material" v="plaster"/>
  <tag k="building:part" v="yes"/>
  <tag k="height" v="6"/>
 </way>
 <way id="243035724" visible="true" version="1" changeset="18483301" timestamp="2013-10-22T09:56:44Z" user="Władysław Komorek" uid="693154">
  <nd ref="2504781096"/>
  <nd ref="2504781094"/>
  <nd ref="2504781093"/>
  <nd ref="2504781092"/>
  <nd ref="2504781095"/>
  <nd ref="2504781097"/>
  <nd ref="2504781099"/>
  <nd ref="2504781100"/>
  <nd ref="2504781103"/>
  <nd ref="2504781104"/>
  <nd ref="2504781102"/>
  <nd ref="2504781101"/>
  <nd ref="2504781098"/>
  <nd ref="2504781096"/>
  <tag k="building:colour" v="#ffe4e1"/>
  <tag k="building:material" v="plaster"/>
  <tag k="building:part" v="yes"/>
  <tag k="height" v="6"/>
 </way>
 <way id="243035725" visible="true" version="1" changeset="18483301" timestamp="2013-10-22T09:56:44Z" user="Władysław Komorek" uid="693154">
  <nd ref="2504780989"/>
  <nd ref="2504780987"/>
  <nd ref="2504780986"/>
  <nd ref="2504780985"/>
  <nd ref="2504780988"/>
  <nd ref="2504780991"/>
  <nd ref="2504780992"/>
  <nd ref="2504780993"/>
  <nd ref="2504780997"/>
  <nd ref="2504780999"/>
  <nd ref="2504780995"/>
  <nd ref="2504780994"/>
  <nd ref="2504780990"/>
  <nd ref="2504780989"/>
  <tag k="building:colour" v="#ffe4e1"/>
  <tag k="building:material" v="plaster"/>
  <tag k="building:part" v="yes"/>
  <tag k="height" v="6"/>
 </way>
 <way id="243035726" visible="true" version="1" changeset="18483301" timestamp="2013-10-22T09:56:44Z" user="Władysław Komorek" uid="693154">
  <nd ref="2504781135"/>
  <nd ref="2504781133"/>
  <nd ref="2504781132"/>
  <nd ref="2504781131"/>
  <nd ref="2504781134"/>
  <nd ref="2504781136"/>
  <nd ref="2504781138"/>
  <nd ref="2504781139"/>
  <nd ref="2504781142"/>
  <nd ref="2504781143"/>
  <nd ref="2504781141"/>
  <nd ref="2504781140"/>
  <nd ref="2504781137"/>
  <nd ref="2504781135"/>
  <tag k="building:colour" v="#ffe4e1"/>
  <tag k="building:material" v="plaster"/>
  <tag k="building:part" v="yes"/>
  <tag k="height" v="6"/>
 </way>
 <way id="243035727" visible="true" version="1" changeset="18483301" timestamp="2013-10-22T09:56:44Z" user="Władysław Komorek" uid="693154">
  <nd ref="2504781051"/>
  <nd ref="2504781047"/>
  <nd ref="2504781045"/>
  <nd ref="2504781043"/>
  <nd ref="2504781049"/>
  <nd ref="2504781054"/>
  <nd ref="2504781058"/>
  <nd ref="2504781059"/>
  <nd ref="2504781064"/>
  <nd ref="2504781065"/>
  <nd ref="2504781063"/>
  <nd ref="2504781061"/>
  <nd ref="2504781056"/>
  <nd ref="2504781051"/>
  <tag k="building:colour" v="#ffe4e1"/>
  <tag k="building:material" v="plaster"/>
  <tag k="building:part" v="yes"/>
  <tag k="height" v="6"/>
 </way>
 <way id="243035728" visible="true" version="1" changeset="18483301" timestamp="2013-10-22T09:56:44Z" user="Władysław Komorek" uid="693154">
  <nd ref="2504780950"/>
  <nd ref="2504780948"/>
  <nd ref="2504780947"/>
  <nd ref="2504780946"/>
  <nd ref="2504780949"/>
  <nd ref="2504780951"/>
  <nd ref="2504780953"/>
  <nd ref="2504780954"/>
  <nd ref="2504780957"/>
  <nd ref="2504780958"/>
  <nd ref="2504780956"/>
  <nd ref="2504780955"/>
  <nd ref="2504780952"/>
  <nd ref="2504780950"/>
  <tag k="building:colour" v="#ffe4e1"/>
  <tag k="building:material" v="plaster"/>
  <tag k="building:part" v="yes"/>
  <tag k="height" v="6"/>
 </way>
 <way id="243035729" visible="true" version="1" changeset="18483301" timestamp="2013-10-22T09:56:45Z" user="Władysław Komorek" uid="693154">
  <nd ref="2504781028"/>
  <nd ref="2504781026"/>
  <nd ref="2504781025"/>
  <nd ref="2504781024"/>
  <nd ref="2504781027"/>
  <nd ref="2504781029"/>
  <nd ref="2504781031"/>
  <nd ref="2504781032"/>
  <nd ref="2504781038"/>
  <nd ref="2504781039"/>
  <nd ref="2504781036"/>
  <nd ref="2504781034"/>
  <nd ref="2504781030"/>
  <nd ref="2504781028"/>
  <tag k="building:colour" v="#ffe4e1"/>
  <tag k="building:material" v="plaster"/>
  <tag k="building:part" v="yes"/>
  <tag k="height" v="6"/>
 </way>
 <way id="243035730" visible="true" version="1" changeset="18483301" timestamp="2013-10-22T09:56:45Z" user="Władysław Komorek" uid="693154">
  <nd ref="2504780937"/>
  <nd ref="2504780935"/>
  <nd ref="2504780934"/>
  <nd ref="2504780933"/>
  <nd ref="2504780936"/>
  <nd ref="2504780938"/>
  <nd ref="2504780940"/>
  <nd ref="2504780941"/>
  <nd ref="2504780944"/>
  <nd ref="2504780945"/>
  <nd ref="2504780943"/>
  <nd ref="2504780942"/>
  <nd ref="2504780939"/>
  <nd ref="2504780937"/>
  <tag k="building:colour" v="#ffe4e1"/>
  <tag k="building:material" v="plaster"/>
  <tag k="building:part" v="yes"/>
  <tag k="height" v="6"/>
 </way>
 <way id="243035731" visible="true" version="1" changeset="18483301" timestamp="2013-10-22T09:56:45Z" user="Władysław Komorek" uid="693154">
  <nd ref="2504781083"/>
  <nd ref="2504781081"/>
  <nd ref="2504781080"/>
  <nd ref="2504781079"/>
  <nd ref="2504781082"/>
  <nd ref="2504781084"/>
  <nd ref="2504781086"/>
  <nd ref="2504781087"/>
  <nd ref="2504781090"/>
  <nd ref="2504781091"/>
  <nd ref="2504781089"/>
  <nd ref="2504781088"/>
  <nd ref="2504781085"/>
  <nd ref="2504781083"/>
  <tag k="building:colour" v="#ffe4e1"/>
  <tag k="building:material" v="plaster"/>
  <tag k="building:part" v="yes"/>
  <tag k="height" v="6"/>
 </way>
 <way id="243035732" visible="true" version="1" changeset="18483301" timestamp="2013-10-22T09:56:45Z" user="Władysław Komorek" uid="693154">
  <nd ref="2504780910"/>
  <nd ref="2504780909"/>
  <nd ref="2504780908"/>
  <nd ref="2504780907"/>
  <nd ref="2504780911"/>
  <nd ref="2504780913"/>
  <nd ref="2504780914"/>
  <nd ref="2504780916"/>
  <nd ref="2504780918"/>
  <nd ref="2504780919"/>
  <nd ref="2504780917"/>
  <nd ref="2504780915"/>
  <nd ref="2504780912"/>
  <nd ref="2504780910"/>
  <tag k="building:colour" v="#ffe4c4"/>
  <tag k="building:material" v="plaster"/>
  <tag k="building:part" v="yes"/>
  <tag k="height" v="6"/>
 </way>
 <way id="243035733" visible="true" version="1" changeset="18483301" timestamp="2013-10-22T09:56:45Z" user="Władysław Komorek" uid="693154">
  <nd ref="2504780976"/>
  <nd ref="2504780974"/>
  <nd ref="2504780973"/>
  <nd ref="2504780972"/>
  <nd ref="2504780975"/>
  <nd ref="2504780977"/>
  <nd ref="2504780979"/>
  <nd ref="2504780980"/>
  <nd ref="2504780983"/>
  <nd ref="2504780984"/>
  <nd ref="2504780982"/>
  <nd ref="2504780981"/>
  <nd ref="2504780978"/>
  <nd ref="2504780976"/>
  <tag k="building:colour" v="#ffe4e1"/>
  <tag k="building:material" v="plaster"/>
  <tag k="building:part" v="yes"/>
  <tag k="height" v="6"/>
 </way>
 <way id="243035734" visible="true" version="4" changeset="18505851" timestamp="2013-10-23T16:28:58Z" user="Władysław Komorek" uid="693154">
  <nd ref="2504781022"/>
  <nd ref="2500850999"/>
  <nd ref="2500850997"/>
  <nd ref="2503367810"/>
  <nd ref="2505650814"/>
  <nd ref="2504781021"/>
  <nd ref="2504781022"/>
  <tag k="building:colour" v="#ffe4c4"/>
  <tag k="building:material" v="plaster"/>
  <tag k="building:part" v="yes"/>
  <tag k="height" v="12.4"/>
  <tag k="roof:material" v="copper"/>
 </way>
 <way id="243035735" visible="true" version="1" changeset="18483301" timestamp="2013-10-22T09:56:45Z" user="Władysław Komorek" uid="693154">
  <nd ref="2504781020"/>
  <nd ref="2501461846"/>
  <nd ref="2503547416"/>
  <nd ref="2503547418"/>
  <nd ref="2503367811"/>
  <nd ref="2504781020"/>
  <tag k="building:colour" v="#ffe4c4"/>
  <tag k="building:material" v="plaster"/>
  <tag k="building:part" v="yes"/>
  <tag k="height" v="12.4"/>
  <tag k="roof:material" v="copper"/>
  <tag k="roof:shape" v="flat"/>
 </way>
 <way id="243035736" visible="true" version="3" changeset="18498983" timestamp="2013-10-23T08:52:35Z" user="Władysław Komorek" uid="693154">
  <nd ref="2504781019"/>
  <nd ref="2505650813"/>
  <nd ref="2503367809"/>
  <nd ref="2500850993"/>
  <nd ref="2500850995"/>
  <nd ref="2504781018"/>
  <nd ref="2504781019"/>
  <tag k="building:colour" v="#ffe4c4"/>
  <tag k="building:material" v="plaster"/>
  <tag k="building:part" v="yes"/>
  <tag k="height" v="12.4"/>
  <tag k="roof:material" v="copper"/>
 </way>
 <way id="243035737" visible="true" version="2" changeset="18505851" timestamp="2013-10-23T16:28:58Z" user="Władysław Komorek" uid="693154">
  <nd ref="2501461854"/>
  <nd ref="2504781021"/>
  <nd ref="2504781022"/>
  <nd ref="2504781023"/>
  <nd ref="2504781042"/>
  <nd ref="2501461857"/>
  <nd ref="2501461854"/>
  <tag k="building:colour" v="#ffe4c4"/>
  <tag k="building:material" v="plaster"/>
  <tag k="building:part" v="yes"/>
  <tag k="height" v="12.4"/>
  <tag k="min_height" v="6"/>
  <tag k="roof:material" v="copper"/>
  <tag k="roof:shape" v="flat"/>
 </way>
 <way id="243035738" visible="true" version="2" changeset="18498848" timestamp="2013-10-23T08:43:29Z" user="Władysław Komorek" uid="693154">
  <nd ref="2504781022"/>
  <nd ref="2504781144"/>
  <nd ref="2505644081"/>
  <nd ref="2504781145"/>
  <nd ref="2501461869"/>
  <nd ref="2503558050"/>
  <nd ref="2503367819"/>
  <nd ref="2500850999"/>
  <nd ref="2504781022"/>
  <tag k="building:colour" v="#ffe4c4"/>
  <tag k="building:material" v="plaster"/>
  <tag k="building:part" v="yes"/>
  <tag k="height" v="9.5"/>
  <tag k="min_height" v="8"/>
 </way>
 <way id="243035739" visible="true" version="3" changeset="34679020" timestamp="2015-10-16T16:52:14Z" user="Wojciech Noworolski" uid="3314480">
  <nd ref="2504780906"/>
  <nd ref="2506148258"/>
  <nd ref="2506148259"/>
  <nd ref="2504781003"/>
  <nd ref="2504781018"/>
  <nd ref="2500850995"/>
  <nd ref="3789294274"/>
  <nd ref="2503547413"/>
  <nd ref="2503558046"/>
  <nd ref="2503547409"/>
  <nd ref="2501461835"/>
  <nd ref="2504780906"/>
  <tag k="building:colour" v="#ffe4c4"/>
  <tag k="building:material" v="plaster"/>
  <tag k="building:part" v="yes"/>
  <tag k="height" v="9.5"/>
  <tag k="min_height" v="8"/>
 </way>
 <way id="243056528" visible="true" version="1" changeset="18486743" timestamp="2013-10-22T13:56:25Z" user="Władysław Komorek" uid="693154">
  <nd ref="2501461836"/>
  <nd ref="2500850986"/>
  <nd ref="2504980479"/>
  <nd ref="2504980481"/>
  <nd ref="2501461836"/>
  <tag k="building:colour" v="#ffe4c4"/>
  <tag k="building:material" v="plaster"/>
  <tag k="building:part" v="yes"/>
  <tag k="height" v="9.5"/>
  <tag k="min_height" v="8"/>
 </way>
 <way id="243056529" visible="true" version="1" changeset="18486743" timestamp="2013-10-22T13:56:25Z" user="Władysław Komorek" uid="693154">
  <nd ref="2503547425"/>
  <nd ref="2501461859"/>
  <nd ref="2501461858"/>
  <nd ref="2504980485"/>
  <nd ref="2504980484"/>
  <nd ref="2504980482"/>
  <nd ref="2503547425"/>
  <tag k="building:colour" v="#ffe4c4"/>
  <tag k="building:material" v="plaster"/>
  <tag k="building:part" v="yes"/>
  <tag k="height" v="9.5"/>
  <tag k="min_height" v="8"/>
 </way>
 <way id="243056530" visible="true" version="2" changeset="115389704" timestamp="2021-12-26T15:07:41Z" user="Mateusz Konieczny" uid="1722488">
  <nd ref="2504486099"/>
  <nd ref="2501461900"/>
  <nd ref="2504980493"/>
  <nd ref="2504980491"/>
  <nd ref="2504980487"/>
  <nd ref="2504486099"/>
  <tag k="building:colour" v="#ffe4c4"/>
  <tag k="building:material" v="plaster"/>
  <tag k="building:part" v="yes"/>
  <tag k="height" v="9.5"/>
  <tag k="min_height" v="8"/>
 </way>
 <way id="243129938" visible="true" version="1" changeset="18498848" timestamp="2013-10-23T08:43:26Z" user="Władysław Komorek" uid="693154">
  <nd ref="2505644085"/>
  <nd ref="2505644081"/>
  <nd ref="2504781145"/>
  <nd ref="2501461873"/>
  <nd ref="2503367822"/>
  <nd ref="2505644085"/>
  <tag k="building:colour" v="#ffe4c4"/>
  <tag k="building:material" v="plaster"/>
  <tag k="building:part" v="yes"/>
  <tag k="height" v="9.5"/>
  <tag k="min_height" v="8"/>
 </way>
 <way id="243192732" visible="true" version="1" changeset="18505985" timestamp="2013-10-23T16:37:51Z" user="Władysław Komorek" uid="693154">
  <nd ref="2500851004"/>
  <nd ref="2500851006"/>
  <nd ref="251678911"/>
  <nd ref="2500851008"/>
  <nd ref="2500851004"/>
  <tag k="building:colour" v="#ffe4c4"/>
  <tag k="building:material" v="plaster"/>
  <tag k="building:part" v="yes"/>
  <tag k="height" v="12.4"/>
  <tag k="min_height" v="4"/>
  <tag k="roof:material" v="copper"/>
 </way>
 <way id="243382726" visible="true" version="8" changeset="189699424" timestamp="2026-09-28T21:14:24Z" user="Sejmi" uid="24399298">
  <nd ref="2508038439"/>
  <nd ref="2508038441"/>
  <nd ref="2508038440"/>
  <nd ref="2508038438"/>
  <nd ref="2508038439"/>
  <tag k="historic" v="memorial"/>
  <tag k="historic:date" v="1525-04-10"/>
  <tag k="memorial" v="plaque"/>
  <tag k="name" v="Hołd pruski"/>
  <tag k="name:de" v="Preußische Huldigung"/>
  <tag k="name:en" v="Prussian Homage"/>
  <tag k="name:hu" v="Porosz hódolat"/>
  <tag k="opening_hours" v="24/7"/>
  <tag k="subject:wikidata" v="Q7253161"/>
  <tag k="subject:wikipedia" v="pl:Hołd pruski 1525"/>
  <tag k="support" v="ground"/>
  <tag k="wheelchair" v="yes"/>
  <tag k="wikimedia_commons" v="File:Hołd Pruski 1525.jpg"/>
 </way>
 <way id="243382728" visible="true" version="11" changeset="189697769" timestamp="2026-09-28T20:30:24Z" user="Sejmi" uid="24399298">
  <nd ref="14184733961"/>
  <nd ref="14184733964"/>
  <nd ref="14184733963"/>
  <nd ref="14184733962"/>
  <nd ref="14184733961"/>
  <tag k="historic" v="memorial"/>
  <tag k="historic:date" v="1794-03-24"/>
  <tag k="inscription" v="Na tym miejscu Tadeusz Kościuszko przysięgał Narodowi Polskiemu 24 marca 1794"/>
  <tag k="memorial" v="plaque"/>
  <tag k="name" v="Miejsce przysięgi Tadeusza Kościuszki"/>
  <tag k="name:en" v="Place of Tadeusz Kościuszko's Oath"/>
  <tag k="name:hu" v="Tadeusz Kościuszko eskühelye"/>
  <tag k="opening_hours" v="24/7"/>
  <tag k="subject:wikidata" v="Q849176"/>
  <tag k="subject:wikipedia" v="pl:Insurekcja kościuszkowska"/>
  <tag k="support" v="ground"/>
  <tag k="wheelchair" v="yes"/>
  <tag k="wikimedia_commons" v="File:Rivolta di Kosciuszko.jpg"/>
 </way>
 <way id="245050356" visible="true" version="10" changeset="187768352" timestamp="2026-08-20T22:25:39Z" user="Adam Haba" uid="12293030">
  <nd ref="2500996741"/>
  <nd ref="14108495152"/>
  <nd ref="251691838"/>
  <tag k="bicycle" v="yes"/>
  <tag k="emergency" v="yes"/>
  <tag k="highway" v="pedestrian"/>
  <tag k="horse" v="yes"/>
  <tag k="lit" v="yes"/>
  <tag k="maxspeed" v="20"/>
  <tag k="motor_vehicle:conditional" v="delivery @ (19:00-10:00); disabled @ (18:00-12:00)"/>
  <tag k="name" v="Sławkowska"/>
  <tag k="name:de" v="Schlockauerstraße"/>
  <tag k="name:pl" v="Sławkowska"/>
  <tag k="sidewalk" v="both"/>
  <tag k="smoothness" v="good"/>
  <tag k="source:bicycle" v="sign"/>
  <tag k="source:maxspeed" v="PL:living_street"/>
  <tag k="surface" v="asphalt"/>
  <tag k="vehicle" v="private"/>
 </way>
 <way id="259241737" visible="true" version="16" changeset="187768352" timestamp="2026-08-20T22:25:39Z" user="Adam Haba" uid="12293030">
  <nd ref="256625831"/>
  <nd ref="14108495119"/>
  <nd ref="13502573427"/>
  <nd ref="4185042139"/>
  <nd ref="2500996741"/>
  <tag k="bicycle" v="yes"/>
  <tag k="cycleway:left" v="no"/>
  <tag k="emergency" v="yes"/>
  <tag k="highway" v="pedestrian"/>
  <tag k="horse" v="yes"/>
  <tag k="lit" v="yes"/>
  <tag k="maxspeed" v="20"/>
  <tag k="motor_vehicle:conditional" v="delivery @ (19:00-10:00); disabled @ (18:00-12:00)"/>
  <tag k="name" v="Sławkowska"/>
  <tag k="name:de" v="Schlockauerstraße"/>
  <tag k="name:pl" v="Sławkowska"/>
  <tag k="oneway" v="yes"/>
  <tag k="oneway:bicycle" v="no"/>
  <tag k="oneway:foot" v="no"/>
  <tag k="oneway:horse" v="no"/>
  <tag k="sidewalk" v="both"/>
  <tag k="smoothness" v="excellent"/>
  <tag k="source:bicycle" v="sign"/>
  <tag k="source:maxspeed" v="PL:living_street"/>
  <tag k="surface" v="asphalt"/>
  <tag k="vehicle" v="private"/>
  <tag k="wikidata" v="Q9366062"/>
  <tag k="wikipedia" v="pl:Ulica Sławkowska w Krakowie"/>
 </way>
 <way id="259241740" visible="true" version="11" changeset="142055672" timestamp="2023-10-02T20:14:56Z" user="uprkos" uid="11239973">
  <nd ref="2110897868"/>
  <nd ref="251689747"/>
  <nd ref="1913862676"/>
  <tag k="bicycle" v="yes"/>
  <tag k="goods" v="delivery"/>
  <tag k="highway" v="pedestrian"/>
  <tag k="lit" v="yes"/>
  <tag k="maxspeed" v="20"/>
  <tag k="motor_vehicle" v="private"/>
  <tag k="name" v="Świętego Jana"/>
  <tag k="name:be" v="вуліца Святога Яна"/>
  <tag k="name:de" v="Johannsgasse"/>
  <tag k="name:pl" v="Świętego Jana"/>
  <tag k="psv" v="yes"/>
  <tag k="smoothness" v="intermediate"/>
  <tag k="source:maxspeed" v="PL:living_street"/>
  <tag k="surface" v="sett"/>
 </way>
 <way id="304009202" visible="true" version="2" changeset="73436829" timestamp="2019-08-17T07:58:50Z" user="Władysław Komorek" uid="693154">
  <nd ref="3085239594"/>
  <nd ref="3085241973"/>
  <nd ref="3085241970"/>
  <nd ref="3085241966"/>
  <nd ref="3085239584"/>
  <nd ref="6717888525"/>
  <nd ref="3085241961"/>
  <nd ref="3085241963"/>
  <nd ref="3085241578"/>
  <nd ref="3085239591"/>
  <nd ref="3085239594"/>
  <tag k="area" v="yes"/>
  <tag k="barrier" v="wall"/>
 </way>
 <way id="304009203" visible="true" version="2" changeset="73436829" timestamp="2019-08-17T07:58:50Z" user="Władysław Komorek" uid="693154">
  <nd ref="3085242742"/>
  <nd ref="3085242665"/>
  <nd ref="3085241784"/>
  <nd ref="3085242664"/>
  <nd ref="6717888525"/>
  <nd ref="3085241961"/>
  <nd ref="3085239583"/>
  <nd ref="3085242742"/>
  <tag k="area" v="yes"/>
  <tag k="barrier" v="wall"/>
 </way>
 <way id="304009205" visible="true" version="1" changeset="25529725" timestamp="2014-09-18T20:49:03Z" user="Władysław Komorek" uid="693154">
  <nd ref="3085239581"/>
  <nd ref="3085241957"/>
  <nd ref="3085241967"/>
  <nd ref="3085239588"/>
  <nd ref="3085241587"/>
  <nd ref="3085239601"/>
  <nd ref="3085241790"/>
  <nd ref="3085241789"/>
  <nd ref="3085241586"/>
  <nd ref="471635799"/>
  <nd ref="3085241969"/>
  <nd ref="3085239589"/>
  <nd ref="3085239596"/>
  <nd ref="3085239597"/>
  <nd ref="3085239603"/>
  <nd ref="3085241795"/>
  <nd ref="1657846890"/>
  <nd ref="471635794"/>
  <nd ref="3085241791"/>
  <nd ref="3085241580"/>
  <nd ref="3085239581"/>
  <tag k="building" v="yes"/>
 </way>
 <way id="304011737" visible="true" version="1" changeset="25530048" timestamp="2014-09-18T21:10:06Z" user="Władysław Komorek" uid="693154">
  <nd ref="3085279059"/>
  <nd ref="3085279052"/>
  <nd ref="3085279048"/>
  <nd ref="3085279043"/>
  <nd ref="3085279041"/>
  <nd ref="3085279040"/>
  <nd ref="3085279042"/>
  <nd ref="3085279044"/>
  <nd ref="3085279047"/>
  <nd ref="3085279051"/>
  <nd ref="3085279058"/>
  <nd ref="3085279061"/>
  <nd ref="3085279063"/>
  <nd ref="3085279066"/>
  <nd ref="3085279068"/>
  <nd ref="3085279070"/>
  <nd ref="3085279072"/>
  <nd ref="3085279079"/>
  <nd ref="3085279081"/>
  <nd ref="3085279085"/>
  <nd ref="3085279086"/>
  <nd ref="3085279084"/>
  <nd ref="3085279080"/>
  <nd ref="3085279076"/>
  <nd ref="3085279071"/>
  <nd ref="3085279069"/>
  <nd ref="3085279067"/>
  <nd ref="3085279065"/>
  <nd ref="3085279062"/>
  <nd ref="3085279060"/>
  <nd ref="3085279059"/>
  <tag k="landuse" v="grass"/>
 </way>
 <way id="304011743" visible="true" version="1" changeset="25530048" timestamp="2014-09-18T21:10:07Z" user="Władysław Komorek" uid="693154">
  <nd ref="3085278941"/>
  <nd ref="3085278939"/>
  <nd ref="3085278936"/>
  <nd ref="3085278935"/>
  <nd ref="3085278841"/>
  <nd ref="3085278840"/>
  <nd ref="3085278933"/>
  <nd ref="3085278934"/>
  <nd ref="3085278937"/>
  <nd ref="3085278938"/>
  <nd ref="3085278940"/>
  <nd ref="3085278943"/>
  <nd ref="3085278945"/>
  <nd ref="3085278948"/>
  <nd ref="3085278950"/>
  <nd ref="3085278957"/>
  <nd ref="3085278961"/>
  <nd ref="3085278843"/>
  <nd ref="3085264795"/>
  <nd ref="3085264797"/>
  <nd ref="3085264798"/>
  <nd ref="3085264796"/>
  <nd ref="3085278844"/>
  <nd ref="3085278842"/>
  <nd ref="3085278960"/>
  <nd ref="3085278954"/>
  <nd ref="3085278949"/>
  <nd ref="3085278947"/>
  <nd ref="3085278944"/>
  <nd ref="3085278942"/>
  <nd ref="3085278941"/>
  <tag k="landuse" v="grass"/>
 </way>
 <way id="304011746" visible="true" version="1" changeset="25530048" timestamp="2014-09-18T21:10:08Z" user="Władysław Komorek" uid="693154">
  <nd ref="3085278604"/>
  <nd ref="3085279879"/>
  <nd ref="3085278232"/>
  <nd ref="3085279877"/>
  <nd ref="3085279876"/>
  <nd ref="3085278229"/>
  <nd ref="3085278230"/>
  <nd ref="3085278231"/>
  <nd ref="3085279878"/>
  <nd ref="3085280133"/>
  <nd ref="3085278605"/>
  <nd ref="3085279880"/>
  <nd ref="3085278607"/>
  <nd ref="3085279882"/>
  <nd ref="3085278609"/>
  <nd ref="3085279883"/>
  <nd ref="3085280141"/>
  <nd ref="3085280143"/>
  <nd ref="3085278611"/>
  <nd ref="3085279884"/>
  <nd ref="3085279885"/>
  <nd ref="3085280145"/>
  <nd ref="3085280144"/>
  <nd ref="3085280142"/>
  <nd ref="3085278610"/>
  <nd ref="3085280140"/>
  <nd ref="3085280139"/>
  <nd ref="3085278608"/>
  <nd ref="3085280134"/>
  <nd ref="3085278606"/>
  <nd ref="3085278604"/>
  <tag k="landuse" v="grass"/>
 </way>
 <way id="304011750" visible="true" version="1" changeset="25530048" timestamp="2014-09-18T21:10:08Z" user="Władysław Komorek" uid="693154">
  <nd ref="3085278980"/>
  <nd ref="3085278979"/>
  <nd ref="3085278977"/>
  <nd ref="3085278974"/>
  <nd ref="3085278972"/>
  <nd ref="3085278971"/>
  <nd ref="3085278973"/>
  <nd ref="3085278975"/>
  <nd ref="3085278976"/>
  <nd ref="3085278978"/>
  <nd ref="3085278981"/>
  <nd ref="3085278983"/>
  <nd ref="3085278985"/>
  <nd ref="3085278988"/>
  <nd ref="3085278990"/>
  <nd ref="3085278992"/>
  <nd ref="3085278994"/>
  <nd ref="3085278996"/>
  <nd ref="3085278583"/>
  <nd ref="3085278585"/>
  <nd ref="3085278586"/>
  <nd ref="3085278584"/>
  <nd ref="3085278997"/>
  <nd ref="3085278995"/>
  <nd ref="3085278993"/>
  <nd ref="3085278991"/>
  <nd ref="3085278989"/>
  <nd ref="3085278987"/>
  <nd ref="3085278984"/>
  <nd ref="3085278982"/>
  <nd ref="3085278980"/>
  <tag k="landuse" v="grass"/>
 </way>
 <way id="304011757" visible="true" version="1" changeset="25530048" timestamp="2014-09-18T21:10:09Z" user="Władysław Komorek" uid="693154">
  <nd ref="3085277872"/>
  <nd ref="3085277868"/>
  <nd ref="3085277863"/>
  <nd ref="3085277862"/>
  <nd ref="3085277857"/>
  <nd ref="3085277856"/>
  <nd ref="3085277858"/>
  <nd ref="3085277859"/>
  <nd ref="3085277864"/>
  <nd ref="3085277867"/>
  <nd ref="3085277871"/>
  <nd ref="3085277876"/>
  <nd ref="3085277880"/>
  <nd ref="3085277886"/>
  <nd ref="3085277734"/>
  <nd ref="3085278233"/>
  <nd ref="3085278235"/>
  <nd ref="3085278236"/>
  <nd ref="3085266076"/>
  <nd ref="3085266078"/>
  <nd ref="3085266079"/>
  <nd ref="3085266077"/>
  <nd ref="3085266075"/>
  <nd ref="3085266074"/>
  <nd ref="3085278234"/>
  <nd ref="3085277738"/>
  <nd ref="3085277890"/>
  <nd ref="3085277885"/>
  <nd ref="3085277879"/>
  <nd ref="3085277875"/>
  <nd ref="3085277872"/>
  <tag k="landuse" v="grass"/>
 </way>
 <way id="304011758" visible="true" version="1" changeset="25530048" timestamp="2014-09-18T21:10:09Z" user="Władysław Komorek" uid="693154">
  <nd ref="3085278557"/>
  <nd ref="3085278554"/>
  <nd ref="3085278549"/>
  <nd ref="3085278548"/>
  <nd ref="3085278543"/>
  <nd ref="3085278542"/>
  <nd ref="3085278544"/>
  <nd ref="3085278547"/>
  <nd ref="3085278550"/>
  <nd ref="3085278553"/>
  <nd ref="3085278558"/>
  <nd ref="3085278562"/>
  <nd ref="3085278567"/>
  <nd ref="3085278572"/>
  <nd ref="3085278733"/>
  <nd ref="3085278738"/>
  <nd ref="3085278740"/>
  <nd ref="3085278742"/>
  <nd ref="3085278744"/>
  <nd ref="3085278746"/>
  <nd ref="3085278747"/>
  <nd ref="3085278745"/>
  <nd ref="3085278743"/>
  <nd ref="3085278741"/>
  <nd ref="3085278739"/>
  <nd ref="3085278737"/>
  <nd ref="3085278576"/>
  <nd ref="3085278571"/>
  <nd ref="3085278565"/>
  <nd ref="3085278561"/>
  <nd ref="3085278557"/>
  <tag k="landuse" v="grass"/>
 </way>
 <way id="304011759" visible="true" version="1" changeset="25530048" timestamp="2014-09-18T21:10:09Z" user="Władysław Komorek" uid="693154">
  <nd ref="3085277045"/>
  <nd ref="3085277429"/>
  <nd ref="3085277041"/>
  <nd ref="3085277039"/>
  <nd ref="3085277422"/>
  <nd ref="3085277037"/>
  <nd ref="3085277038"/>
  <nd ref="3085277424"/>
  <nd ref="3085277426"/>
  <nd ref="3085277044"/>
  <nd ref="3085277430"/>
  <nd ref="3085277431"/>
  <nd ref="3085277432"/>
  <nd ref="3085277834"/>
  <nd ref="3085277836"/>
  <nd ref="3085277838"/>
  <nd ref="3085277840"/>
  <nd ref="3085277842"/>
  <nd ref="3085277844"/>
  <nd ref="3085277846"/>
  <nd ref="3085277847"/>
  <nd ref="3085277845"/>
  <nd ref="3085277843"/>
  <nd ref="3085277841"/>
  <nd ref="3085277839"/>
  <nd ref="3085277837"/>
  <nd ref="3085277835"/>
  <nd ref="3085277833"/>
  <nd ref="3085277047"/>
  <nd ref="3085277046"/>
  <nd ref="3085277045"/>
  <tag k="landuse" v="grass"/>
 </way>
 <way id="304011763" visible="true" version="1" changeset="25530048" timestamp="2014-09-18T21:10:10Z" user="Władysław Komorek" uid="693154">
  <nd ref="3085278845"/>
  <nd ref="3085278963"/>
  <nd ref="3085278959"/>
  <nd ref="3085278955"/>
  <nd ref="3085278952"/>
  <nd ref="3085278951"/>
  <nd ref="3085278953"/>
  <nd ref="3085278956"/>
  <nd ref="3085278958"/>
  <nd ref="3085278962"/>
  <nd ref="3085264794"/>
  <nd ref="3085264800"/>
  <nd ref="3085264802"/>
  <nd ref="3085264805"/>
  <nd ref="3085264807"/>
  <nd ref="3085264809"/>
  <nd ref="3085264811"/>
  <nd ref="3085264813"/>
  <nd ref="3085264815"/>
  <nd ref="3085264817"/>
  <nd ref="3085264818"/>
  <nd ref="3085264816"/>
  <nd ref="3085264814"/>
  <nd ref="3085264812"/>
  <nd ref="3085264810"/>
  <nd ref="3085264808"/>
  <nd ref="3085264806"/>
  <nd ref="3085264804"/>
  <nd ref="3085264801"/>
  <nd ref="3085264799"/>
  <nd ref="3085278845"/>
  <tag k="landuse" v="grass"/>
 </way>
 <way id="304011764" visible="true" version="1" changeset="25530048" timestamp="2014-09-18T21:10:10Z" user="Władysław Komorek" uid="693154">
  <nd ref="3085278860"/>
  <nd ref="3085278858"/>
  <nd ref="3085279082"/>
  <nd ref="3085279077"/>
  <nd ref="3085279074"/>
  <nd ref="3085279073"/>
  <nd ref="3085279075"/>
  <nd ref="3085279078"/>
  <nd ref="3085279083"/>
  <nd ref="3085278859"/>
  <nd ref="3085278861"/>
  <nd ref="3085278863"/>
  <nd ref="3085278865"/>
  <nd ref="3085278868"/>
  <nd ref="3085278870"/>
  <nd ref="3085278872"/>
  <nd ref="3085278874"/>
  <nd ref="3085278579"/>
  <nd ref="3085278581"/>
  <nd ref="3085279087"/>
  <nd ref="3085279088"/>
  <nd ref="3085278582"/>
  <nd ref="3085278580"/>
  <nd ref="3085278578"/>
  <nd ref="3085278873"/>
  <nd ref="3085278871"/>
  <nd ref="3085278869"/>
  <nd ref="3085278867"/>
  <nd ref="3085278864"/>
  <nd ref="3085278862"/>
  <nd ref="3085278860"/>
  <tag k="landuse" v="grass"/>
 </way>
 <way id="304011765" visible="true" version="1" changeset="25530048" timestamp="2014-09-18T21:10:10Z" user="Władysław Komorek" uid="693154">
  <nd ref="3085278804"/>
  <nd ref="3085278800"/>
  <nd ref="3085278796"/>
  <nd ref="3085278794"/>
  <nd ref="3085278790"/>
  <nd ref="3085278788"/>
  <nd ref="3085278789"/>
  <nd ref="3085278792"/>
  <nd ref="3085278795"/>
  <nd ref="3085278799"/>
  <nd ref="3085278803"/>
  <nd ref="3085278809"/>
  <nd ref="3085278812"/>
  <nd ref="3085278818"/>
  <nd ref="3085278822"/>
  <nd ref="3085278828"/>
  <nd ref="3085278833"/>
  <nd ref="3085278835"/>
  <nd ref="3085278577"/>
  <nd ref="3085278838"/>
  <nd ref="3085278839"/>
  <nd ref="3085278837"/>
  <nd ref="3085278836"/>
  <nd ref="3085278834"/>
  <nd ref="3085278832"/>
  <nd ref="3085278826"/>
  <nd ref="3085278821"/>
  <nd ref="3085278816"/>
  <nd ref="3085278811"/>
  <nd ref="3085278807"/>
  <nd ref="3085278804"/>
  <tag k="landuse" v="grass"/>
 </way>
 <way id="304011768" visible="true" version="1" changeset="25530048" timestamp="2014-09-18T21:10:11Z" user="Władysław Komorek" uid="693154">
  <nd ref="3085278514"/>
  <nd ref="3085278513"/>
  <nd ref="3085278511"/>
  <nd ref="3085278508"/>
  <nd ref="3085278227"/>
  <nd ref="3085278226"/>
  <nd ref="3085278507"/>
  <nd ref="3085278509"/>
  <nd ref="3085278510"/>
  <nd ref="3085278512"/>
  <nd ref="3085278515"/>
  <nd ref="3085278517"/>
  <nd ref="3085278518"/>
  <nd ref="3085277758"/>
  <nd ref="3085278522"/>
  <nd ref="3085278524"/>
  <nd ref="3085277760"/>
  <nd ref="3085277762"/>
  <nd ref="3085277763"/>
  <nd ref="3085277764"/>
  <nd ref="3085278602"/>
  <nd ref="3085278601"/>
  <nd ref="3085278600"/>
  <nd ref="3085277761"/>
  <nd ref="3085277759"/>
  <nd ref="3085278523"/>
  <nd ref="3085278521"/>
  <nd ref="3085278519"/>
  <nd ref="3085277757"/>
  <nd ref="3085278516"/>
  <nd ref="3085278514"/>
  <tag k="landuse" v="grass"/>
 </way>
 <way id="304011769" visible="true" version="1" changeset="25530048" timestamp="2014-09-18T21:10:11Z" user="Władysław Komorek" uid="693154">
  <nd ref="3085275869"/>
  <nd ref="3085275868"/>
  <nd ref="3085276466"/>
  <nd ref="3085276465"/>
  <nd ref="3085276948"/>
  <nd ref="3085276947"/>
  <nd ref="3085275866"/>
  <nd ref="3085275867"/>
  <nd ref="3085276949"/>
  <nd ref="3085276950"/>
  <nd ref="3085276467"/>
  <nd ref="3085276468"/>
  <nd ref="3085275871"/>
  <nd ref="3085276469"/>
  <nd ref="3085276470"/>
  <nd ref="3085274595"/>
  <nd ref="3085275875"/>
  <nd ref="3085266068"/>
  <nd ref="3085274597"/>
  <nd ref="3085275877"/>
  <nd ref="3085274598"/>
  <nd ref="3085266069"/>
  <nd ref="3085275876"/>
  <nd ref="3085274596"/>
  <nd ref="3085276471"/>
  <nd ref="3085275874"/>
  <nd ref="3085277033"/>
  <nd ref="3085275873"/>
  <nd ref="3085275870"/>
  <nd ref="3085274594"/>
  <nd ref="3085275869"/>
  <tag k="landuse" v="grass"/>
 </way>
 <way id="304011771" visible="true" version="1" changeset="25530048" timestamp="2014-09-18T21:10:12Z" user="Władysław Komorek" uid="693154">
  <nd ref="3085278196"/>
  <nd ref="3085264791"/>
  <nd ref="3085278194"/>
  <nd ref="3085266093"/>
  <nd ref="3085266091"/>
  <nd ref="3085266090"/>
  <nd ref="3085266092"/>
  <nd ref="3085266094"/>
  <nd ref="3085278195"/>
  <nd ref="3085264792"/>
  <nd ref="3085278197"/>
  <nd ref="3085278202"/>
  <nd ref="3085278207"/>
  <nd ref="3085278214"/>
  <nd ref="3085278216"/>
  <nd ref="3085278218"/>
  <nd ref="3085278220"/>
  <nd ref="3085278222"/>
  <nd ref="3085278224"/>
  <nd ref="3085277892"/>
  <nd ref="3085277893"/>
  <nd ref="3085278225"/>
  <nd ref="3085278223"/>
  <nd ref="3085278221"/>
  <nd ref="3085278219"/>
  <nd ref="3085278217"/>
  <nd ref="3085278215"/>
  <nd ref="3085278213"/>
  <nd ref="3085278205"/>
  <nd ref="3085278201"/>
  <nd ref="3085278196"/>
  <tag k="landuse" v="grass"/>
 </way>
 <way id="304011773" visible="true" version="1" changeset="25530048" timestamp="2014-09-18T21:10:12Z" user="Władysław Komorek" uid="693154">
  <nd ref="3085278857"/>
  <nd ref="3085264826"/>
  <nd ref="3085264824"/>
  <nd ref="3085264822"/>
  <nd ref="3085264820"/>
  <nd ref="3085264819"/>
  <nd ref="3085264821"/>
  <nd ref="3085264823"/>
  <nd ref="3085264825"/>
  <nd ref="3085278856"/>
  <nd ref="3085264828"/>
  <nd ref="3085264830"/>
  <nd ref="3085264832"/>
  <nd ref="3085279035"/>
  <nd ref="3085279037"/>
  <nd ref="3085279039"/>
  <nd ref="3085279046"/>
  <nd ref="3085279050"/>
  <nd ref="3085279054"/>
  <nd ref="3085279056"/>
  <nd ref="3085279057"/>
  <nd ref="3085279055"/>
  <nd ref="3085279053"/>
  <nd ref="3085279049"/>
  <nd ref="3085279045"/>
  <nd ref="3085279038"/>
  <nd ref="3085279036"/>
  <nd ref="3085279034"/>
  <nd ref="3085264831"/>
  <nd ref="3085264829"/>
  <nd ref="3085278857"/>
  <tag k="landuse" v="grass"/>
 </way>
 <way id="304011774" visible="true" version="1" changeset="25530048" timestamp="2014-09-18T21:10:12Z" user="Władysław Komorek" uid="693154">
  <nd ref="3085278895"/>
  <nd ref="3085278893"/>
  <nd ref="3085278891"/>
  <nd ref="3085278889"/>
  <nd ref="3085278887"/>
  <nd ref="3085279089"/>
  <nd ref="3085278888"/>
  <nd ref="3085278890"/>
  <nd ref="3085278892"/>
  <nd ref="3085278894"/>
  <nd ref="3085278896"/>
  <nd ref="3085279090"/>
  <nd ref="3085278898"/>
  <nd ref="3085278901"/>
  <nd ref="3085278903"/>
  <nd ref="3085279092"/>
  <nd ref="3085279094"/>
  <nd ref="3085278965"/>
  <nd ref="3085278967"/>
  <nd ref="3085278969"/>
  <nd ref="3085278970"/>
  <nd ref="3085278968"/>
  <nd ref="3085278966"/>
  <nd ref="3085278964"/>
  <nd ref="3085279093"/>
  <nd ref="3085278904"/>
  <nd ref="3085278902"/>
  <nd ref="3085278900"/>
  <nd ref="3085279091"/>
  <nd ref="3085278897"/>
  <nd ref="3085278895"/>
  <tag k="landuse" v="grass"/>
 </way>
 <way id="304011776" visible="true" version="1" changeset="25530048" timestamp="2014-09-18T21:10:13Z" user="Władysław Komorek" uid="693154">
  <nd ref="3085277750"/>
  <nd ref="3085277749"/>
  <nd ref="3085278593"/>
  <nd ref="3085278590"/>
  <nd ref="3085278588"/>
  <nd ref="3085278587"/>
  <nd ref="3085278589"/>
  <nd ref="3085278591"/>
  <nd ref="3085278592"/>
  <nd ref="3085278594"/>
  <nd ref="3085278595"/>
  <nd ref="3085277752"/>
  <nd ref="3085277754"/>
  <nd ref="3085278493"/>
  <nd ref="3085278495"/>
  <nd ref="3085278597"/>
  <nd ref="3085277756"/>
  <nd ref="3085278501"/>
  <nd ref="3085278503"/>
  <nd ref="3085278505"/>
  <nd ref="3085278506"/>
  <nd ref="3085278504"/>
  <nd ref="3085278502"/>
  <nd ref="3085278599"/>
  <nd ref="3085278598"/>
  <nd ref="3085278496"/>
  <nd ref="3085278494"/>
  <nd ref="3085278492"/>
  <nd ref="3085277753"/>
  <nd ref="3085277751"/>
  <nd ref="3085277750"/>
  <tag k="landuse" v="grass"/>
 </way>
 <way id="304011777" visible="true" version="1" changeset="25530048" timestamp="2014-09-18T21:10:13Z" user="Władysław Komorek" uid="693154">
  <nd ref="3085279860"/>
  <nd ref="3085279858"/>
  <nd ref="3085279856"/>
  <nd ref="3085279853"/>
  <nd ref="3085279851"/>
  <nd ref="3085277765"/>
  <nd ref="3085279852"/>
  <nd ref="3085279854"/>
  <nd ref="3085279855"/>
  <nd ref="3085279857"/>
  <nd ref="3085279859"/>
  <nd ref="3085279862"/>
  <nd ref="3085279864"/>
  <nd ref="3085279867"/>
  <nd ref="3085279869"/>
  <nd ref="3085278689"/>
  <nd ref="3085278603"/>
  <nd ref="3085277282"/>
  <nd ref="3085277283"/>
  <nd ref="3085277284"/>
  <nd ref="3085279875"/>
  <nd ref="3085279874"/>
  <nd ref="3085279873"/>
  <nd ref="3085279872"/>
  <nd ref="3085279871"/>
  <nd ref="3085279870"/>
  <nd ref="3085279868"/>
  <nd ref="3085279866"/>
  <nd ref="3085279863"/>
  <nd ref="3085279861"/>
  <nd ref="3085279860"/>
  <tag k="landuse" v="grass"/>
 </way>
 <way id="304022548" visible="true" version="3" changeset="110584872" timestamp="2021-09-01T21:00:48Z" user="Bartek F" uid="95019">
  <nd ref="3085386579"/>
  <nd ref="3085377211"/>
  <tag k="highway" v="footway"/>
  <tag k="lit" v="yes"/>
  <tag k="tunnel" v="building_passage"/>
  <tag k="width" v="1.83"/>
 </way>
 <way id="304022549" visible="true" version="3" changeset="110584872" timestamp="2021-09-01T21:00:50Z" user="Bartek F" uid="95019">
  <nd ref="3085377210"/>
  <nd ref="3085387341"/>
  <tag k="highway" v="footway"/>
  <tag k="lit" v="yes"/>
  <tag k="tunnel" v="building_passage"/>
  <tag k="width" v="1.3"/>
 </way>
 <way id="304022551" visible="true" version="3" changeset="110584872" timestamp="2021-09-01T21:00:52Z" user="Bartek F" uid="95019">
  <nd ref="3085377212"/>
  <nd ref="3085386580"/>
  <tag k="highway" v="footway"/>
  <tag k="lit" v="yes"/>
  <tag k="tunnel" v="building_passage"/>
  <tag k="width" v="1.87"/>
 </way>
 <way id="337145503" visible="true" version="4" changeset="116261758" timestamp="2022-01-17T16:24:42Z" user="Mateusz Konieczny" uid="1722488">
  <nd ref="2503559226"/>
  <nd ref="2453051867"/>
  <nd ref="2503559225"/>
  <tag k="footway" v="not_part_of_a_road"/>
  <tag k="highway" v="footway"/>
  <tag k="lit" v="yes"/>
  <tag k="smoothness" v="excellent"/>
  <tag k="surface" v="paving_stones"/>
  <tag k="tunnel" v="building_passage"/>
  <tag k="width" v="4"/>
 </way>
 <way id="367139771" visible="true" version="10" changeset="180097577" timestamp="2026-03-19T09:16:40Z" user="drkknpk" uid="23956097">
  <nd ref="1913862668"/>
  <nd ref="3710926857"/>
  <nd ref="13660912664"/>
  <nd ref="2503559225"/>
  <tag k="highway" v="pedestrian"/>
  <tag k="lit" v="yes"/>
  <tag k="noname" v="yes"/>
  <tag k="smoothness" v="excellent"/>
  <tag k="surface" v="sett"/>
 </way>
 <way id="367139775" visible="true" version="12" changeset="182389549" timestamp="2026-05-08T15:55:38Z" user="Mateusz Konieczny" uid="1722488">
  <nd ref="2503558048"/>
  <nd ref="1913862666"/>
  <tag k="highway" v="pedestrian"/>
  <tag k="lit" v="yes"/>
  <tag k="noname" v="yes"/>
  <tag k="paving_stones:material" v="stone"/>
  <tag k="smoothness" v="good"/>
  <tag k="surface" v="paving_stones"/>
 </way>
 <way id="374515880" visible="true" version="3" changeset="164337195" timestamp="2025-03-31T15:44:13Z" user="U42" uid="12752888">
  <nd ref="3779126580"/>
  <nd ref="3779126578"/>
  <nd ref="3779126576"/>
  <nd ref="3779126577"/>
  <nd ref="3779126579"/>
  <nd ref="3779126581"/>
  <nd ref="3779126583"/>
  <nd ref="3779126585"/>
  <nd ref="3779126587"/>
  <nd ref="3779126586"/>
  <nd ref="3779126584"/>
  <nd ref="3779126582"/>
  <nd ref="3779126580"/>
  <tag k="barrier" v="chain"/>
  <tag k="height" v="1"/>
  <tag k="locked" v="yes"/>
 </way>
 <way id="374515883" visible="true" version="37" changeset="158593453" timestamp="2024-10-31T18:35:50Z" user="Władysław Komorek" uid="693154">
  <nd ref="2271094378"/>
  <nd ref="2271094376"/>
  <nd ref="2271094374"/>
  <nd ref="2271094372"/>
  <nd ref="2271094373"/>
  <nd ref="2271094375"/>
  <nd ref="2271094377"/>
  <nd ref="2271094379"/>
  <nd ref="2271094381"/>
  <nd ref="2271094383"/>
  <nd ref="2271094385"/>
  <nd ref="2271094387"/>
  <nd ref="2271094389"/>
  <nd ref="2271094384"/>
  <nd ref="2271094382"/>
  <nd ref="2271094380"/>
  <nd ref="2271094378"/>
  <tag k="artist_name" v="Teodor Rygier"/>
  <tag k="height" v="10"/>
  <tag k="historic" v="memorial"/>
  <tag k="inscription" v="Adamowi Mickiewiczowi Naród."/>
  <tag k="loc_name" v="Adaś"/>
  <tag k="material" v="metal"/>
  <tag k="memorial" v="statue"/>
  <tag k="monument" v="statue"/>
  <tag k="name" v="Adam Mickiewicz"/>
  <tag k="name:be" v="Адам Міцкевіч"/>
  <tag k="name:de" v="Adam-Mickiewicz-Denkmal"/>
  <tag k="name:en" v="Adam Mickiewicz Monument"/>
  <tag k="name:hu" v="Adam Mickiewicz-emlékmű"/>
  <tag k="name:pl" v="Adam Mickiewicz"/>
  <tag k="name:ru" v="Адам Мицкевич"/>
  <tag k="start_date" v="1898"/>
  <tag k="subject:wikidata" v="Q79822"/>
  <tag k="subject:wikipedia" v="pl:Adam Mickiewicz"/>
  <tag k="wikidata" v="Q348381"/>
  <tag k="wikimedia_commons" v="File:Kraków - Pomnik Adama Mickiewicza.jpg"/>
  <tag k="wikipedia" v="pl:Pomnik Adama Mickiewicza w Krakowie"/>
 </way>
 <way id="374517255" visible="true" version="2" changeset="40156368" timestamp="2016-06-20T12:32:34Z" user="kocio" uid="52087">
  <nd ref="3779137708"/>
  <nd ref="3779137711"/>
  <nd ref="3779137712"/>
  <nd ref="3779137710"/>
  <nd ref="3779137708"/>
  <tag k="amenity" v="bench"/>
  <tag k="backrest" v="no"/>
  <tag k="colour" v="gray"/>
  <tag k="material" v="stone"/>
 </way>
 <way id="374517259" visible="true" version="2" changeset="40156368" timestamp="2016-06-20T12:32:34Z" user="kocio" uid="52087">
  <nd ref="3779137714"/>
  <nd ref="3779137716"/>
  <nd ref="3779137715"/>
  <nd ref="3779137713"/>
  <nd ref="3779137714"/>
  <tag k="amenity" v="bench"/>
  <tag k="backrest" v="no"/>
  <tag k="colour" v="gray"/>
  <tag k="material" v="stone"/>
 </way>
 <way id="374517263" visible="true" version="2" changeset="40156368" timestamp="2016-06-20T12:32:34Z" user="kocio" uid="52087">
  <nd ref="3779137696"/>
  <nd ref="3779137699"/>
  <nd ref="3779137701"/>
  <nd ref="3779137698"/>
  <nd ref="3779137696"/>
  <tag k="amenity" v="bench"/>
  <tag k="backrest" v="no"/>
  <tag k="colour" v="gray"/>
  <tag k="material" v="stone"/>
 </way>
 <way id="374517271" visible="true" version="2" changeset="40156368" timestamp="2016-06-20T12:32:35Z" user="kocio" uid="52087">
  <nd ref="3779137709"/>
  <nd ref="3779137706"/>
  <nd ref="3779137705"/>
  <nd ref="3779137707"/>
  <nd ref="3779137709"/>
  <tag k="amenity" v="bench"/>
  <tag k="backrest" v="no"/>
  <tag k="colour" v="gray"/>
  <tag k="material" v="stone"/>
 </way>
 <way id="374517273" visible="true" version="2" changeset="40156368" timestamp="2016-06-20T12:32:35Z" user="kocio" uid="52087">
  <nd ref="3779137700"/>
  <nd ref="3779137703"/>
  <nd ref="3779137704"/>
  <nd ref="3779137702"/>
  <nd ref="3779137700"/>
  <tag k="amenity" v="bench"/>
  <tag k="backrest" v="no"/>
  <tag k="colour" v="gray"/>
  <tag k="material" v="stone"/>
 </way>
 <way id="375572252" visible="true" version="6" changeset="126675019" timestamp="2022-09-26T23:47:28Z" user="edc22" uid="6529331">
  <nd ref="3789294276"/>
  <nd ref="3789294275"/>
  <nd ref="3789294273"/>
  <nd ref="10054869759"/>
  <nd ref="3789294276"/>
  <tag k="leisure" v="outdoor_seating"/>
  <tag k="operator" v="Noworolski"/>
  <tag k="outdoor_seating" v="pedestrian_zone"/>
  <tag k="weather_protection" v="parasol"/>
 </way>
 <way id="586817080" visible="true" version="8" changeset="187770517" timestamp="2026-08-21T00:30:14Z" user="Adam Haba" uid="12293030">
  <nd ref="5606431412"/>
  <nd ref="5606431410"/>
  <tag k="highway" v="service"/>
  <tag k="lit" v="yes"/>
  <tag k="maxheight" v="3"/>
  <tag k="motor_vehicle" v="private"/>
  <tag k="service" v="driveway"/>
  <tag k="surface" v="sett"/>
  <tag k="tunnel" v="building_passage"/>
  <tag k="width" v="2.5"/>
 </way>
 <way id="586817082" visible="true" version="10" changeset="187770517" timestamp="2026-08-21T00:30:14Z" user="Adam Haba" uid="12293030">
  <nd ref="5606431409"/>
  <nd ref="5606431412"/>
  <tag k="highway" v="service"/>
  <tag k="lit" v="yes"/>
  <tag k="maxheight" v="3"/>
  <tag k="motor_vehicle" v="private"/>
  <tag k="oneway" v="no"/>
  <tag k="service" v="driveway"/>
  <tag k="surface" v="sett"/>
  <tag k="tunnel" v="building_passage"/>
  <tag k="width" v="2.5"/>
 </way>
 <way id="714681033" visible="true" version="2" changeset="92259637" timestamp="2020-10-10T00:07:29Z" user="edc22" uid="6529331">
  <nd ref="1657846825"/>
  <nd ref="6717888533"/>
  <nd ref="6717888531"/>
  <nd ref="6717888526"/>
  <nd ref="6717888530"/>
  <nd ref="6717888528"/>
  <nd ref="6717888527"/>
  <nd ref="6717888532"/>
  <nd ref="1657846825"/>
  <tag k="building" v="yes"/>
 </way>
 <way id="779443744" visible="true" version="2" changeset="123132566" timestamp="2022-07-02T20:35:21Z" user="ivanbranco" uid="11220113">
  <nd ref="1658116467"/>
  <nd ref="7278499775"/>
  <nd ref="7278499774"/>
  <nd ref="7278499773"/>
  <nd ref="7278499772"/>
  <nd ref="7278499771"/>
  <nd ref="7278499770"/>
  <nd ref="1658116467"/>
  <tag k="landuse" v="residential"/>
 </way>
 <way id="779443745" visible="true" version="2" changeset="123132566" timestamp="2022-07-02T20:35:21Z" user="ivanbranco" uid="11220113">
  <nd ref="7278499782"/>
  <nd ref="7278499781"/>
  <nd ref="7278499780"/>
  <nd ref="6718063351"/>
  <nd ref="7278499778"/>
  <nd ref="7278499777"/>
  <nd ref="7278499782"/>
  <tag k="landuse" v="residential"/>
 </way>
 <way id="779443746" visible="true" version="1" changeset="81936979" timestamp="2020-03-09T01:22:20Z" user="Robercin" uid="699708">
  <nd ref="7278509187"/>
  <nd ref="7278509186"/>
  <nd ref="7278509185"/>
  <nd ref="7278499784"/>
  <nd ref="7278499783"/>
  <nd ref="7278509187"/>
  <tag k="landuse" v="residential"/>
 </way>
 <way id="779443749" visible="true" version="2" changeset="187814112" timestamp="2026-08-21T19:38:38Z" user="Adam Haba" uid="12293030">
  <nd ref="7278509215"/>
  <nd ref="7278509214"/>
  <nd ref="14111023147"/>
  <nd ref="7278509213"/>
  <nd ref="14111023148"/>
  <nd ref="14111023149"/>
  <nd ref="7278509212"/>
  <nd ref="7278509211"/>
  <nd ref="7278509210"/>
  <nd ref="7278509209"/>
  <nd ref="7278509208"/>
  <nd ref="7278509207"/>
  <nd ref="7278509206"/>
  <nd ref="7278509205"/>
  <nd ref="14111023143"/>
  <nd ref="7278509215"/>
  <tag k="landuse" v="residential"/>
 </way>
 <way id="779443754" visible="true" version="2" changeset="187768352" timestamp="2026-08-20T22:25:39Z" user="Adam Haba" uid="12293030">
  <nd ref="7278509284"/>
  <nd ref="7278509283"/>
  <nd ref="14108495060"/>
  <nd ref="7278509282"/>
  <nd ref="7278509281"/>
  <nd ref="7278509284"/>
  <tag k="landuse" v="residential"/>
 </way>
 <way id="822458812" visible="true" version="11" changeset="188655887" timestamp="2026-09-07T07:50:28Z" user="WieKo68" uid="6776248">
  <nd ref="14159026495"/>
  <nd ref="14159026496"/>
  <nd ref="14159026497"/>
  <nd ref="14159026498"/>
  <nd ref="14111023141"/>
  <nd ref="14111023139"/>
  <nd ref="14111023140"/>
  <nd ref="14111021786"/>
  <nd ref="14111021787"/>
  <nd ref="3090925580"/>
  <nd ref="14111021788"/>
  <nd ref="14111023136"/>
  <nd ref="251689118"/>
  <nd ref="14111023111"/>
  <nd ref="7679511047"/>
  <nd ref="14121097297"/>
  <nd ref="7679511046"/>
  <nd ref="14111045067"/>
  <nd ref="14110239268"/>
  <nd ref="14108600822"/>
  <nd ref="14108600823"/>
  <nd ref="273473986"/>
  <nd ref="14108600814"/>
  <nd ref="3080531511"/>
  <nd ref="3141428717"/>
  <nd ref="3141413188"/>
  <nd ref="14108600817"/>
  <nd ref="14108600819"/>
  <nd ref="273539551"/>
  <nd ref="2104477177"/>
  <nd ref="10224475270"/>
  <nd ref="206372380"/>
  <tag k="admin_level" v="10"/>
  <tag k="boundary" v="religious_administration"/>
  <tag k="denomination" v="roman_catholic"/>
  <tag k="name" v="granica parafii"/>
  <tag k="religion" v="christian"/>
 </way>
 <way id="903364266" visible="true" version="2" changeset="127958666" timestamp="2022-10-23T13:58:38Z" user="ivanbranco" uid="11220113">
  <nd ref="273530518"/>
  <nd ref="1703041814"/>
  <nd ref="10123890799"/>
  <nd ref="1703041812"/>
  <nd ref="273530517"/>
  <nd ref="273530522"/>
  <nd ref="273530521"/>
  <nd ref="2500433506"/>
  <nd ref="2500433507"/>
  <nd ref="2500433509"/>
  <nd ref="2500433510"/>
  <nd ref="273530518"/>
  <tag k="building:colour" v="#b22222"/>
  <tag k="building:material" v="brick"/>
  <tag k="building:part" v="yes"/>
  <tag k="height" v="40"/>
  <tag k="roof:material" v="copper"/>
  <tag k="roof:shape" v="flat"/>
 </way>
 <way id="1036413564" visible="true" version="12" changeset="187814516" timestamp="2026-08-21T19:48:16Z" user="Adam Haba" uid="12293030">
  <nd ref="9548493004"/>
  <nd ref="13393678971"/>
  <nd ref="14110242914"/>
  <nd ref="14111045068"/>
  <nd ref="14110239274"/>
  <nd ref="13917555539"/>
  <nd ref="13021802669"/>
  <nd ref="14111045064"/>
  <nd ref="4056403413"/>
  <nd ref="9548493006"/>
  <nd ref="9548493007"/>
  <tag k="abandoned:electrified" v="contact_line"/>
  <tag k="disused:railway" v="tram"/>
  <tag k="electrified" v="no"/>
  <tag k="gauge" v="900"/>
  <tag k="operator" v="Zarząd Dróg Miasta Krakowa"/>
  <tag k="operator:short" v="ZDMK"/>
  <tag k="operator:wikidata" v="Q11780297"/>
  <tag k="railway" v="disused"/>
 </way>
 <way id="1036413832" visible="true" version="7" changeset="182652092" timestamp="2026-05-14T14:19:05Z" user="Deftax" uid="23237937">
  <nd ref="9548515314"/>
  <nd ref="9548515315"/>
  <tag k="abandoned:electrified" v="contact_line"/>
  <tag k="disused:railway" v="tram"/>
  <tag k="electrified" v="no"/>
  <tag k="gauge" v="900"/>
  <tag k="operator" v="Zarząd Dróg Miasta Krakowa"/>
  <tag k="operator:short" v="ZDMK"/>
  <tag k="operator:wikidata" v="Q11780297"/>
  <tag k="railway" v="disused"/>
 </way>
 <way id="1106336952" visible="true" version="1" changeset="127958666" timestamp="2022-10-23T13:58:38Z" user="ivanbranco" uid="11220113">
  <nd ref="10123890814"/>
  <nd ref="10123890815"/>
  <nd ref="10123890816"/>
  <nd ref="10123911817"/>
  <nd ref="10123890814"/>
  <tag k="leisure" v="outdoor_seating"/>
 </way>
 <way id="1106336953" visible="true" version="2" changeset="187963544" timestamp="2026-08-24T23:16:41Z" user="Adam Haba" uid="12293030">
  <nd ref="10123911818"/>
  <nd ref="10123911819"/>
  <nd ref="10123911820"/>
  <nd ref="14121235984"/>
  <nd ref="14121235985"/>
  <nd ref="14121235983"/>
  <nd ref="14121235982"/>
  <nd ref="10123911821"/>
  <nd ref="14121235981"/>
  <nd ref="14121235980"/>
  <nd ref="14121235979"/>
  <nd ref="10123911822"/>
  <nd ref="14121235978"/>
  <nd ref="10123911823"/>
  <nd ref="10123911824"/>
  <nd ref="10123911825"/>
  <nd ref="14121235986"/>
  <nd ref="14121235987"/>
  <nd ref="10123911826"/>
  <nd ref="14121235988"/>
  <nd ref="10123911827"/>
  <nd ref="14121235989"/>
  <nd ref="10123911828"/>
  <nd ref="14121235990"/>
  <nd ref="10123911829"/>
  <nd ref="14121235991"/>
  <nd ref="14121235992"/>
  <nd ref="10123911830"/>
  <nd ref="14121235993"/>
  <nd ref="14121235994"/>
  <nd ref="10123911818"/>
  <tag k="leisure" v="outdoor_seating"/>
 </way>
 <way id="1173052547" visible="true" version="29" changeset="187963544" timestamp="2026-08-24T23:16:41Z" user="Adam Haba" uid="12293030">
  <nd ref="1913862678"/>
  <nd ref="1913862673"/>
  <nd ref="1913862669"/>
  <nd ref="1913862666"/>
  <nd ref="14121235995"/>
  <nd ref="14121235996"/>
  <nd ref="14121235997"/>
  <nd ref="1913862664"/>
  <nd ref="13660912663"/>
  <nd ref="1913862643"/>
  <nd ref="1913862638"/>
  <nd ref="14121235998"/>
  <nd ref="14121238342"/>
  <nd ref="14121238343"/>
  <nd ref="14121238344"/>
  <nd ref="14121238345"/>
  <nd ref="1913862631"/>
  <tag k="bicycle" v="yes"/>
  <tag k="emergency" v="yes"/>
  <tag k="foot" v="yes"/>
  <tag k="highway" v="living_street"/>
  <tag k="horse" v="yes"/>
  <tag k="junction" v="roundabout"/>
  <tag k="lit" v="yes"/>
  <tag k="maxspeed" v="20"/>
  <tag k="motor_vehicle" v="permissive"/>
  <tag k="motor_vehicle:conditional" v="delivery @ (23:00-10:00); disabled @ (06:00-12:00,18:00-20:00)"/>
  <tag k="name" v="Rynek Główny"/>
  <tag k="name:be" v="Галоўны рынак"/>
  <tag k="name:de" v="Hauptmarkt"/>
  <tag k="name:en" v="Main Market Square"/>
  <tag k="name:pl" v="Rynek Główny"/>
  <tag k="name:ru" v="Рыночная площадь"/>
  <tag k="oneway:foot" v="no"/>
  <tag k="parking:both" v="no"/>
  <tag k="smoothness" v="excellent"/>
  <tag k="source:bicycle" v="sign"/>
  <tag k="source:maxspeed" v="PL:living_street"/>
  <tag k="surface" v="sett"/>
 </way>
 <way id="1276018073" visible="true" version="3" changeset="184956703" timestamp="2026-07-02T06:41:38Z" user="Mateusz Konieczny" uid="1722488">
  <nd ref="1913862676"/>
  <nd ref="11846830710"/>
  <nd ref="11846830709"/>
  <nd ref="12507537087"/>
  <nd ref="1913862668"/>
  <nd ref="13982237107"/>
  <nd ref="13982237108"/>
  <nd ref="1913862666"/>
  <nd ref="11846830708"/>
  <nd ref="12507537085"/>
  <nd ref="1913862673"/>
  <nd ref="12507537086"/>
  <nd ref="11846830707"/>
  <nd ref="11846830706"/>
  <nd ref="1913862676"/>
  <tag k="area" v="no"/>
  <tag k="bicycle" v="yes"/>
  <tag k="comment" v="path for pedestrian routing"/>
  <tag k="highway" v="pedestrian"/>
  <tag k="lit" v="yes"/>
  <tag k="noname" v="yes"/>
  <tag k="smoothness" v="excellent"/>
  <tag k="surface" v="sett"/>
 </way>
 <way id="1276018074" visible="true" version="4" changeset="171494184" timestamp="2025-09-05T11:44:03Z" user="Икчпук" uid="21130589">
  <nd ref="2503559226"/>
  <nd ref="12507537086"/>
  <nd ref="11846830712"/>
  <nd ref="1913862678"/>
  <tag k="area" v="no"/>
  <tag k="bicycle" v="yes"/>
  <tag k="comment" v="path for pedestrian routing"/>
  <tag k="highway" v="pedestrian"/>
  <tag k="lit" v="yes"/>
  <tag k="noname" v="yes"/>
  <tag k="smoothness" v="excellent"/>
  <tag k="surface" v="sett"/>
 </way>
 <way id="1276018075" visible="true" version="3" changeset="171494184" timestamp="2025-09-05T11:44:03Z" user="Икчпук" uid="21130589">
  <nd ref="2503383014"/>
  <nd ref="11846830706"/>
  <tag k="highway" v="pedestrian"/>
  <tag k="lit" v="yes"/>
  <tag k="noname" v="yes"/>
  <tag k="smoothness" v="good"/>
  <tag k="surface" v="sett"/>
 </way>
 <way id="1427294723" visible="true" version="4" changeset="187963544" timestamp="2026-08-24T23:16:41Z" user="Adam Haba" uid="12293030">
  <nd ref="13660912664"/>
  <nd ref="12507537087"/>
  <nd ref="3710926858"/>
  <nd ref="14121238335"/>
  <nd ref="14121238336"/>
  <nd ref="14121238337"/>
  <nd ref="1913875698"/>
  <tag k="highway" v="pedestrian"/>
  <tag k="lit" v="yes"/>
  <tag k="noname" v="yes"/>
  <tag k="smoothness" v="excellent"/>
  <tag k="surface" v="sett"/>
 </way>
 <way id="1427294724" visible="true" version="2" changeset="171494184" timestamp="2025-09-05T11:44:03Z" user="Икчпук" uid="21130589">
  <nd ref="1913862669"/>
  <nd ref="11846830711"/>
  <nd ref="12507537085"/>
  <nd ref="2503559226"/>
  <tag k="area" v="no"/>
  <tag k="bicycle" v="yes"/>
  <tag k="comment" v="path for pedestrian routing"/>
  <tag k="highway" v="pedestrian"/>
  <tag k="lit" v="yes"/>
  <tag k="noname" v="yes"/>
  <tag k="smoothness" v="excellent"/>
  <tag k="surface" v="sett"/>
 </way>
 <way id="1460610724" visible="true" version="4" changeset="187963558" timestamp="2026-08-24T23:17:25Z" user="Adam Haba" uid="12293030">
  <nd ref="14108495063"/>
  <nd ref="14108495122"/>
  <nd ref="14108495126"/>
  <nd ref="14108495127"/>
  <nd ref="14108495062"/>
  <nd ref="251689747"/>
  <nd ref="14108495065"/>
  <nd ref="13396122075"/>
  <nd ref="13396122074"/>
  <nd ref="14121193645"/>
  <nd ref="14108495133"/>
  <tag k="highway" v="footway"/>
  <tag k="lit" v="yes"/>
  <tag k="surface" v="paving_stones"/>
 </way>
 <way id="1471458514" visible="true" version="2" changeset="187770517" timestamp="2026-08-21T00:30:14Z" user="Adam Haba" uid="12293030">
  <nd ref="13502573415"/>
  <nd ref="14108600809"/>
  <tag k="highway" v="footway"/>
 </way>
 <way id="1490484879" visible="true" version="5" changeset="189425851" timestamp="2026-09-23T01:55:41Z" user="Mateusz Konieczny" uid="1722488">
  <nd ref="13660912664"/>
  <nd ref="11846830709"/>
  <tag k="highway" v="pedestrian"/>
  <tag k="lit" v="yes"/>
  <tag k="noname" v="yes"/>
  <tag k="surface" v="sett"/>
 </way>
 <way id="1510587530" visible="true" version="2" changeset="184956703" timestamp="2026-07-02T06:41:38Z" user="Mateusz Konieczny" uid="1722488">
  <nd ref="13660912663"/>
  <nd ref="13982237108"/>
  <nd ref="13660912664"/>
  <tag k="highway" v="pedestrian"/>
  <tag k="noname" v="yes"/>
  <tag k="surface" v="paving_stones"/>
 </way>
 <way id="1527224198" visible="true" version="3" changeset="187814516" timestamp="2026-08-21T19:48:16Z" user="Adam Haba" uid="12293030">
  <nd ref="2110897859"/>
  <nd ref="13393678972"/>
  <nd ref="14111045066"/>
  <nd ref="14111045065"/>
  <tag k="bicycle" v="yes"/>
  <tag k="cycleway:left" v="no"/>
  <tag k="highway" v="pedestrian"/>
  <tag k="lit" v="yes"/>
  <tag k="maxspeed" v="20"/>
  <tag k="name" v="Szewska"/>
  <tag k="name:de" v="Schugasse"/>
  <tag k="name:fr" v="Rue des Cordonniers"/>
  <tag k="name:pl" v="Szewska"/>
  <tag k="oneway" v="yes"/>
  <tag k="oneway:bicycle" v="no"/>
  <tag k="source:bicycle" v="sign"/>
  <tag k="source:maxspeed" v="PL:living_street"/>
  <tag k="surface" v="paving_stones"/>
  <tag k="wikidata" v="Q9366052"/>
  <tag k="wikipedia" v="pl:Ulica Szewska w Krakowie"/>
 </way>
 <way id="1551183502" visible="true" version="3" changeset="187963118" timestamp="2026-08-24T22:54:11Z" user="Adam Haba" uid="12293030">
  <nd ref="14108495112"/>
  <nd ref="14108495130"/>
  <nd ref="14108495117"/>
  <nd ref="14108495139"/>
  <nd ref="14108495114"/>
  <nd ref="14121097293"/>
  <tag k="highway" v="footway"/>
  <tag k="surface" v="paving_stones"/>
 </way>
 <way id="1551183503" visible="true" version="1" changeset="187768352" timestamp="2026-08-20T22:25:39Z" user="Adam Haba" uid="12293030">
  <nd ref="14108495115"/>
  <nd ref="14108495152"/>
  <nd ref="14108495063"/>
  <tag k="crossing" v="unmarked"/>
  <tag k="crossing:markings" v="no"/>
  <tag k="footway" v="crossing"/>
  <tag k="highway" v="footway"/>
  <tag k="surface" v="sett"/>
 </way>
 <way id="1551183506" visible="true" version="2" changeset="187963118" timestamp="2026-08-24T22:54:11Z" user="Adam Haba" uid="12293030">
  <nd ref="14108495120"/>
  <nd ref="14108495124"/>
  <nd ref="14108495125"/>
  <nd ref="14108495116"/>
  <nd ref="14108495123"/>
  <nd ref="14108495122"/>
  <nd ref="14121212002"/>
  <nd ref="14121097292"/>
  <tag k="highway" v="footway"/>
  <tag k="surface" v="paving_stones"/>
 </way>
 <way id="1551183507" visible="true" version="1" changeset="187768352" timestamp="2026-08-20T22:25:39Z" user="Adam Haba" uid="12293030">
  <nd ref="3085386579"/>
  <nd ref="14108495126"/>
  <tag k="highway" v="footway"/>
  <tag k="surface" v="paving_stones"/>
 </way>
 <way id="1551183508" visible="true" version="1" changeset="187768352" timestamp="2026-08-20T22:25:39Z" user="Adam Haba" uid="12293030">
  <nd ref="3085377210"/>
  <nd ref="14108495127"/>
  <tag k="highway" v="footway"/>
  <tag k="surface" v="paving_stones"/>
 </way>
 <way id="1551183513" visible="true" version="2" changeset="187770517" timestamp="2026-08-21T00:30:14Z" user="Adam Haba" uid="12293030">
  <nd ref="14108495115"/>
  <nd ref="14108495114"/>
  <nd ref="14108495153"/>
  <nd ref="14108495149"/>
  <nd ref="14108495150"/>
  <nd ref="14108495151"/>
  <nd ref="14108600809"/>
  <nd ref="14108600810"/>
  <nd ref="14108600811"/>
  <nd ref="14108600808"/>
  <tag k="highway" v="footway"/>
  <tag k="surface" v="paving_stones"/>
 </way>
 <way id="1551194088" visible="true" version="3" changeset="187963118" timestamp="2026-08-24T22:54:11Z" user="Adam Haba" uid="12293030">
  <nd ref="14108600821"/>
  <nd ref="14110239270"/>
  <nd ref="14108600827"/>
  <nd ref="14108600824"/>
  <nd ref="14108600825"/>
  <nd ref="14108600826"/>
  <nd ref="14121212001"/>
  <nd ref="14121097291"/>
  <nd ref="14121097292"/>
  <tag k="highway" v="footway"/>
  <tag k="surface" v="paving_stones"/>
 </way>
 <way id="1552144149" visible="true" version="1" changeset="187963118" timestamp="2026-08-24T22:54:11Z" user="Adam Haba" uid="12293030">
  <nd ref="14121097293"/>
  <nd ref="14121097295"/>
  <nd ref="14121097294"/>
  <tag k="crossing" v="unmarked"/>
  <tag k="crossing:markings" v="no"/>
  <tag k="footway" v="crossing"/>
  <tag k="highway" v="footway"/>
  <tag k="surface" v="sett"/>
 </way>
 <way id="1552144150" visible="true" version="2" changeset="189690518" timestamp="2026-09-28T17:35:42Z" user="Lukas Zirpel" uid="14799313">
  <nd ref="14121097294"/>
  <nd ref="14121212001"/>
  <nd ref="14121097296"/>
  <nd ref="14121097300"/>
  <nd ref="14121097298"/>
  <nd ref="14121097299"/>
  <nd ref="14110239284"/>
  <tag k="highway" v="footway"/>
  <tag k="lit" v="yes"/>
  <tag k="surface" v="paving_stones"/>
 </way>
 <way id="1552146544" visible="true" version="2" changeset="187997880" timestamp="2026-08-25T15:57:49Z" user="Adam Haba" uid="12293030">
  <nd ref="14111021796"/>
  <nd ref="14121235958"/>
  <nd ref="14121235961"/>
  <nd ref="14121238304"/>
  <nd ref="14111023150"/>
  <nd ref="14121235959"/>
  <nd ref="14121235962"/>
  <nd ref="14121235963"/>
  <nd ref="14121235964"/>
  <nd ref="14121235965"/>
  <nd ref="14121235966"/>
  <nd ref="14121235967"/>
  <nd ref="14121235968"/>
  <nd ref="14121235969"/>
  <nd ref="14121235970"/>
  <nd ref="14121235971"/>
  <nd ref="14121235972"/>
  <nd ref="14121235973"/>
  <nd ref="14121235974"/>
  <nd ref="14121235975"/>
  <nd ref="14121235976"/>
  <nd ref="14121235977"/>
  <nd ref="30375913"/>
  <tag k="highway" v="footway"/>
  <tag k="surface" v="paving_stones"/>
 </way>
 <way id="1563290096" visible="true" version="1" changeset="189697769" timestamp="2026-09-28T20:30:24Z" user="Sejmi" uid="24399298">
  <nd ref="14229027927"/>
  <nd ref="14229027930"/>
  <nd ref="14229027928"/>
  <nd ref="14229027931"/>
  <nd ref="14229027927"/>
  <tag k="historic" v="memorial"/>
  <tag k="historic:date" v="2004-05-01"/>
  <tag k="memorial" v="plaque"/>
  <tag k="name" v="Akcesja Polski do Unii Europejskiej"/>
  <tag k="opening_hours" v="24/7"/>
  <tag k="subject:wikipedia" v="pl:Akcesja Polski do Unii Europejskiej"/>
  <tag k="support" v="ground"/>
  <tag k="wheelchair" v="yes"/>
 </way>
 <relation id="49715" visible="true" version="1329" changeset="187776440" timestamp="2026-08-21T05:58:47Z" user="Aleksandar Matejevic" uid="8724788">
  <member type="way" ref="1448723612" role="outer"/>
  <member type="way" ref="559448623" role="outer"/>
  <member type="way" ref="559675249" role="outer"/>
  <member type="way" ref="51674415" role="outer"/>
  <member type="way" ref="1448486052" role="outer"/>
  <member type="way" ref="1448486051" role="outer"/>
  <member type="way" ref="814609168" role="outer"/>
  <member type="way" ref="51674425" role="outer"/>
  <member type="way" ref="1451084313" role="outer"/>
  <member type="way" ref="51674434" role="outer"/>
  <member type="way" ref="51674432" role="outer"/>
  <member type="way" ref="1448723636" role="outer"/>
  <member type="way" ref="51674433" role="outer"/>
  <member type="way" ref="510751427" role="outer"/>
  <member type="way" ref="51674421" role="outer"/>
  <member type="way" ref="1448486040" role="outer"/>
  <member type="way" ref="51674300" role="outer"/>
  <member type="way" ref="1448486041" role="outer"/>
  <member type="way" ref="559747410" role="outer"/>
  <member type="way" ref="1491512833" role="outer"/>
  <member type="way" ref="51674302" role="outer"/>
  <member type="way" ref="202800686" role="outer"/>
  <member type="way" ref="51674412" role="outer"/>
  <member type="way" ref="51674410" role="outer"/>
  <member type="way" ref="202800685" role="outer"/>
  <member type="way" ref="51674409" role="outer"/>
  <member type="way" ref="51674309" role="outer"/>
  <member type="way" ref="1491512828" role="outer"/>
  <member type="way" ref="202800687" role="outer"/>
  <member type="way" ref="560094756" role="outer"/>
  <member type="way" ref="560106523" role="outer"/>
  <member type="way" ref="1478555296" role="outer"/>
  <member type="way" ref="560115945" role="outer"/>
  <member type="way" ref="51674361" role="outer"/>
  <member type="way" ref="1478555295" role="outer"/>
  <member type="way" ref="51674407" role="outer"/>
  <member type="way" ref="1491517838" role="outer"/>
  <member type="way" ref="51674408" role="outer"/>
  <member type="way" ref="51674406" role="outer"/>
  <member type="way" ref="560165333" role="outer"/>
  <member type="way" ref="51674297" role="outer"/>
  <member type="way" ref="182570321" role="outer"/>
  <member type="way" ref="51674498" role="outer"/>
  <member type="way" ref="51674538" role="outer"/>
  <member type="way" ref="560202676" role="outer"/>
  <member type="way" ref="553058490" role="outer"/>
  <member type="way" ref="208836386" role="outer"/>
  <member type="way" ref="52114614" role="outer"/>
  <member type="way" ref="51674539" role="outer"/>
  <member type="way" ref="51674534" role="outer"/>
  <member type="way" ref="210794603" role="outer"/>
  <member type="way" ref="560687104" role="outer"/>
  <member type="way" ref="1414510694" role="outer"/>
  <member type="way" ref="51674537" role="outer"/>
  <member type="way" ref="51674495" role="outer"/>
  <member type="way" ref="51674557" role="outer"/>
  <member type="way" ref="1414510689" role="outer"/>
  <member type="way" ref="561596111" role="outer"/>
  <member type="way" ref="51674542" role="outer"/>
  <member type="way" ref="210794609" role="outer"/>
  <member type="way" ref="550431621" role="outer"/>
  <member type="way" ref="550617819" role="outer"/>
  <member type="way" ref="1414966002" role="outer"/>
  <member type="way" ref="51643632" role="outer"/>
  <member type="way" ref="1414935256" role="outer"/>
  <member type="way" ref="550503574" role="outer"/>
  <member type="way" ref="1414935255" role="outer"/>
  <member type="way" ref="550502680" role="outer"/>
  <member type="way" ref="550604899" role="outer"/>
  <member type="way" ref="51643703" role="outer"/>
  <member type="way" ref="1244238420" role="outer"/>
  <member type="way" ref="1085984274" role="outer"/>
  <member type="way" ref="550437881" role="outer"/>
  <member type="way" ref="550436946" role="outer"/>
  <member type="way" ref="51643634" role="outer"/>
  <member type="way" ref="51675081" role="outer"/>
  <member type="way" ref="181051167" role="outer"/>
  <member type="way" ref="1085986897" role="outer"/>
  <member type="way" ref="51675082" role="outer"/>
  <member type="way" ref="290207419" role="outer"/>
  <member type="way" ref="51675084" role="outer"/>
  <member type="way" ref="51675085" role="outer"/>
  <member type="way" ref="1243433657" role="outer"/>
  <member type="way" ref="210992317" role="outer"/>
  <member type="way" ref="290139385" role="outer"/>
  <member type="way" ref="51643677" role="outer"/>
  <member type="way" ref="51675027" role="outer"/>
  <member type="way" ref="181589627" role="outer"/>
  <member type="way" ref="290139384" role="outer"/>
  <member type="way" ref="154564319" role="outer"/>
  <member type="way" ref="182549017" role="outer"/>
  <member type="way" ref="290142897" role="outer"/>
  <member type="way" ref="1245662232" role="outer"/>
  <member type="way" ref="290139388" role="outer"/>
  <member type="way" ref="51675014" role="outer"/>
  <member type="way" ref="181975799" role="outer"/>
  <member type="way" ref="181051168" role="outer"/>
  <member type="way" ref="889332240" role="outer"/>
  <member type="way" ref="153947143" role="outer"/>
  <member type="way" ref="51675013" role="outer"/>
  <member type="way" ref="1353408272" role="outer"/>
  <member type="way" ref="1245814561" role="outer"/>
  <member type="way" ref="378583452" role="outer"/>
  <member type="way" ref="51675030" role="outer"/>
  <member type="way" ref="378582706" role="outer"/>
  <member type="way" ref="378582701" role="outer"/>
  <member type="way" ref="51674851" role="outer"/>
  <member type="way" ref="51675000" role="outer"/>
  <member type="way" ref="51675001" role="outer"/>
  <member type="way" ref="209742593" role="outer"/>
  <member type="way" ref="1337978117" role="outer"/>
  <member type="way" ref="180844828" role="outer"/>
  <member type="way" ref="51674964" role="outer"/>
  <member type="way" ref="51674992" role="outer"/>
  <member type="way" ref="51674652" role="outer"/>
  <member type="way" ref="51674640" role="outer"/>
  <member type="way" ref="258882073" role="outer"/>
  <member type="way" ref="1337978118" role="outer"/>
  <member type="way" ref="51675078" role="outer"/>
  <member type="way" ref="51675065" role="outer"/>
  <member type="way" ref="258835160" role="outer"/>
  <member type="way" ref="1337978115" role="outer"/>
  <member type="way" ref="51675063" role="outer"/>
  <member type="way" ref="258835161" role="outer"/>
  <member type="way" ref="54584090" role="outer"/>
  <member type="way" ref="51675038" role="outer"/>
  <member type="way" ref="51675080" role="outer"/>
  <member type="way" ref="122901453" role="outer"/>
  <member type="way" ref="51675079" role="outer"/>
  <member type="way" ref="51674582" role="outer"/>
  <member type="way" ref="199155403" role="outer"/>
  <member type="way" ref="148747513" role="outer"/>
  <member type="way" ref="49501323" role="outer"/>
  <member type="way" ref="160283290" role="outer"/>
  <member type="way" ref="199155404" role="outer"/>
  <member type="way" ref="122901455" role="outer"/>
  <member type="way" ref="1002548157" role="outer"/>
  <member type="way" ref="160283288" role="outer"/>
  <member type="way" ref="201243467" role="outer"/>
  <member type="way" ref="201243468" role="outer"/>
  <member type="way" ref="1079022659" role="outer"/>
  <member type="way" ref="1002557109" role="outer"/>
  <member type="way" ref="160283289" role="outer"/>
  <member type="way" ref="160283295" role="outer"/>
  <member type="way" ref="1079022657" role="outer"/>
  <member type="way" ref="1002557110" role="outer"/>
  <member type="way" ref="160283287" role="outer"/>
  <member type="way" ref="156278602" role="outer"/>
  <member type="way" ref="48461694" role="outer"/>
  <member type="way" ref="161757431" role="outer"/>
  <member type="way" ref="379376868" role="outer"/>
  <member type="way" ref="161757427" role="outer"/>
  <member type="way" ref="379370535" role="outer"/>
  <member type="way" ref="161757430" role="outer"/>
  <member type="way" ref="54584219" role="outer"/>
  <member type="way" ref="54584215" role="outer"/>
  <member type="way" ref="379218691" role="outer"/>
  <member type="way" ref="161757428" role="outer"/>
  <member type="way" ref="139225043" role="outer"/>
  <member type="way" ref="161757429" role="outer"/>
  <member type="way" ref="379157438" role="outer"/>
  <member type="way" ref="1002548158" role="outer"/>
  <member type="way" ref="54584216" role="outer"/>
  <member type="way" ref="379157440" role="outer"/>
  <member type="way" ref="49513358" role="outer"/>
  <member type="way" ref="182589461" role="outer"/>
  <member type="way" ref="161757432" role="outer"/>
  <member type="way" ref="161757433" role="outer"/>
  <member type="way" ref="48461690" role="outer"/>
  <member type="way" ref="211575751" role="outer"/>
  <member type="way" ref="48461594" role="outer"/>
  <member type="way" ref="161813849" role="outer"/>
  <member type="way" ref="161813848" role="outer"/>
  <member type="way" ref="327878533" role="outer"/>
  <member type="way" ref="161813833" role="outer"/>
  <member type="way" ref="211573689" role="outer"/>
  <member type="way" ref="327695220" role="outer"/>
  <member type="way" ref="327695219" role="outer"/>
  <member type="way" ref="1180212824" role="outer"/>
  <member type="way" ref="327694131" role="outer"/>
  <member type="way" ref="182589480" role="outer"/>
  <member type="way" ref="161813846" role="outer"/>
  <member type="way" ref="890508478" role="outer"/>
  <member type="way" ref="890508476" role="outer"/>
  <member type="way" ref="890508475" role="outer"/>
  <member type="way" ref="161813837" role="outer"/>
  <member type="way" ref="1341848217" role="outer"/>
  <member type="way" ref="161813847" role="outer"/>
  <member type="way" ref="1341848216" role="outer"/>
  <member type="way" ref="48465920" role="outer"/>
  <member type="way" ref="162012187" role="outer"/>
  <member type="way" ref="327681942" role="outer"/>
  <member type="way" ref="970701028" role="outer"/>
  <member type="way" ref="1341848215" role="outer"/>
  <member type="way" ref="48457133" role="outer"/>
  <member type="way" ref="182589492" role="outer"/>
  <member type="way" ref="890508474" role="outer"/>
  <member type="way" ref="970701029" role="outer"/>
  <member type="way" ref="970701030" role="outer"/>
  <member type="way" ref="212278492" role="outer"/>
  <member type="way" ref="171071864" role="outer"/>
  <member type="way" ref="890508473" role="outer"/>
  <member type="way" ref="1338048287" role="outer"/>
  <member type="way" ref="48457361" role="outer"/>
  <member type="way" ref="1079940765" role="outer"/>
  <member type="way" ref="890508472" role="outer"/>
  <member type="way" ref="890508477" role="outer"/>
  <member type="way" ref="1338048288" role="outer"/>
  <member type="way" ref="327516011" role="outer"/>
  <member type="way" ref="327511775" role="outer"/>
  <member type="way" ref="48457383" role="outer"/>
  <member type="way" ref="182589478" role="outer"/>
  <member type="way" ref="182589465" role="outer"/>
  <member type="way" ref="1024775039" role="outer"/>
  <member type="way" ref="327136553" role="outer"/>
  <member type="way" ref="327129753" role="outer"/>
  <member type="way" ref="171109280" role="outer"/>
  <member type="way" ref="171109307" role="outer"/>
  <member type="way" ref="171109325" role="outer"/>
  <member type="way" ref="327129752" role="outer"/>
  <member type="way" ref="171109367" role="outer"/>
  <member type="way" ref="211575750" role="outer"/>
  <member type="way" ref="171109380" role="outer"/>
  <member type="way" ref="171109398" role="outer"/>
  <member type="way" ref="326812977" role="outer"/>
  <member type="way" ref="171109257" role="outer"/>
  <member type="way" ref="635070349" role="outer"/>
  <member type="way" ref="635070350" role="outer"/>
  <member type="way" ref="171109405" role="outer"/>
  <member type="way" ref="48457372" role="outer"/>
  <member type="way" ref="211575752" role="outer"/>
  <member type="way" ref="635070351" role="outer"/>
  <member type="way" ref="211573688" role="outer"/>
  <member type="way" ref="183179498" role="outer"/>
  <member type="way" ref="171184380" role="outer"/>
  <member type="way" ref="326644029" role="outer"/>
  <member type="way" ref="171184392" role="outer"/>
  <member type="way" ref="171184396" role="outer"/>
  <member type="way" ref="171184399" role="outer"/>
  <member type="way" ref="183177603" role="outer"/>
  <member type="way" ref="171184379" role="outer"/>
  <member type="way" ref="171184397" role="outer"/>
  <member type="way" ref="171184393" role="outer"/>
  <member type="way" ref="198768005" role="outer"/>
  <member type="way" ref="326063508" role="outer"/>
  <member type="way" ref="326047172" role="outer"/>
  <member type="way" ref="171184376" role="outer"/>
  <member type="way" ref="171184381" role="outer"/>
  <member type="way" ref="198768004" role="outer"/>
  <member type="way" ref="325892177" role="outer"/>
  <member type="way" ref="325891030" role="outer"/>
  <member type="way" ref="171184400" role="outer"/>
  <member type="way" ref="48457405" role="outer"/>
  <member type="way" ref="171184375" role="outer"/>
  <member type="way" ref="171184395" role="outer"/>
  <member type="way" ref="325891029" role="outer"/>
  <member type="way" ref="198768003" role="outer"/>
  <member type="way" ref="171184388" role="outer"/>
  <member type="way" ref="198768002" role="outer"/>
  <member type="way" ref="171184398" role="outer"/>
  <member type="way" ref="171184378" role="outer"/>
  <member type="way" ref="325872175" role="outer"/>
  <member type="way" ref="171184377" role="outer"/>
  <member type="way" ref="48457396" role="outer"/>
  <member type="way" ref="325872176" role="outer"/>
  <member type="way" ref="171269830" role="outer"/>
  <member type="way" ref="171269886" role="outer"/>
  <member type="way" ref="198768006" role="outer"/>
  <member type="way" ref="171269883" role="outer"/>
  <member type="way" ref="171269887" role="outer"/>
  <member type="way" ref="171269853" role="outer"/>
  <member type="way" ref="171269878" role="outer"/>
  <member type="way" ref="171269856" role="outer"/>
  <member type="way" ref="171269835" role="outer"/>
  <member type="way" ref="324877790" role="outer"/>
  <member type="way" ref="1024587235" role="outer"/>
  <member type="way" ref="198682299" role="outer"/>
  <member type="way" ref="171269870" role="outer"/>
  <member type="way" ref="171269837" role="outer"/>
  <member type="way" ref="323964580" role="outer"/>
  <member type="way" ref="324021114" role="outer"/>
  <member type="way" ref="324021107" role="outer"/>
  <member type="way" ref="171269879" role="outer"/>
  <member type="way" ref="171269880" role="outer"/>
  <member type="way" ref="171269884" role="outer"/>
  <member type="way" ref="324016155" role="outer"/>
  <member type="way" ref="171269874" role="outer"/>
  <member type="way" ref="1338048290" role="outer"/>
  <member type="way" ref="171269831" role="outer"/>
  <member type="way" ref="323994745" role="outer"/>
  <member type="way" ref="323994747" role="outer"/>
  <member type="way" ref="171269885" role="outer"/>
  <member type="way" ref="218247010" role="outer"/>
  <member type="way" ref="171269881" role="outer"/>
  <member type="way" ref="171269882" role="outer"/>
  <member type="way" ref="49514713" role="outer"/>
  <member type="way" ref="173992555" role="outer"/>
  <member type="way" ref="171269832" role="outer"/>
  <member type="way" ref="425314714" role="outer"/>
  <member type="way" ref="171269843" role="outer"/>
  <member type="way" ref="1022843943" role="outer"/>
  <member type="way" ref="48452629" role="outer"/>
  <member type="way" ref="173862157" role="outer"/>
  <member type="way" ref="1022843940" role="outer"/>
  <member type="way" ref="1022843941" role="outer"/>
  <member type="way" ref="1061986116" role="outer"/>
  <member type="way" ref="1061986117" role="outer"/>
  <member type="way" ref="999727154" role="outer"/>
  <member type="way" ref="1338048289" role="outer"/>
  <member type="way" ref="565093763" role="outer"/>
  <member type="way" ref="320205511" role="outer"/>
  <member type="way" ref="425314715" role="outer"/>
  <member type="way" ref="173862158" role="outer"/>
  <member type="way" ref="173862184" role="outer"/>
  <member type="way" ref="425290726" role="outer"/>
  <member type="way" ref="425290725" role="outer"/>
  <member type="way" ref="173862172" role="outer"/>
  <member type="way" ref="173862165" role="outer"/>
  <member type="way" ref="196026512" role="outer"/>
  <member type="way" ref="173862193" role="outer"/>
  <member type="way" ref="425442096" role="outer"/>
  <member type="way" ref="320205504" role="outer"/>
  <member type="way" ref="425442095" role="outer"/>
  <member type="way" ref="173862179" role="outer"/>
  <member type="way" ref="1060984028" role="outer"/>
  <member type="way" ref="1046948392" role="outer"/>
  <member type="way" ref="1046939703" role="outer"/>
  <member type="way" ref="1046540709" role="outer"/>
  <member type="way" ref="173862164" role="outer"/>
  <member type="way" ref="1016945880" role="outer"/>
  <member type="way" ref="425419857" role="outer"/>
  <member type="way" ref="1016915872" role="outer"/>
  <member type="way" ref="1016903044" role="outer"/>
  <member type="way" ref="1016896131" role="outer"/>
  <member type="way" ref="1016867624" role="outer"/>
  <member type="way" ref="173862187" role="outer"/>
  <member type="way" ref="1016844156" role="outer"/>
  <member type="way" ref="1016837270" role="outer"/>
  <member type="way" ref="1016829276" role="outer"/>
  <member type="way" ref="1016822246" role="outer"/>
  <member type="way" ref="173862170" role="outer"/>
  <member type="way" ref="1011250697" role="outer"/>
  <member type="way" ref="1011246741" role="outer"/>
  <member type="way" ref="1011241700" role="outer"/>
  <member type="way" ref="1011239655" role="outer"/>
  <member type="way" ref="219747737" role="outer"/>
  <member type="way" ref="1011231306" role="outer"/>
  <member type="way" ref="1011229127" role="outer"/>
  <member type="way" ref="1004140773" role="outer"/>
  <member type="way" ref="173862152" role="outer"/>
  <member type="way" ref="1004139323" role="outer"/>
  <member type="way" ref="1004136584" role="outer"/>
  <member type="way" ref="1004132207" role="outer"/>
  <member type="way" ref="48457408" role="outer"/>
  <member type="way" ref="1004120662" role="outer"/>
  <member type="way" ref="1004118224" role="outer"/>
  <member type="way" ref="1003722156" role="outer"/>
  <member type="way" ref="48457139" role="outer"/>
  <member type="way" ref="1003720352" role="outer"/>
  <member type="way" ref="1003719414" role="outer"/>
  <member type="way" ref="1003717120" role="outer"/>
  <member type="way" ref="1003712264" role="outer"/>
  <member type="way" ref="1003700419" role="outer"/>
  <member type="way" ref="1003686179" role="outer"/>
  <member type="way" ref="1003684857" role="outer"/>
  <member type="way" ref="425194684" role="outer"/>
  <member type="way" ref="425194685" role="outer"/>
  <member type="way" ref="1003676209" role="outer"/>
  <member type="way" ref="425194683" role="outer"/>
  <member type="way" ref="1003672519" role="outer"/>
  <member type="way" ref="1003672520" role="outer"/>
  <member type="way" ref="425177166" role="outer"/>
  <member type="way" ref="1003658912" role="outer"/>
  <member type="way" ref="1003652795" role="outer"/>
  <member type="way" ref="424492149" role="outer"/>
  <member type="way" ref="1003644677" role="outer"/>
  <member type="way" ref="1003636303" role="outer"/>
  <member type="way" ref="1003618982" role="outer"/>
  <member type="way" ref="1003617062" role="outer"/>
  <member type="way" ref="1003564976" role="outer"/>
  <member type="way" ref="173899159" role="outer"/>
  <member type="way" ref="1003557838" role="outer"/>
  <member type="way" ref="565330209" role="outer"/>
  <member type="way" ref="424492150" role="outer"/>
  <member type="way" ref="1082235551" role="outer"/>
  <member type="way" ref="1082235550" role="outer"/>
  <member type="way" ref="1003548944" role="outer"/>
  <member type="way" ref="1003548945" role="outer"/>
  <member type="way" ref="1003548946" role="outer"/>
  <member type="way" ref="196031498" role="outer"/>
  <member type="way" ref="1003538327" role="outer"/>
  <member type="way" ref="1003536168" role="outer"/>
  <member type="way" ref="1003527699" role="outer"/>
  <member type="way" ref="1024546944" role="outer"/>
  <member type="way" ref="1003524559" role="outer"/>
  <member type="way" ref="1003520890" role="outer"/>
  <member type="way" ref="173899152" role="outer"/>
  <member type="way" ref="1003517600" role="outer"/>
  <member type="way" ref="1003512552" role="outer"/>
  <member type="way" ref="1003491099" role="outer"/>
  <member type="way" ref="1003478006" role="outer"/>
  <member type="way" ref="1003424258" role="outer"/>
  <member type="way" ref="424492148" role="outer"/>
  <member type="way" ref="1003184081" role="outer"/>
  <member type="way" ref="1002965627" role="outer"/>
  <member type="way" ref="424493712" role="outer"/>
  <member type="way" ref="424493710" role="outer"/>
  <member type="way" ref="1002785147" role="outer"/>
  <member type="way" ref="1002781930" role="outer"/>
  <member type="way" ref="173899157" role="outer"/>
  <member type="way" ref="1002780040" role="outer"/>
  <member type="way" ref="1002777923" role="outer"/>
  <member type="way" ref="1002775582" role="outer"/>
  <member type="way" ref="1002771656" role="outer"/>
  <member type="way" ref="173899156" role="outer"/>
  <member type="way" ref="1002769751" role="outer"/>
  <member type="way" ref="1002768204" role="outer"/>
  <member type="way" ref="1002573365" role="outer"/>
  <member type="way" ref="1002571504" role="outer"/>
  <member type="way" ref="424493711" role="outer"/>
  <member type="way" ref="1002569410" role="outer"/>
  <member type="way" ref="1002566693" role="outer"/>
  <member type="way" ref="1002433062" role="outer"/>
  <member type="way" ref="173899153" role="outer"/>
  <member type="way" ref="1002429441" role="outer"/>
  <member type="way" ref="1001985556" role="outer"/>
  <member type="way" ref="1001862365" role="outer"/>
  <member type="way" ref="1000349547" role="outer"/>
  <member type="way" ref="1001347981" role="outer"/>
  <member type="way" ref="1001199960" role="outer"/>
  <member type="way" ref="1000353958" role="outer"/>
  <member type="way" ref="1000349549" role="outer"/>
  <member type="way" ref="1000349548" role="outer"/>
  <member type="way" ref="999969893" role="outer"/>
  <member type="way" ref="999969892" role="outer"/>
  <member type="way" ref="424601554" role="outer"/>
  <member type="way" ref="999969895" role="outer"/>
  <member type="way" ref="999932222" role="outer"/>
  <member type="way" ref="999890747" role="outer"/>
  <member type="way" ref="424601553" role="outer"/>
  <member type="way" ref="999900039" role="outer"/>
  <member type="way" ref="999890748" role="outer"/>
  <member type="way" ref="999900040" role="outer"/>
  <member type="way" ref="1024471149" role="outer"/>
  <member type="way" ref="1030855647" role="outer"/>
  <member type="way" ref="1024471148" role="outer"/>
  <member type="way" ref="424608731" role="outer"/>
  <member type="way" ref="541510868" role="outer"/>
  <member type="way" ref="999487877" role="outer"/>
  <member type="way" ref="999727155" role="outer"/>
  <member type="way" ref="999485987" role="outer"/>
  <member type="way" ref="561114917" role="outer"/>
  <member type="way" ref="999010814" role="outer"/>
  <member type="way" ref="561114915" role="outer"/>
  <member type="way" ref="999005245" role="outer"/>
  <member type="way" ref="173899155" role="outer"/>
  <member type="way" ref="999001282" role="outer"/>
  <member type="way" ref="173899154" role="outer"/>
  <member type="way" ref="998998267" role="outer"/>
  <member type="way" ref="998996139" role="outer"/>
  <member type="way" ref="998843681" role="outer"/>
  <member type="way" ref="173899158" role="outer"/>
  <member type="way" ref="999727152" role="outer"/>
  <member type="way" ref="996446127" role="outer"/>
  <member type="way" ref="996359293" role="outer"/>
  <member type="way" ref="995924604" role="outer"/>
  <member type="way" ref="424608737" role="outer"/>
  <member type="way" ref="995335200" role="outer"/>
  <member type="way" ref="424593902" role="outer"/>
  <member type="way" ref="48457209" role="outer"/>
  <member type="way" ref="995328611" role="outer"/>
  <member type="way" ref="995153886" role="outer"/>
  <member type="way" ref="995026691" role="outer"/>
  <member type="way" ref="995022049" role="outer"/>
  <member type="way" ref="995017142" role="outer"/>
  <member type="way" ref="424591354" role="outer"/>
  <member type="way" ref="995004611" role="outer"/>
  <member type="way" ref="528127823" role="outer"/>
  <member type="way" ref="994991777" role="outer"/>
  <member type="way" ref="994985647" role="outer"/>
  <member type="way" ref="994836344" role="outer"/>
  <member type="way" ref="993588311" role="outer"/>
  <member type="way" ref="48457131" role="outer"/>
  <member type="way" ref="1079729111" role="outer"/>
  <member type="way" ref="999854957" role="outer"/>
  <member type="way" ref="993445221" role="outer"/>
  <member type="way" ref="993442217" role="outer"/>
  <member type="way" ref="821224854" role="outer"/>
  <member type="way" ref="561114912" role="outer"/>
  <member type="way" ref="561114919" role="outer"/>
  <member type="way" ref="561823449" role="outer"/>
  <member type="way" ref="561808890" role="outer"/>
  <member type="way" ref="993399933" role="outer"/>
  <member type="way" ref="561808888" role="outer"/>
  <member type="way" ref="993398082" role="outer"/>
  <member type="way" ref="561808885" role="outer"/>
  <member type="way" ref="993393952" role="outer"/>
  <member type="way" ref="129478316" role="outer"/>
  <member type="way" ref="993323308" role="outer"/>
  <member type="way" ref="993281628" role="outer"/>
  <member type="way" ref="561903641" role="outer"/>
  <member type="way" ref="174002416" role="outer"/>
  <member type="way" ref="999854958" role="outer"/>
  <member type="way" ref="993262602" role="outer"/>
  <member type="way" ref="174002406" role="outer"/>
  <member type="way" ref="993256755" role="outer"/>
  <member type="way" ref="993255380" role="outer"/>
  <member type="way" ref="993248126" role="outer"/>
  <member type="way" ref="993245348" role="outer"/>
  <member type="way" ref="993242927" role="outer"/>
  <member type="way" ref="993071659" role="outer"/>
  <member type="way" ref="993068197" role="outer"/>
  <member type="way" ref="828249509" role="outer"/>
  <member type="way" ref="540542445" role="outer"/>
  <member type="way" ref="828245912" role="outer"/>
  <member type="way" ref="174002415" role="outer"/>
  <member type="way" ref="828241742" role="outer"/>
  <member type="way" ref="827927627" role="outer"/>
  <member type="way" ref="174002410" role="outer"/>
  <member type="way" ref="827918580" role="outer"/>
  <member type="way" ref="827914623" role="outer"/>
  <member type="way" ref="827907151" role="outer"/>
  <member type="way" ref="827895945" role="outer"/>
  <member type="way" ref="827891510" role="outer"/>
  <member type="way" ref="826615653" role="outer"/>
  <member type="way" ref="826607340" role="outer"/>
  <member type="way" ref="425015019" role="outer"/>
  <member type="way" ref="542011319" role="outer"/>
  <member type="way" ref="826592403" role="outer"/>
  <member type="way" ref="425015020" role="outer"/>
  <member type="way" ref="825427484" role="outer"/>
  <member type="way" ref="825426144" role="outer"/>
  <member type="way" ref="825424973" role="outer"/>
  <member type="way" ref="825410296" role="outer"/>
  <member type="way" ref="825356971" role="outer"/>
  <member type="way" ref="825234042" role="outer"/>
  <member type="way" ref="825213491" role="outer"/>
  <member type="way" ref="825197464" role="outer"/>
  <member type="way" ref="174002414" role="outer"/>
  <member type="way" ref="825188425" role="outer"/>
  <member type="way" ref="825184197" role="outer"/>
  <member type="way" ref="542008744" role="outer"/>
  <member type="way" ref="825712569" role="outer"/>
  <member type="way" ref="542008743" role="outer"/>
  <member type="way" ref="542008745" role="outer"/>
  <member type="way" ref="825168321" role="outer"/>
  <member type="way" ref="542008746" role="outer"/>
  <member type="way" ref="174002413" role="outer"/>
  <member type="way" ref="825147642" role="outer"/>
  <member type="way" ref="542008747" role="outer"/>
  <member type="way" ref="542008741" role="outer"/>
  <member type="way" ref="542008748" role="outer"/>
  <member type="way" ref="128239311" role="outer"/>
  <member type="way" ref="825147643" role="outer"/>
  <member type="way" ref="825137159" role="outer"/>
  <member type="way" ref="1079826716" role="outer"/>
  <member type="way" ref="825048377" role="outer"/>
  <member type="way" ref="825031705" role="outer"/>
  <member type="way" ref="825029519" role="outer"/>
  <member type="way" ref="825027982" role="outer"/>
  <member type="way" ref="824984646" role="outer"/>
  <member type="way" ref="435018883" role="outer"/>
  <member type="way" ref="824297347" role="outer"/>
  <member type="way" ref="1079826725" role="outer"/>
  <member type="way" ref="1079826724" role="outer"/>
  <member type="way" ref="824283410" role="outer"/>
  <member type="way" ref="821224855" role="outer"/>
  <member type="way" ref="174002417" role="outer"/>
  <member type="way" ref="820532851" role="outer"/>
  <member type="way" ref="820532853" role="outer"/>
  <member type="way" ref="820532852" role="outer"/>
  <member type="way" ref="820532854" role="outer"/>
  <member type="way" ref="820532855" role="outer"/>
  <member type="way" ref="129478315" role="outer"/>
  <member type="way" ref="30543606" role="outer"/>
  <member type="way" ref="227963509" role="outer"/>
  <member type="way" ref="366751266" role="outer"/>
  <member type="way" ref="366751267" role="outer"/>
  <member type="way" ref="492374009" role="outer"/>
  <member type="way" ref="492374013" role="outer"/>
  <member type="way" ref="366751265" role="outer"/>
  <member type="way" ref="492377286" role="outer"/>
  <member type="way" ref="427683717" role="outer"/>
  <member type="way" ref="435004537" role="outer"/>
  <member type="way" ref="227963507" role="outer"/>
  <member type="way" ref="434992788" role="outer"/>
  <member type="way" ref="884308991" role="outer"/>
  <member type="way" ref="884310761" role="outer"/>
  <member type="way" ref="30543445" role="outer"/>
  <member type="way" ref="434993024" role="outer"/>
  <member type="way" ref="435007258" role="outer"/>
  <member type="way" ref="191976716" role="outer"/>
  <member type="way" ref="434994452" role="outer"/>
  <member type="way" ref="434995655" role="outer"/>
  <member type="way" ref="191977991" role="outer"/>
  <member type="way" ref="435002570" role="outer"/>
  <member type="way" ref="435002817" role="outer"/>
  <member type="way" ref="435003655" role="outer"/>
  <member type="way" ref="435003646" role="outer"/>
  <member type="way" ref="435003649" role="outer"/>
  <member type="way" ref="435003654" role="outer"/>
  <member type="way" ref="992324761" role="outer"/>
  <member type="way" ref="435003644" role="outer"/>
  <member type="way" ref="424646410" role="outer"/>
  <member type="way" ref="191979070" role="outer"/>
  <member type="way" ref="191973639" role="outer"/>
  <member type="way" ref="366705071" role="outer"/>
  <member type="way" ref="829376662" role="outer"/>
  <member type="way" ref="129583265" role="outer"/>
  <member type="way" ref="129477554" role="outer"/>
  <member type="way" ref="425743599" role="outer"/>
  <member type="way" ref="636552060" role="outer"/>
  <member type="way" ref="199148812" role="outer"/>
  <member type="way" ref="192466169" role="outer"/>
  <member type="way" ref="366705085" role="outer"/>
  <member type="way" ref="366705078" role="outer"/>
  <member type="way" ref="992324760" role="outer"/>
  <member type="way" ref="192466168" role="outer"/>
  <member type="way" ref="366705075" role="outer"/>
  <member type="way" ref="192466674" role="outer"/>
  <member type="way" ref="366705086" role="outer"/>
  <member type="way" ref="210561739" role="outer"/>
  <member type="way" ref="366693392" role="outer"/>
  <member type="way" ref="366693393" role="outer"/>
  <member type="way" ref="210559653" role="outer"/>
  <member type="way" ref="366693390" role="outer"/>
  <member type="way" ref="1273903266" role="outer"/>
  <member type="way" ref="992324759" role="outer"/>
  <member type="way" ref="210560907" role="outer"/>
  <member type="way" ref="129477541" role="outer"/>
  <member type="way" ref="191391689" role="outer"/>
  <member type="way" ref="463949542" role="outer"/>
  <member type="way" ref="366693391" role="outer"/>
  <member type="way" ref="228776103" role="outer"/>
  <member type="way" ref="366693389" role="outer"/>
  <member type="way" ref="191391342" role="outer"/>
  <member type="way" ref="366693387" role="outer"/>
  <member type="way" ref="191389847" role="outer"/>
  <member type="way" ref="129370973" role="outer"/>
  <member type="way" ref="366693386" role="outer"/>
  <member type="way" ref="992324758" role="outer"/>
  <member type="way" ref="366693388" role="outer"/>
  <member type="way" ref="188180120" role="outer"/>
  <member type="way" ref="460237680" role="outer"/>
  <member type="way" ref="129370036" role="outer"/>
  <member type="way" ref="227963510" role="outer"/>
  <member type="way" ref="992324757" role="outer"/>
  <member type="way" ref="188179686" role="outer"/>
  <member type="way" ref="366687834" role="outer"/>
  <member type="way" ref="188179241" role="outer"/>
  <member type="way" ref="366687825" role="outer"/>
  <member type="way" ref="366687828" role="outer"/>
  <member type="way" ref="366687827" role="outer"/>
  <member type="way" ref="366687824" role="outer"/>
  <member type="way" ref="129583255" role="outer"/>
  <member type="way" ref="370569760" role="outer"/>
  <member type="way" ref="467807597" role="outer"/>
  <member type="way" ref="467807600" role="outer"/>
  <member type="way" ref="467807603" role="outer"/>
  <member type="way" ref="368201073" role="outer"/>
  <member type="way" ref="129367490" role="outer"/>
  <member type="way" ref="366687826" role="outer"/>
  <member type="way" ref="366687822" role="outer"/>
  <member type="way" ref="467778618" role="outer"/>
  <member type="way" ref="370570460" role="outer"/>
  <member type="way" ref="129367517" role="outer"/>
  <member type="way" ref="371012016" role="outer"/>
  <member type="way" ref="366687829" role="outer"/>
  <member type="way" ref="992324756" role="outer"/>
  <member type="way" ref="129369266" role="outer"/>
  <member type="way" ref="366687841" role="outer"/>
  <member type="way" ref="188470494" role="outer"/>
  <member type="way" ref="188470090" role="outer"/>
  <member type="way" ref="39931607" role="outer"/>
  <member type="way" ref="282964641" role="outer"/>
  <member type="way" ref="478154123" role="outer"/>
  <member type="way" ref="366668730" role="outer"/>
  <member type="way" ref="992324755" role="outer"/>
  <member type="way" ref="366596638" role="outer"/>
  <member type="way" ref="34173037" role="outer"/>
  <member type="way" ref="366596637" role="outer"/>
  <member type="way" ref="366596636" role="outer"/>
  <member type="way" ref="129583261" role="outer"/>
  <member type="way" ref="478336023" role="outer"/>
  <member type="way" ref="370697438" role="outer"/>
  <member type="way" ref="366616385" role="outer"/>
  <member type="way" ref="366616384" role="outer"/>
  <member type="way" ref="370697439" role="outer"/>
  <member type="way" ref="478498679" role="outer"/>
  <member type="way" ref="478498676" role="outer"/>
  <member type="way" ref="129369265" role="outer"/>
  <member type="way" ref="992324754" role="outer"/>
  <member type="way" ref="366596641" role="outer"/>
  <member type="way" ref="482890707" role="outer"/>
  <member type="way" ref="370710004" role="outer"/>
  <member type="way" ref="482890704" role="outer"/>
  <member type="way" ref="482890697" role="outer"/>
  <member type="way" ref="482912919" role="outer"/>
  <member type="way" ref="482912895" role="outer"/>
  <member type="way" ref="482912881" role="outer"/>
  <member type="way" ref="366596643" role="outer"/>
  <member type="way" ref="482912880" role="outer"/>
  <member type="way" ref="482912883" role="outer"/>
  <member type="way" ref="483117110" role="outer"/>
  <member type="way" ref="992324753" role="outer"/>
  <member type="way" ref="370711233" role="outer"/>
  <member type="way" ref="483117099" role="outer"/>
  <member type="way" ref="366596644" role="outer"/>
  <member type="way" ref="483117097" role="outer"/>
  <member type="way" ref="161055914" role="outer"/>
  <member type="way" ref="366591052" role="outer"/>
  <member type="way" ref="483304506" role="outer"/>
  <member type="way" ref="483304509" role="outer"/>
  <member type="way" ref="255228288" role="outer"/>
  <member type="way" ref="255198994" role="outer"/>
  <member type="way" ref="366591057" role="outer"/>
  <member type="way" ref="227776894" role="outer"/>
  <member type="way" ref="161093572" role="outer"/>
  <member type="way" ref="366563144" role="outer"/>
  <member type="way" ref="366563140" role="outer"/>
  <member type="way" ref="789124506" role="outer"/>
  <member type="way" ref="366563138" role="outer"/>
  <member type="way" ref="366563141" role="outer"/>
  <member type="way" ref="227938055" role="outer"/>
  <member type="way" ref="30051063" role="outer"/>
  <member type="way" ref="238965223" role="outer"/>
  <member type="way" ref="223031580" role="outer"/>
  <member type="way" ref="238881621" role="outer"/>
  <member type="way" ref="244662843" role="outer"/>
  <member type="way" ref="789124507" role="outer"/>
  <member type="way" ref="223105819" role="outer"/>
  <member type="way" ref="244662844" role="outer"/>
  <member type="way" ref="366563136" role="outer"/>
  <member type="way" ref="223105820" role="outer"/>
  <member type="way" ref="222977460" role="outer"/>
  <member type="way" ref="222977459" role="outer"/>
  <member type="way" ref="227938056" role="outer"/>
  <member type="way" ref="789124505" role="outer"/>
  <member type="way" ref="366513072" role="outer"/>
  <member type="way" ref="222950400" role="outer"/>
  <member type="way" ref="30051062" role="outer"/>
  <member type="way" ref="227779531" role="outer"/>
  <member type="way" ref="227779530" role="outer"/>
  <member type="way" ref="366223563" role="outer"/>
  <member type="way" ref="366223567" role="outer"/>
  <member type="way" ref="366223569" role="outer"/>
  <member type="way" ref="366223564" role="outer"/>
  <member type="way" ref="366223565" role="outer"/>
  <member type="way" ref="366223570" role="outer"/>
  <member type="way" ref="366223566" role="outer"/>
  <member type="way" ref="366223568" role="outer"/>
  <member type="way" ref="198053695" role="outer"/>
  <member type="way" ref="367808550" role="outer"/>
  <member type="way" ref="268734023" role="outer"/>
  <member type="way" ref="362911808" role="outer"/>
  <member type="way" ref="367801031" role="outer"/>
  <member type="way" ref="367801034" role="outer"/>
  <member type="way" ref="367808541" role="outer"/>
  <member type="way" ref="362911816" role="outer"/>
  <member type="way" ref="367808535" role="outer"/>
  <member type="way" ref="362902705" role="outer"/>
  <member type="way" ref="362902704" role="outer"/>
  <member type="way" ref="789126246" role="outer"/>
  <member type="way" ref="366245881" role="outer"/>
  <member type="way" ref="366245896" role="outer"/>
  <member type="way" ref="366245887" role="outer"/>
  <member type="way" ref="366245880" role="outer"/>
  <member type="way" ref="366245895" role="outer"/>
  <member type="way" ref="366245888" role="outer"/>
  <member type="way" ref="366245898" role="outer"/>
  <member type="way" ref="366245882" role="outer"/>
  <member type="way" ref="366245886" role="outer"/>
  <member type="way" ref="366245885" role="outer"/>
  <member type="way" ref="366245893" role="outer"/>
  <member type="way" ref="366245897" role="outer"/>
  <member type="way" ref="366245877" role="outer"/>
  <member type="way" ref="366245884" role="outer"/>
  <member type="way" ref="366245879" role="outer"/>
  <member type="way" ref="366245892" role="outer"/>
  <member type="way" ref="366245883" role="outer"/>
  <member type="way" ref="207640365" role="outer"/>
  <member type="way" ref="547504172" role="outer"/>
  <member type="way" ref="366245894" role="outer"/>
  <member type="way" ref="366245878" role="outer"/>
  <member type="way" ref="547504169" role="outer"/>
  <member type="way" ref="30041076" role="outer"/>
  <member type="way" ref="1011707114" role="outer"/>
  <member type="way" ref="1011708780" role="outer"/>
  <member type="way" ref="1011711998" role="outer"/>
  <member type="way" ref="614094669" role="outer"/>
  <member type="way" ref="614094667" role="outer"/>
  <member type="way" ref="614094668" role="outer"/>
  <member type="way" ref="614094665" role="outer"/>
  <member type="way" ref="614094666" role="outer"/>
  <member type="way" ref="614087824" role="outer"/>
  <member type="way" ref="614087868" role="outer"/>
  <member type="way" ref="1185215530" role="outer"/>
  <member type="way" ref="614087823" role="outer"/>
  <member type="way" ref="614087821" role="outer"/>
  <member type="way" ref="438957023" role="outer"/>
  <member type="way" ref="1019096526" role="outer"/>
  <member type="way" ref="1019096523" role="outer"/>
  <member type="way" ref="614087822" role="outer"/>
  <member type="way" ref="614087820" role="outer"/>
  <member type="way" ref="614087818" role="outer"/>
  <member type="way" ref="614087788" role="outer"/>
  <member type="way" ref="1083613147" role="outer"/>
  <member type="way" ref="459083760" role="outer"/>
  <member type="way" ref="459083719" role="outer"/>
  <member type="way" ref="459083739" role="outer"/>
  <member type="way" ref="459083716" role="outer"/>
  <member type="way" ref="459083725" role="outer"/>
  <member type="way" ref="459083690" role="outer"/>
  <member type="way" ref="459083691" role="outer"/>
  <member type="way" ref="459083736" role="outer"/>
  <member type="way" ref="459083696" role="outer"/>
  <member type="way" ref="459083759" role="outer"/>
  <member type="way" ref="459083693" role="outer"/>
  <member type="way" ref="459083677" role="outer"/>
  <member type="way" ref="459083678" role="outer"/>
  <member type="way" ref="459083679" role="outer"/>
  <member type="way" ref="459083680" role="outer"/>
  <member type="way" ref="366357773" role="outer"/>
  <member type="way" ref="1185215528" role="outer"/>
  <member type="way" ref="366357806" role="outer"/>
  <member type="way" ref="982322653" role="outer"/>
  <member type="way" ref="215625042" role="outer"/>
  <member type="way" ref="366357812" role="outer"/>
  <member type="way" ref="867132007" role="outer"/>
  <member type="way" ref="389558738" role="outer"/>
  <member type="way" ref="867134237" role="outer"/>
  <member type="way" ref="1185215527" role="outer"/>
  <member type="way" ref="561679931" role="outer"/>
  <member type="way" ref="366357858" role="outer"/>
  <member type="way" ref="31295482" role="outer"/>
  <member type="way" ref="458848337" role="outer"/>
  <member type="way" ref="366357840" role="outer"/>
  <member type="way" ref="458848339" role="outer"/>
  <member type="way" ref="458842416" role="outer"/>
  <member type="way" ref="458842417" role="outer"/>
  <member type="way" ref="458841314" role="outer"/>
  <member type="way" ref="29079701" role="outer"/>
  <member type="way" ref="458670681" role="outer"/>
  <member type="way" ref="561667749" role="outer"/>
  <member type="way" ref="458697594" role="outer"/>
  <member type="way" ref="230743456" role="outer"/>
  <member type="way" ref="458717478" role="outer"/>
  <member type="way" ref="458717479" role="outer"/>
  <member type="way" ref="561667748" role="outer"/>
  <member type="way" ref="208416502" role="outer"/>
  <member type="way" ref="230716489" role="outer"/>
  <member type="way" ref="835367560" role="outer"/>
  <member type="way" ref="561667747" role="outer"/>
  <member type="way" ref="1284320158" role="outer"/>
  <member type="way" ref="458319973" role="outer"/>
  <member type="way" ref="458317888" role="outer"/>
  <member type="way" ref="458317889" role="outer"/>
  <member type="way" ref="458314960" role="outer"/>
  <member type="way" ref="663593957" role="outer"/>
  <member type="way" ref="230716487" role="outer"/>
  <member type="way" ref="458272583" role="outer"/>
  <member type="way" ref="230716486" role="outer"/>
  <member type="way" ref="1084205469" role="outer"/>
  <member type="way" ref="458270092" role="outer"/>
  <member type="way" ref="458270093" role="outer"/>
  <member type="way" ref="663623635" role="outer"/>
  <member type="way" ref="663623643" role="outer"/>
  <member type="way" ref="663623647" role="outer"/>
  <member type="way" ref="34172582" role="outer"/>
  <member type="way" ref="1007646701" role="outer"/>
  <member type="way" ref="158254820" role="outer"/>
  <member type="way" ref="663593966" role="outer"/>
  <member type="way" ref="663593967" role="outer"/>
  <member type="way" ref="158254763" role="outer"/>
  <member type="way" ref="1287294739" role="outer"/>
  <member type="way" ref="230716488" role="outer"/>
  <member type="way" ref="561661522" role="outer"/>
  <member type="way" ref="453603037" role="outer"/>
  <member type="way" ref="663593970" role="outer"/>
  <member type="way" ref="158254834" role="outer"/>
  <member type="way" ref="457537880" role="outer"/>
  <member type="way" ref="457537879" role="outer"/>
  <member type="way" ref="663606352" role="outer"/>
  <member type="way" ref="663606360" role="outer"/>
  <member type="way" ref="663606364" role="outer"/>
  <member type="way" ref="208416500" role="outer"/>
  <member type="way" ref="40915659" role="outer"/>
  <member type="way" ref="1549470961" role="outer"/>
  <member type="way" ref="1159681930" role="outer"/>
  <member type="way" ref="1549470962" role="outer"/>
  <member type="way" ref="640826180" role="outer"/>
  <member type="way" ref="1103084333" role="outer"/>
  <member type="way" ref="647726313" role="outer"/>
  <member type="way" ref="476627662" role="outer"/>
  <member type="way" ref="476645442" role="outer"/>
  <member type="way" ref="476645433" role="outer"/>
  <member type="way" ref="476645434" role="outer"/>
  <member type="way" ref="29086548" role="outer"/>
  <member type="way" ref="476646960" role="outer"/>
  <member type="way" ref="1006838287" role="outer"/>
  <member type="way" ref="1006838288" role="outer"/>
  <member type="way" ref="1006838306" role="outer"/>
  <member type="way" ref="1006838324" role="outer"/>
  <member type="way" ref="1006838325" role="outer"/>
  <member type="way" ref="1006838368" role="outer"/>
  <member type="way" ref="1006838369" role="outer"/>
  <member type="way" ref="1006838370" role="outer"/>
  <member type="way" ref="1013205558" role="outer"/>
  <member type="way" ref="1006838371" role="outer"/>
  <member type="way" ref="1006838372" role="outer"/>
  <member type="way" ref="1006838373" role="outer"/>
  <member type="way" ref="463492781" role="outer"/>
  <member type="way" ref="561657853" role="outer"/>
  <member type="way" ref="928090667" role="outer"/>
  <member type="way" ref="463491881" role="outer"/>
  <member type="way" ref="463491151" role="outer"/>
  <member type="way" ref="463488642" role="outer"/>
  <member type="way" ref="174683872" role="outer"/>
  <member type="way" ref="463421267" role="outer"/>
  <member type="way" ref="463412555" role="outer"/>
  <member type="way" ref="230389754" role="outer"/>
  <member type="way" ref="230389753" role="outer"/>
  <member type="way" ref="462644021" role="outer"/>
  <member type="way" ref="462644020" role="outer"/>
  <member type="way" ref="462644019" role="outer"/>
  <member type="way" ref="462666291" role="outer"/>
  <member type="way" ref="230389756" role="outer"/>
  <member type="way" ref="462664158" role="outer"/>
  <member type="way" ref="462664159" role="outer"/>
  <member type="way" ref="561655099" role="outer"/>
  <member type="way" ref="462659054" role="outer"/>
  <member type="way" ref="1316368054" role="outer"/>
  <member type="way" ref="910354728" role="outer"/>
  <member type="way" ref="208416499" role="outer"/>
  <member type="way" ref="462607282" role="outer"/>
  <member type="way" ref="462603246" role="outer"/>
  <member type="way" ref="462603247" role="outer"/>
  <member type="way" ref="462558380" role="outer"/>
  <member type="way" ref="461944868" role="outer"/>
  <member type="way" ref="461944862" role="outer"/>
  <member type="way" ref="461944866" role="outer"/>
  <member type="way" ref="461944867" role="outer"/>
  <member type="way" ref="561655098" role="outer"/>
  <member type="way" ref="908287501" role="outer"/>
  <member type="way" ref="461950431" role="outer"/>
  <member type="way" ref="461949366" role="outer"/>
  <member type="way" ref="461949362" role="outer"/>
  <member type="way" ref="461949358" role="outer"/>
  <member type="way" ref="179064786" role="outer"/>
  <member type="way" ref="461902168" role="outer"/>
  <member type="way" ref="1014614565" role="outer"/>
  <member type="way" ref="1011548486" role="outer"/>
  <member type="way" ref="1011548487" role="outer"/>
  <member type="way" ref="1012403876" role="outer"/>
  <member type="way" ref="1012403875" role="outer"/>
  <member type="way" ref="1013512208" role="outer"/>
  <member type="way" ref="461902181" role="outer"/>
  <member type="way" ref="461706885" role="outer"/>
  <member type="way" ref="45535971" role="outer"/>
  <member type="way" ref="461161244" role="outer"/>
  <member type="way" ref="263052741" role="outer"/>
  <member type="way" ref="461161242" role="outer"/>
  <member type="way" ref="461159371" role="outer"/>
  <member type="way" ref="461159388" role="outer"/>
  <member type="way" ref="456321879" role="outer"/>
  <member type="way" ref="456337123" role="outer"/>
  <member type="way" ref="256837212" role="outer"/>
  <member type="way" ref="461027625" role="outer"/>
  <member type="way" ref="461028408" role="outer"/>
  <member type="way" ref="146395267" role="outer"/>
  <member type="way" ref="461022730" role="outer"/>
  <member type="way" ref="461026453" role="outer"/>
  <member type="way" ref="461022731" role="outer"/>
  <member type="way" ref="461024498" role="outer"/>
  <member type="way" ref="478380858" role="outer"/>
  <member type="way" ref="461023548" role="outer"/>
  <member type="way" ref="256837213" role="outer"/>
  <member type="way" ref="461022729" role="outer"/>
  <member type="way" ref="616268896" role="outer"/>
  <member type="way" ref="616268893" role="outer"/>
  <member type="way" ref="460990715" role="outer"/>
  <member type="way" ref="258661217" role="outer"/>
  <member type="way" ref="1223699856" role="outer"/>
  <member type="way" ref="1223699861" role="outer"/>
  <member type="way" ref="456178144" role="outer"/>
  <member type="way" ref="62387985" role="outer"/>
  <member type="way" ref="961106739" role="outer"/>
  <member type="way" ref="460802576" role="outer"/>
  <member type="way" ref="460802582" role="outer"/>
  <member type="way" ref="961106738" role="outer"/>
  <member type="way" ref="961106735" role="outer"/>
  <member type="way" ref="192089007" role="outer"/>
  <member type="way" ref="460799161" role="outer"/>
  <member type="way" ref="460785268" role="outer"/>
  <member type="way" ref="460784849" role="outer"/>
  <member type="way" ref="460784854" role="outer"/>
  <member type="way" ref="460504736" role="outer"/>
  <member type="way" ref="261580795" role="outer"/>
  <member type="way" ref="460504735" role="outer"/>
  <member type="way" ref="460506624" role="outer"/>
  <member type="way" ref="192089005" role="outer"/>
  <member type="way" ref="460511142" role="outer"/>
  <member type="way" ref="460508276" role="outer"/>
  <member type="way" ref="455518205" role="outer"/>
  <member type="way" ref="455518204" role="outer"/>
  <member type="way" ref="62387984" role="outer"/>
  <member type="way" ref="975432569" role="outer"/>
  <member type="way" ref="975432573" role="outer"/>
  <member type="way" ref="455518202" role="outer"/>
  <member type="way" ref="975432575" role="outer"/>
  <member type="way" ref="455518203" role="outer"/>
  <member type="way" ref="455518201" role="outer"/>
  <member type="way" ref="519568801" role="outer"/>
  <member type="way" ref="985198673" role="outer"/>
  <member type="way" ref="192089008" role="outer"/>
  <member type="way" ref="519488580" role="outer"/>
  <member type="way" ref="146395262" role="outer"/>
  <member type="way" ref="455154871" role="outer"/>
  <member type="way" ref="455158253" role="outer"/>
  <member type="way" ref="516393940" role="outer"/>
  <member type="way" ref="398204560" role="outer"/>
  <member type="way" ref="455161813" role="outer"/>
  <member type="way" ref="516103015" role="outer"/>
  <member type="way" ref="455163263" role="outer"/>
  <member type="way" ref="515489665" role="outer"/>
  <member type="way" ref="455164422" role="outer"/>
  <member type="way" ref="455166073" role="outer"/>
  <member type="way" ref="148245230" role="outer"/>
  <member type="way" ref="493127793" role="outer"/>
  <member type="way" ref="22790241" role="outer"/>
  <member type="way" ref="264735538" role="outer"/>
  <member type="way" ref="785605136" role="outer"/>
  <member type="way" ref="223802002" role="outer"/>
  <member type="way" ref="493139993" role="outer"/>
  <member type="way" ref="493506080" role="outer"/>
  <member type="way" ref="223802001" role="outer"/>
  <member type="way" ref="785605137" role="outer"/>
  <member type="way" ref="223802004" role="outer"/>
  <member type="way" ref="143447965" role="outer"/>
  <member type="way" ref="493520815" role="outer"/>
  <member type="way" ref="223802000" role="outer"/>
  <member type="way" ref="493520814" role="outer"/>
  <member type="way" ref="493520808" role="outer"/>
  <member type="way" ref="143447922" role="outer"/>
  <member type="way" ref="143448021" role="outer"/>
  <member type="way" ref="199231323" role="outer"/>
  <member type="way" ref="263079898" role="outer"/>
  <member type="way" ref="223803568" role="outer"/>
  <member type="way" ref="77749161" role="outer"/>
  <member type="way" ref="199229980" role="outer"/>
  <member type="way" ref="223803567" role="outer"/>
  <member type="way" ref="199229557" role="outer"/>
  <member type="way" ref="143447971" role="outer"/>
  <member type="way" ref="143447928" role="outer"/>
  <member type="way" ref="224422854" role="outer"/>
  <member type="way" ref="77753230" role="outer"/>
  <member type="way" ref="143448018" role="outer"/>
  <member type="way" ref="229769402" role="outer"/>
  <member type="way" ref="224427094" role="outer"/>
  <member type="way" ref="143447884" role="outer"/>
  <member type="way" ref="199228161" role="outer"/>
  <member type="way" ref="143447943" role="outer"/>
  <member type="way" ref="224491445" role="outer"/>
  <member type="way" ref="77764584" role="outer"/>
  <member type="way" ref="1362632121" role="outer"/>
  <member type="way" ref="1362306877" role="outer"/>
  <member type="way" ref="734190475" role="outer"/>
  <member type="way" ref="1361955971" role="outer"/>
  <member type="way" ref="1257459610" role="outer"/>
  <member type="way" ref="1361223688" role="outer"/>
  <member type="way" ref="1360930192" role="outer"/>
  <member type="way" ref="1257459611" role="outer"/>
  <member type="way" ref="1360930193" role="outer"/>
  <member type="way" ref="734203770" role="outer"/>
  <member type="way" ref="717379986" role="outer"/>
  <member type="way" ref="697515797" role="outer"/>
  <member type="way" ref="734190470" role="outer"/>
  <member type="way" ref="802439844" role="outer"/>
  <member type="way" ref="43765315" role="outer"/>
  <member type="way" ref="717756841" role="outer"/>
  <member type="way" ref="737598887" role="outer"/>
  <member type="way" ref="96147565" role="outer"/>
  <member type="way" ref="9419404" role="outer"/>
  <member type="way" ref="979399596" role="outer"/>
  <member type="way" ref="849591486" role="outer"/>
  <member type="way" ref="849591489" role="outer"/>
  <member type="way" ref="715311802" role="outer"/>
  <member type="way" ref="715181351" role="outer"/>
  <member type="way" ref="737744929" role="outer"/>
  <member type="way" ref="727926064" role="outer"/>
  <member type="way" ref="828829936" role="outer"/>
  <member type="way" ref="180998109" role="outer"/>
  <member type="way" ref="849563724" role="outer"/>
  <member type="way" ref="100181193" role="outer"/>
  <member type="way" ref="100181192" role="outer"/>
  <member type="way" ref="355442258" role="outer"/>
  <member type="way" ref="59806432" role="outer"/>
  <member type="way" ref="28693048" role="outer"/>
  <member type="way" ref="355442261" role="outer"/>
  <member type="way" ref="26099815" role="outer"/>
  <member type="way" ref="988136272" role="outer"/>
  <member type="way" ref="712686226" role="outer"/>
  <member type="way" ref="712686228" role="outer"/>
  <member type="way" ref="988136277" role="outer"/>
  <member type="way" ref="828506728" role="outer"/>
  <member type="way" ref="988136275" role="outer"/>
  <member type="way" ref="30657840" role="outer"/>
  <member type="way" ref="355037542" role="outer"/>
  <member type="way" ref="355037543" role="outer"/>
  <member type="way" ref="230445329" role="outer"/>
  <member type="way" ref="150078602" role="outer"/>
  <member type="way" ref="162185716" role="outer"/>
  <member type="way" ref="45424271" role="outer"/>
  <member type="way" ref="45355013" role="outer"/>
  <member type="way" ref="98158866" role="outer"/>
  <member type="way" ref="177109238" role="outer"/>
  <member type="way" ref="177109237" role="outer"/>
  <member type="way" ref="98230015" role="outer"/>
  <member type="way" ref="98219354" role="outer"/>
  <member type="way" ref="1116367574" role="outer"/>
  <member type="way" ref="45355010" role="outer"/>
  <member type="way" ref="1116367577" role="outer"/>
  <member type="way" ref="291436032" role="outer"/>
  <member type="way" ref="30658245" role="outer"/>
  <member type="way" ref="29411519" role="outer"/>
  <member type="way" ref="417542181" role="outer"/>
  <member type="way" ref="416625590" role="outer"/>
  <member type="way" ref="820249586" role="outer"/>
  <member type="way" ref="823567476" role="outer"/>
  <member type="way" ref="988321083" role="outer"/>
  <member type="way" ref="824452006" role="outer"/>
  <member type="way" ref="824452005" role="outer"/>
  <member type="way" ref="824290484" role="outer"/>
  <member type="way" ref="823571225" role="outer"/>
  <member type="way" ref="817931912" role="outer"/>
  <member type="way" ref="816307126" role="outer"/>
  <member type="way" ref="816313678" role="outer"/>
  <member type="way" ref="815728556" role="outer"/>
  <member type="way" ref="815728557" role="outer"/>
  <member type="way" ref="815723129" role="outer"/>
  <member type="way" ref="815720987" role="outer"/>
  <member type="way" ref="815720985" role="outer"/>
  <member type="way" ref="815720986" role="outer"/>
  <member type="way" ref="815720984" role="outer"/>
  <member type="way" ref="1337198875" role="outer"/>
  <member type="way" ref="816616076" role="outer"/>
  <member type="way" ref="28804029" role="outer"/>
  <member type="way" ref="115494996" role="outer"/>
  <member type="way" ref="90738468" role="outer"/>
  <member type="way" ref="828882456" role="outer"/>
  <member type="way" ref="912540202" role="outer"/>
  <member type="way" ref="828882457" role="outer"/>
  <member type="way" ref="828882458" role="outer"/>
  <member type="way" ref="914185817" role="outer"/>
  <member type="way" ref="828882459" role="outer"/>
  <member type="way" ref="923932760" role="outer"/>
  <member type="way" ref="924514452" role="outer"/>
  <member type="way" ref="206347613" role="outer"/>
  <member type="way" ref="926294125" role="outer"/>
  <member type="way" ref="162034791" role="outer"/>
  <member type="way" ref="932182079" role="outer"/>
  <member type="way" ref="188144476" role="outer"/>
  <member type="way" ref="988153969" role="outer"/>
  <member type="way" ref="90738354" role="outer"/>
  <member type="way" ref="988153971" role="outer"/>
  <member type="way" ref="188144474" role="outer"/>
  <member type="way" ref="90738731" role="outer"/>
  <member type="way" ref="90738341" role="outer"/>
  <member type="way" ref="217907386" role="outer"/>
  <member type="way" ref="988155620" role="outer"/>
  <member type="way" ref="29411661" role="outer"/>
  <member type="way" ref="829003221" role="outer"/>
  <member type="way" ref="988155621" role="outer"/>
  <member type="way" ref="829003223" role="outer"/>
  <member type="way" ref="1369109043" role="outer"/>
  <member type="way" ref="317572376" role="outer"/>
  <member type="way" ref="1369581086" role="outer"/>
  <member type="way" ref="829713391" role="outer"/>
  <member type="way" ref="988277393" role="outer"/>
  <member type="way" ref="96722451" role="outer"/>
  <member type="way" ref="988277394" role="outer"/>
  <member type="way" ref="266622923" role="outer"/>
  <member type="way" ref="162141556" role="outer"/>
  <member type="way" ref="95952068" role="outer"/>
  <member type="way" ref="267130211" role="outer"/>
  <member type="way" ref="267130212" role="outer"/>
  <member type="way" ref="988277395" role="outer"/>
  <member type="way" ref="988290014" role="outer"/>
  <member type="way" ref="988311024" role="outer"/>
  <member type="way" ref="95957414" role="outer"/>
  <member type="way" ref="95966638" role="outer"/>
  <member type="way" ref="269369436" role="outer"/>
  <member type="way" ref="263368965" role="outer"/>
  <member type="way" ref="556547936" role="outer"/>
  <member type="way" ref="830784867" role="outer"/>
  <member type="way" ref="262892184" role="outer"/>
  <member type="way" ref="262760875" role="outer"/>
  <member type="way" ref="988311025" role="outer"/>
  <member type="way" ref="93580816" role="outer"/>
  <member type="way" ref="988290013" role="outer"/>
  <member type="way" ref="1236070057" role="outer"/>
  <member type="way" ref="217408703" role="outer"/>
  <member type="way" ref="217408702" role="outer"/>
  <member type="way" ref="1236080153" role="outer"/>
  <member type="way" ref="92730409" role="outer"/>
  <member type="way" ref="1236075737" role="outer"/>
  <member type="way" ref="89701474" role="outer"/>
  <member type="way" ref="204737497" role="outer"/>
  <member type="way" ref="89701464" role="outer"/>
  <member type="way" ref="1235922147" role="outer"/>
  <member type="way" ref="1235922143" role="outer"/>
  <member type="way" ref="1235922140" role="outer"/>
  <member type="way" ref="89701471" role="outer"/>
  <member type="way" ref="1235922136" role="outer"/>
  <member type="way" ref="1054894956" role="outer"/>
  <member type="way" ref="1054894958" role="outer"/>
  <member type="way" ref="1054894962" role="outer"/>
  <member type="way" ref="1054894963" role="outer"/>
  <member type="way" ref="1235919619" role="outer"/>
  <member type="way" ref="198346972" role="outer"/>
  <member type="way" ref="1235919616" role="outer"/>
  <member type="way" ref="210084673" role="outer"/>
  <member type="way" ref="1235867739" role="outer"/>
  <member type="way" ref="162141559" role="outer"/>
  <member type="way" ref="940639497" role="outer"/>
  <member type="way" ref="940639495" role="outer"/>
  <member type="way" ref="940639493" role="outer"/>
  <member type="way" ref="940639491" role="outer"/>
  <member type="way" ref="943795469" role="outer"/>
  <member type="way" ref="940639489" role="outer"/>
  <member type="way" ref="940533975" role="outer"/>
  <member type="way" ref="940518585" role="outer"/>
  <member type="way" ref="940518583" role="outer"/>
  <member type="way" ref="88604662" role="outer"/>
  <member type="way" ref="556544229" role="outer"/>
  <member type="way" ref="563403491" role="outer"/>
  <member type="way" ref="1508840653" role="outer"/>
  <member type="way" ref="269369430" role="outer"/>
  <member type="way" ref="556062636" role="outer"/>
  <member type="way" ref="563410210" role="outer"/>
  <member type="way" ref="556062635" role="outer"/>
  <member type="way" ref="88604762" role="outer"/>
  <member type="way" ref="1508819273" role="outer"/>
  <member type="way" ref="1508819276" role="outer"/>
  <member type="way" ref="216874193" role="outer"/>
  <member type="way" ref="1508819277" role="outer"/>
  <member type="way" ref="1508819278" role="outer"/>
  <member type="way" ref="563410215" role="outer"/>
  <member type="way" ref="1508819284" role="outer"/>
  <member type="way" ref="1349553885" role="outer"/>
  <member type="way" ref="1349540709" role="outer"/>
  <member type="way" ref="1349226745" role="outer"/>
  <member type="way" ref="1349229356" role="outer"/>
  <member type="way" ref="1349222312" role="outer"/>
  <member type="way" ref="1506575878" role="outer"/>
  <member type="way" ref="39931603" role="outer"/>
  <member type="way" ref="1506575883" role="outer"/>
  <member type="way" ref="88604806" role="outer"/>
  <member type="way" ref="1506575895" role="outer"/>
  <member type="way" ref="404451508" role="outer"/>
  <member type="way" ref="52738086" role="outer"/>
  <member type="way" ref="404451498" role="outer"/>
  <member type="way" ref="1504493204" role="outer"/>
  <member type="way" ref="404482222" role="outer"/>
  <member type="way" ref="1504493211" role="outer"/>
  <member type="way" ref="50382684" role="outer"/>
  <member type="way" ref="404451541" role="outer"/>
  <member type="way" ref="256340867" role="outer"/>
  <member type="way" ref="1503455084" role="outer"/>
  <member type="way" ref="52741516" role="outer"/>
  <member type="way" ref="88603660" role="outer"/>
  <member type="way" ref="256340866" role="outer"/>
  <member type="way" ref="88604692" role="outer"/>
  <member type="way" ref="256340870" role="outer"/>
  <member type="way" ref="1173230450" role="outer"/>
  <member type="way" ref="1249914312" role="outer"/>
  <member type="way" ref="256340865" role="outer"/>
  <member type="way" ref="751689234" role="outer"/>
  <member type="way" ref="411025610" role="outer"/>
  <member type="way" ref="170232440" role="outer"/>
  <member type="way" ref="405384333" role="outer"/>
  <member type="way" ref="405384437" role="outer"/>
  <member type="way" ref="50382683" role="outer"/>
  <member type="way" ref="405384330" role="outer"/>
  <member type="way" ref="52675636" role="outer"/>
  <member type="way" ref="1502259101" role="outer"/>
  <member type="way" ref="51269294" role="outer"/>
  <member type="way" ref="405384290" role="outer"/>
  <member type="way" ref="405384337" role="outer"/>
  <member type="way" ref="405384309" role="outer"/>
  <member type="way" ref="228161060" role="outer"/>
  <member type="way" ref="51329145" role="outer"/>
  <member type="way" ref="22795257" role="outer"/>
  <member type="way" ref="4807806" role="outer"/>
  <member type="way" ref="51269322" role="outer"/>
  <member type="way" ref="228161061" role="outer"/>
  <member type="way" ref="4807805" role="outer"/>
  <member type="way" ref="405384444" role="outer"/>
  <member type="way" ref="266070574" role="outer"/>
  <member type="way" ref="4807804" role="outer"/>
  <member type="way" ref="52143267" role="outer"/>
  <member type="way" ref="266072113" role="outer"/>
  <member type="way" ref="1312962795" role="outer"/>
  <member type="way" ref="266072114" role="outer"/>
  <member type="way" ref="51672519" role="outer"/>
  <member type="way" ref="1527977201" role="outer"/>
  <member type="way" ref="405384347" role="outer"/>
  <member type="way" ref="405384346" role="outer"/>
  <member type="way" ref="51672574" role="outer"/>
  <member type="way" ref="51672582" role="outer"/>
  <member type="way" ref="405384343" role="outer"/>
  <member type="way" ref="51672515" role="outer"/>
  <member type="way" ref="410806597" role="outer"/>
  <member type="way" ref="410806598" role="outer"/>
  <member type="way" ref="1183871090" role="outer"/>
  <member type="way" ref="51672601" role="outer"/>
  <member type="way" ref="410804750" role="outer"/>
  <member type="way" ref="228161062" role="outer"/>
  <member type="way" ref="51651079" role="outer"/>
  <member type="way" ref="405384286" role="outer"/>
  <member type="way" ref="52675635" role="outer"/>
  <member type="way" ref="405384299" role="outer"/>
  <member type="way" ref="405384295" role="outer"/>
  <member type="way" ref="405384345" role="outer"/>
  <member type="way" ref="405384363" role="outer"/>
  <member type="way" ref="405384279" role="outer"/>
  <member type="way" ref="51673187" role="outer"/>
  <member type="way" ref="52736230" role="outer"/>
  <member type="way" ref="405384285" role="outer"/>
  <member type="way" ref="410344167" role="outer"/>
  <member type="way" ref="51673175" role="outer"/>
  <member type="way" ref="51673215" role="outer"/>
  <member type="way" ref="410344165" role="outer"/>
  <member type="way" ref="52736231" role="outer"/>
  <member type="way" ref="51673168" role="outer"/>
  <member type="way" ref="405384366" role="outer"/>
  <member type="way" ref="51673193" role="outer"/>
  <member type="way" ref="51673210" role="outer"/>
  <member type="way" ref="51673160" role="outer"/>
  <member type="way" ref="148698820" role="outer"/>
  <member type="way" ref="51673222" role="outer"/>
  <member type="way" ref="405207505" role="outer"/>
  <member type="way" ref="225188942" role="outer"/>
  <member type="way" ref="51673227" role="outer"/>
  <member type="way" ref="51673219" role="outer"/>
  <member type="way" ref="148745699" role="outer"/>
  <member type="way" ref="405343169" role="outer"/>
  <member type="way" ref="405343167" role="outer"/>
  <member type="way" ref="51651103" role="outer"/>
  <member type="way" ref="405343166" role="outer"/>
  <member type="way" ref="405343168" role="outer"/>
  <member type="way" ref="541779205" role="outer"/>
  <member type="way" ref="541779202" role="outer"/>
  <member type="way" ref="51673140" role="outer"/>
  <member type="way" ref="405207467" role="outer"/>
  <member type="way" ref="542017964" role="outer"/>
  <member type="way" ref="51673103" role="outer"/>
  <member type="way" ref="225188941" role="outer"/>
  <member type="way" ref="52463530" role="outer"/>
  <member type="way" ref="51673156" role="outer"/>
  <member type="way" ref="52441242" role="outer"/>
  <member type="way" ref="222005076" role="outer"/>
  <member type="way" ref="132625375" role="outer"/>
  <member type="way" ref="51672267" role="outer"/>
  <member type="way" ref="143213169" role="outer"/>
  <member type="way" ref="51651072" role="outer"/>
  <member type="way" ref="51673407" role="outer"/>
  <member type="way" ref="221977688" role="outer"/>
  <member type="way" ref="221977689" role="outer"/>
  <member type="way" ref="52441282" role="outer"/>
  <member type="way" ref="222298352" role="outer"/>
  <member type="way" ref="538113709" role="outer"/>
  <member type="way" ref="51673275" role="outer"/>
  <member type="way" ref="222298351" role="outer"/>
  <member type="way" ref="221955951" role="outer"/>
  <member type="way" ref="51673493" role="outer"/>
  <member type="way" ref="107291571" role="outer"/>
  <member type="way" ref="415976352" role="outer"/>
  <member type="way" ref="51673237" role="outer"/>
  <member type="way" ref="221974377" role="outer"/>
  <member type="way" ref="51673584" role="outer"/>
  <member type="way" ref="51673583" role="outer"/>
  <member type="way" ref="51673509" role="outer"/>
  <member type="way" ref="223331690" role="outer"/>
  <member type="way" ref="51673559" role="outer"/>
  <member type="way" ref="51673553" role="outer"/>
  <member type="way" ref="51673556" role="outer"/>
  <member type="way" ref="51673554" role="outer"/>
  <member type="way" ref="51673528" role="outer"/>
  <member type="way" ref="223331689" role="outer"/>
  <member type="way" ref="51673575" role="outer"/>
  <member type="way" ref="223332500" role="outer"/>
  <member type="way" ref="51673499" role="outer"/>
  <member type="way" ref="223336541" role="outer"/>
  <member type="way" ref="223374625" role="outer"/>
  <member type="way" ref="223374626" role="outer"/>
  <member type="way" ref="51673589" role="outer"/>
  <member type="way" ref="223376344" role="outer"/>
  <member type="way" ref="51658695" role="outer"/>
  <member type="way" ref="223376349" role="outer"/>
  <member type="way" ref="51639192" role="outer"/>
  <member type="way" ref="51639195" role="outer"/>
  <member type="way" ref="51637935" role="outer"/>
  <member type="way" ref="223376350" role="outer"/>
  <member type="way" ref="51639285" role="outer"/>
  <member type="way" ref="223376352" role="outer"/>
  <member type="way" ref="51658653" role="outer"/>
  <member type="way" ref="52441285" role="outer"/>
  <member type="way" ref="223376359" role="outer"/>
  <member type="way" ref="403543743" role="outer"/>
  <member type="way" ref="403543732" role="outer"/>
  <member type="way" ref="51673234" role="outer"/>
  <member type="way" ref="51673595" role="outer"/>
  <member type="way" ref="946432722" role="outer"/>
  <member type="way" ref="51673601" role="outer"/>
  <member type="way" ref="403543744" role="outer"/>
  <member type="way" ref="51673602" role="outer"/>
  <member type="way" ref="403543733" role="outer"/>
  <member type="way" ref="51673616" role="outer"/>
  <member type="way" ref="51673613" role="outer"/>
  <member type="way" ref="403709280" role="outer"/>
  <member type="way" ref="228009747" role="outer"/>
  <member type="way" ref="51673605" role="outer"/>
  <member type="way" ref="403709253" role="outer"/>
  <member type="way" ref="51673606" role="outer"/>
  <member type="way" ref="52447118" role="outer"/>
  <member type="way" ref="430840477" role="outer"/>
  <member type="way" ref="430840481" role="outer"/>
  <member type="way" ref="540860100" role="outer"/>
  <member type="way" ref="430840483" role="outer"/>
  <member type="way" ref="51658738" role="outer"/>
  <member type="way" ref="227235214" role="outer"/>
  <member type="way" ref="541173781" role="outer"/>
  <member type="way" ref="541173788" role="outer"/>
  <member type="way" ref="541173791" role="outer"/>
  <member type="way" ref="148846766" role="outer"/>
  <member type="way" ref="541173794" role="outer"/>
  <member type="way" ref="51641333" role="outer"/>
  <member type="way" ref="541173797" role="outer"/>
  <member type="way" ref="430849396" role="outer"/>
  <member type="way" ref="227235221" role="outer"/>
  <member type="way" ref="541142029" role="outer"/>
  <member type="way" ref="541142030" role="outer"/>
  <member type="way" ref="227235225" role="outer"/>
  <member type="way" ref="51641386" role="outer"/>
  <member type="way" ref="51641337" role="outer"/>
  <member type="way" ref="227235222" role="outer"/>
  <member type="way" ref="539590571" role="outer"/>
  <member type="way" ref="51641346" role="outer"/>
  <member type="way" ref="539590572" role="outer"/>
  <member type="way" ref="51641359" role="outer"/>
  <member type="way" ref="143104995" role="outer"/>
  <member type="way" ref="539590569" role="outer"/>
  <member type="way" ref="51641353" role="outer"/>
  <member type="way" ref="539751227" role="outer"/>
  <member type="way" ref="539751207" role="outer"/>
  <member type="way" ref="51640024" role="outer"/>
  <member type="way" ref="51641361" role="outer"/>
  <member type="way" ref="51640026" role="outer"/>
  <member type="way" ref="51641300" role="outer"/>
  <member type="way" ref="539751221" role="outer"/>
  <member type="way" ref="51641303" role="outer"/>
  <member type="way" ref="539751224" role="outer"/>
  <member type="way" ref="51641305" role="outer"/>
  <member type="way" ref="51641283" role="outer"/>
  <member type="way" ref="227235224" role="outer"/>
  <member type="way" ref="430860509" role="outer"/>
  <member type="way" ref="51641284" role="outer"/>
  <member type="way" ref="430860544" role="outer"/>
  <member type="way" ref="51641310" role="outer"/>
  <member type="way" ref="51640032" role="outer"/>
  <member type="way" ref="430860505" role="outer"/>
  <member type="way" ref="430860506" role="outer"/>
  <member type="way" ref="946940433" role="outer"/>
  <member type="way" ref="430860514" role="outer"/>
  <member type="way" ref="539169317" role="outer"/>
  <member type="way" ref="539169316" role="outer"/>
  <member type="way" ref="227235217" role="outer"/>
  <member type="way" ref="51641316" role="outer"/>
  <member type="way" ref="538579096" role="outer"/>
  <member type="way" ref="51641318" role="outer"/>
  <member type="way" ref="51641312" role="outer"/>
  <member type="way" ref="227235219" role="outer"/>
  <member type="way" ref="224697879" role="outer"/>
  <member type="way" ref="51641313" role="outer"/>
  <member type="way" ref="431764350" role="outer"/>
  <member type="way" ref="431764317" role="outer"/>
  <member type="way" ref="51641322" role="outer"/>
  <member type="way" ref="51633627" role="outer"/>
  <member type="way" ref="431764478" role="outer"/>
  <member type="way" ref="51639777" role="outer"/>
  <member type="way" ref="538375200" role="outer"/>
  <member type="way" ref="51639341" role="outer"/>
  <member type="way" ref="51640005" role="outer"/>
  <member type="way" ref="431764353" role="outer"/>
  <member type="way" ref="51640006" role="outer"/>
  <member type="way" ref="224697876" role="outer"/>
  <member type="way" ref="51640007" role="outer"/>
  <member type="way" ref="51639984" role="outer"/>
  <member type="way" ref="51639998" role="outer"/>
  <member type="way" ref="431764354" role="outer"/>
  <member type="way" ref="51639994" role="outer"/>
  <member type="way" ref="227235223" role="outer"/>
  <member type="way" ref="181600344" role="outer"/>
  <member type="way" ref="942624012" role="outer"/>
  <member type="way" ref="51639996" role="outer"/>
  <member type="way" ref="431764222" role="outer"/>
  <member type="way" ref="51639997" role="outer"/>
  <member type="way" ref="148831864" role="outer"/>
  <member type="way" ref="51640019" role="outer"/>
  <member type="way" ref="431764328" role="outer"/>
  <member type="way" ref="891395931" role="outer"/>
  <member type="way" ref="148669779" role="outer"/>
  <member type="way" ref="431764351" role="outer"/>
  <member type="way" ref="148670385" role="outer"/>
  <member type="way" ref="51639986" role="outer"/>
  <member type="way" ref="891396311" role="outer"/>
  <member type="way" ref="891397790" role="outer"/>
  <member type="way" ref="891396312" role="outer"/>
  <member type="way" ref="224697877" role="outer"/>
  <member type="way" ref="224697880" role="outer"/>
  <member type="way" ref="51640023" role="outer"/>
  <member type="way" ref="891397787" role="outer"/>
  <member type="way" ref="891397788" role="outer"/>
  <member type="way" ref="51658845" role="outer"/>
  <member type="way" ref="148606742" role="outer"/>
  <member type="way" ref="51648685" role="outer"/>
  <member type="way" ref="51648686" role="outer"/>
  <member type="way" ref="51648682" role="outer"/>
  <member type="way" ref="431540695" role="outer"/>
  <member type="way" ref="51648436" role="outer"/>
  <member type="way" ref="431540709" role="outer"/>
  <member type="way" ref="51674190" role="outer"/>
  <member type="way" ref="51674189" role="outer"/>
  <member type="way" ref="431540750" role="outer"/>
  <member type="way" ref="224697878" role="outer"/>
  <member type="way" ref="148693305" role="outer"/>
  <member type="way" ref="148694298" role="outer"/>
  <member type="way" ref="51674166" role="outer"/>
  <member type="way" ref="431508275" role="outer"/>
  <member type="way" ref="51674216" role="outer"/>
  <member type="way" ref="431508269" role="outer"/>
  <member type="way" ref="119432748" role="outer"/>
  <member type="way" ref="52447115" role="outer"/>
  <member type="way" ref="222957812" role="outer"/>
  <member type="way" ref="891395933" role="outer"/>
  <member type="way" ref="51658855" role="outer"/>
  <member type="way" ref="52118544" role="outer"/>
  <member type="way" ref="51674221" role="outer"/>
  <member type="way" ref="564628326" role="outer"/>
  <member type="way" ref="302662933" role="outer"/>
  <member type="way" ref="51674233" role="outer"/>
  <member type="way" ref="302662936" role="outer"/>
  <member type="way" ref="302772800" role="outer"/>
  <member type="way" ref="51674182" role="outer"/>
  <member type="way" ref="51674275" role="outer"/>
  <member type="way" ref="302662938" role="outer"/>
  <member type="way" ref="198875187" role="outer"/>
  <member type="way" ref="51674274" role="outer"/>
  <member type="way" ref="298213949" role="outer"/>
  <member type="way" ref="51674269" role="outer"/>
  <member type="way" ref="298213944" role="outer"/>
  <member type="way" ref="51674271" role="outer"/>
  <member type="way" ref="51674186" role="outer"/>
  <member type="way" ref="376771755" role="outer"/>
  <member type="way" ref="298195456" role="outer"/>
  <member type="way" ref="51674263" role="outer"/>
  <member type="way" ref="51674160" role="outer"/>
  <member type="way" ref="51674293" role="outer"/>
  <member type="way" ref="51674281" role="outer"/>
  <member type="way" ref="562606170" role="outer"/>
  <member type="way" ref="298000064" role="outer"/>
  <member type="way" ref="198874236" role="outer"/>
  <member type="way" ref="51674294" role="outer"/>
  <member type="way" ref="374367362" role="outer"/>
  <member type="way" ref="198875186" role="outer"/>
  <member type="way" ref="51648452" role="outer"/>
  <member type="way" ref="51648450" role="outer"/>
  <member type="way" ref="298011572" role="outer"/>
  <member type="way" ref="298000038" role="outer"/>
  <member type="way" ref="51648967" role="outer"/>
  <member type="way" ref="298000031" role="outer"/>
  <member type="way" ref="562585470" role="outer"/>
  <member type="way" ref="51648966" role="outer"/>
  <member type="way" ref="51648459" role="outer"/>
  <member type="way" ref="198875766" role="outer"/>
  <member type="way" ref="208947242" role="outer"/>
  <member type="way" ref="208947250" role="outer"/>
  <member type="way" ref="51674157" role="outer"/>
  <member type="way" ref="51648441" role="outer"/>
  <member type="way" ref="374367407" role="outer"/>
  <member type="way" ref="51674466" role="outer"/>
  <member type="way" ref="51648446" role="outer"/>
  <member type="way" ref="558467256" role="outer"/>
  <member type="way" ref="208947246" role="outer"/>
  <member type="way" ref="51674570" role="outer"/>
  <member type="way" ref="51674567" role="outer"/>
  <member type="way" ref="51674569" role="outer"/>
  <member type="way" ref="198260106" role="outer"/>
  <member type="way" ref="1451084319" role="outer"/>
  <member type="way" ref="51648445" role="outer"/>
  <member type="way" ref="1451084322" role="outer"/>
  <member type="way" ref="51674485" role="outer"/>
  <member type="way" ref="1451084327" role="outer"/>
  <member type="way" ref="51674416" role="outer"/>
  <member type="way" ref="559467190" role="outer"/>
  <member type="way" ref="51674413" role="outer"/>
  <member type="node" ref="428339515" role="admin_centre"/>
  <member type="node" ref="432425060" role="label"/>
  <member type="relation" ref="104401" role="subarea"/>
  <member type="relation" ref="130971" role="subarea"/>
  <member type="relation" ref="223408" role="subarea"/>
  <member type="relation" ref="130914" role="subarea"/>
  <member type="relation" ref="224462" role="subarea"/>
  <member type="relation" ref="130975" role="subarea"/>
  <member type="relation" ref="130957" role="subarea"/>
  <member type="relation" ref="224461" role="subarea"/>
  <member type="relation" ref="224460" role="subarea"/>
  <member type="relation" ref="224459" role="subarea"/>
  <member type="relation" ref="130935" role="subarea"/>
  <member type="relation" ref="130919" role="subarea"/>
  <member type="relation" ref="224458" role="subarea"/>
  <member type="relation" ref="130969" role="subarea"/>
  <member type="relation" ref="223407" role="subarea"/>
  <member type="relation" ref="224457" role="subarea"/>
  <tag k="admin_level" v="2"/>
  <tag k="alt_name:ar" v="بولونيا"/>
  <tag k="alt_name:br" v="Pologn"/>
  <tag k="alt_name:eo" v="Polio;Polujo"/>
  <tag k="boundary" v="administrative"/>
  <tag k="currency" v="PLN"/>
  <tag k="daytime_headlight" v="yes"/>
  <tag k="default_language" v="pl"/>
  <tag k="driving_side" v="right"/>
  <tag k="flag" v="https://upload.wikimedia.org/wikipedia/commons/1/12/Flag_of_Poland.svg"/>
  <tag k="int_name" v="Polska"/>
  <tag k="ISO3166-1" v="PL"/>
  <tag k="ISO3166-1:alpha2" v="PL"/>
  <tag k="ISO3166-1:alpha3" v="POL"/>
  <tag k="ISO3166-1:numeric" v="616"/>
  <tag k="long_name:ar" v="Rzeczpospolita Polska"/>
  <tag k="name" v="Polska"/>
  <tag k="name:ab" v="Полша"/>
  <tag k="name:ace" v="Polandia"/>
  <tag k="name:af" v="Pole"/>
  <tag k="name:ak" v="Poland"/>
  <tag k="name:als" v="Polen"/>
  <tag k="name:am" v="ፖላንድ"/>
  <tag k="name:an" v="Polonia"/>
  <tag k="name:ang" v="Polaland"/>
  <tag k="name:ar" v="بولندا"/>
  <tag k="name:arc" v="ܦܘܠܢܕ"/>
  <tag k="name:arz" v="بولاندا"/>
  <tag k="name:ast" v="Polonia"/>
  <tag k="name:ay" v="Puluña"/>
  <tag k="name:az" v="Polşa"/>
  <tag k="name:ba" v="Польша"/>
  <tag k="name:bar" v="Poin"/>
  <tag k="name:bcl" v="Polonya"/>
  <tag k="name:be" v="Польшча"/>
  <tag k="name:ber" v="ⴱⵓⵍⴰⵏⴷⴰ"/>
  <tag k="name:be-tarask" v="Польшча"/>
  <tag k="name:bg" v="Полша"/>
  <tag k="name:bi" v="Poland"/>
  <tag k="name:bn" v="পোল্যান্ড"/>
  <tag k="name:bo" v="ཕོ་ལན།"/>
  <tag k="name:bpy" v="পোল্যান্ড"/>
  <tag k="name:br" v="Polonia"/>
  <tag k="name:bs" v="Poljska"/>
  <tag k="name:bxr" v="Польш"/>
  <tag k="name:ca" v="Polònia"/>
  <tag k="name:cdo" v="Pŏ̤-làng"/>
  <tag k="name:ce" v="Польша"/>
  <tag k="name:ceb" v="Polonya"/>
  <tag k="name:chr" v="ᏉᎳᏂ"/>
  <tag k="name:chy" v="Poland"/>
  <tag k="name:ckb" v="پۆڵەندا"/>
  <tag k="name:cnr" v="Poljska"/>
  <tag k="name:co" v="Polonia"/>
  <tag k="name:crh" v="Lehistan"/>
  <tag k="name:cs" v="Polsko"/>
  <tag k="name:csb" v="Pòlskô"/>
  <tag k="name:cu" v="Пол҄ьска"/>
  <tag k="name:cv" v="Польша"/>
  <tag k="name:cy" v="Gwlad Pwyl"/>
  <tag k="name:da" v="Polen"/>
  <tag k="name:dative" v="Polsce"/>
  <tag k="name:de" v="Polen"/>
  <tag k="name:diq" v="Polonya"/>
  <tag k="name:dsb" v="Pólska"/>
  <tag k="name:dv" v="ޕޮލެންޑު"/>
  <tag k="name:ee" v="Poland"/>
  <tag k="name:el" v="Πολωνία"/>
  <tag k="name:eml" v="Pulógna"/>
  <tag k="name:en" v="Poland"/>
  <tag k="name:eo" v="Pollando"/>
  <tag k="name:es" v="Polonia"/>
  <tag k="name:et" v="Poola"/>
  <tag k="name:eu" v="Polonia"/>
  <tag k="name:ext" v="Poloña"/>
  <tag k="name:fa" v="لهستان"/>
  <tag k="name:ff" v="Poloonya"/>
  <tag k="name:fi" v="Puola"/>
  <tag k="name:fo" v="Pólland"/>
  <tag k="name:fr" v="Pologne"/>
  <tag k="name:frp" v="Pologne"/>
  <tag k="name:frr" v="Poolen"/>
  <tag k="name:fur" v="Polonie"/>
  <tag k="name:fy" v="Poalen"/>
  <tag k="name:ga" v="An Pholainn"/>
  <tag k="name:gag" v="Polşa"/>
  <tag k="name:gan" v="波蘭"/>
  <tag k="name:gd" v="A' Phòlainn"/>
  <tag k="name:gl" v="Polonia"/>
  <tag k="name:gn" v="Poloña"/>
  <tag k="name:gu" v="પોલેંડ"/>
  <tag k="name:gv" v="Yn Pholynn"/>
  <tag k="name:ha" v="Poland"/>
  <tag k="name:hak" v="Pô-làn"/>
  <tag k="name:haw" v="Pōlani"/>
  <tag k="name:he" v="פולין"/>
  <tag k="name:hi" v="पोलैंड"/>
  <tag k="name:hif" v="Poland"/>
  <tag k="name:hr" v="Poljska"/>
  <tag k="name:hsb" v="Pólska"/>
  <tag k="name:ht" v="Polòy"/>
  <tag k="name:hu" v="Lengyelország"/>
  <tag k="name:hy" v="Լեհաստան"/>
  <tag k="name:ia" v="Polonia"/>
  <tag k="name:id" v="Polandia"/>
  <tag k="name:ie" v="Polonia"/>
  <tag k="name:ig" v="Poland"/>
  <tag k="name:ilo" v="Polonia"/>
  <tag k="name:io" v="Polonia"/>
  <tag k="name:is" v="Pólland"/>
  <tag k="name:it" v="Polonia"/>
  <tag k="name:iu" v="ᐳᓚᓐᑦ"/>
  <tag k="name:ja" v="ポーランド"/>
  <tag k="name:jbo" v="polskas"/>
  <tag k="name:jv" v="Polandia"/>
  <tag k="name:ka" v="პოლონეთი"/>
  <tag k="name:kaa" v="Polsha"/>
  <tag k="name:kab" v="Bulunda"/>
  <tag k="name:kbd" v="Лахь жылэ"/>
  <tag k="name:kg" v="Pologne"/>
  <tag k="name:kk" v="Польша"/>
  <tag k="name:kl" v="Poleni"/>
  <tag k="name:km" v="ប្រទេសប៉ូឡូញ"/>
  <tag k="name:kn" v="ಪೋಲೆಂಡ್"/>
  <tag k="name:ko" v="폴란드"/>
  <tag k="name:koi" v="Польска"/>
  <tag k="name:krc" v="Польша"/>
  <tag k="name:ku" v="Polonya"/>
  <tag k="name:kv" v="Польша"/>
  <tag k="name:kw" v="Poloni"/>
  <tag k="name:ky" v="Польша"/>
  <tag k="name:la" v="Polonia"/>
  <tag k="name:lad" v="Polonia"/>
  <tag k="name:lb" v="Polen"/>
  <tag k="name:lez" v="Польша"/>
  <tag k="name:lg" v="Bupoolo"/>
  <tag k="name:li" v="Pole"/>
  <tag k="name:lij" v="Polonia"/>
  <tag k="name:lmo" v="Pulònia"/>
  <tag k="name:ln" v="Poloni"/>
  <tag k="name:lt" v="Lenkija"/>
  <tag k="name:ltg" v="Puoleja"/>
  <tag k="name:lv" v="Polija"/>
  <tag k="name:lzh" v="波蘭"/>
  <tag k="name:map-bms" v="Polandia"/>
  <tag k="name:mdf" v="Полень мастор"/>
  <tag k="name:mg" v="Polonia"/>
  <tag k="name:mhr" v="Польшо"/>
  <tag k="name:mi" v="Pōrana"/>
  <tag k="name:mk" v="Полска"/>
  <tag k="name:ml" v="പോളണ്ട്"/>
  <tag k="name:mn" v="Польш"/>
  <tag k="name:mr" v="पोलंड"/>
  <tag k="name:mrj" v="Польша"/>
  <tag k="name:ms" v="Poland"/>
  <tag k="name:mt" v="Polonja"/>
  <tag k="name:mwl" v="Polónia"/>
  <tag k="name:my" v="ပိုလန်နိုင်ငံ"/>
  <tag k="name:mzn" v="لهستون"/>
  <tag k="name:na" v="Poran"/>
  <tag k="name:nah" v="Polonia"/>
  <tag k="name:nan" v="Polska"/>
  <tag k="name:nan-Hans" v="波蘭"/>
  <tag k="name:nan-Latn-pehoeji" v="Polska"/>
  <tag k="name:nan-Latn-tailo" v="Pó-lân"/>
  <tag k="name:nap" v="Pulonnia"/>
  <tag k="name:nds" v="Polen"/>
  <tag k="name:nds-nl" v="Pooln"/>
  <tag k="name:ne" v="पोल्याण्ड"/>
  <tag k="name:nl" v="Polen"/>
  <tag k="name:nn" v="Polen"/>
  <tag k="name:no" v="Polen"/>
  <tag k="name:nov" v="Polonia"/>
  <tag k="name:nrm" v="Polongne"/>
  <tag k="name:nv" v="Póolish Dineʼé Bikéyah"/>
  <tag k="name:oc" v="Polonha"/>
  <tag k="name:or" v="ପୋଲାଣ୍ଡ"/>
  <tag k="name:os" v="Польшæ"/>
  <tag k="name:pa" v="ਪੋਲੈਂਡ"/>
  <tag k="name:pam" v="Polonya"/>
  <tag k="name:pap" v="Polonia"/>
  <tag k="name:pcd" v="Polonne"/>
  <tag k="name:pdc" v="Polen"/>
  <tag k="name:pfl" v="Pole"/>
  <tag k="name:pih" v="Poeland"/>
  <tag k="name:pl" v="Polska"/>
  <tag k="name:pms" v="Polònia"/>
  <tag k="name:pnb" v="پولینڈ"/>
  <tag k="name:pnt" v="Πολωνία"/>
  <tag k="name:ps" v="پولنډ"/>
  <tag k="name:pt" v="Polónia"/>
  <tag k="name:qu" v="Pulunya"/>
  <tag k="name:rm" v="Pologna"/>
  <tag k="name:rmy" v="Polska"/>
  <tag k="name:rn" v="Polonia"/>
  <tag k="name:ro" v="Polonia"/>
  <tag k="name:roa-tara" v="Pulonie"/>
  <tag k="name:ru" v="Польша"/>
  <tag k="name:rue" v="Польско"/>
  <tag k="name:rw" v="Polonye"/>
  <tag k="name:sa" v="पोलैंड"/>
  <tag k="name:sah" v="Польша"/>
  <tag k="name:sc" v="Polonia"/>
  <tag k="name:scn" v="Pulonia"/>
  <tag k="name:sco" v="Poland"/>
  <tag k="name:se" v="Polska"/>
  <tag k="name:sg" v="Pölôni"/>
  <tag k="name:sgs" v="Lėnkėjė"/>
  <tag k="name:sh" v="Poljska"/>
  <tag k="name:si" v="පෝලන්තය"/>
  <tag k="name:sk" v="Poľsko"/>
  <tag k="name:sl" v="Poljska"/>
  <tag k="name:sm" v="Polagi"/>
  <tag k="name:smn" v="Puola"/>
  <tag k="name:sms" v="Puola"/>
  <tag k="name:so" v="Boland"/>
  <tag k="name:sq" v="Polonia"/>
  <tag k="name:sr" v="Пољска"/>
  <tag k="name:ss" v="IPholandi"/>
  <tag k="name:st" v="Poland"/>
  <tag k="name:stq" v="Polen"/>
  <tag k="name:su" v="Polandia"/>
  <tag k="name:sv" v="Polen"/>
  <tag k="name:sw" v="Poland"/>
  <tag k="name:szl" v="Polska"/>
  <tag k="name:ta" v="போலந்து"/>
  <tag k="name:te" v="పోలాండ్"/>
  <tag k="name:tet" v="Polónia"/>
  <tag k="name:tg" v="Лаҳистон"/>
  <tag k="name:th" v="ประเทศโปแลนด์"/>
  <tag k="name:tk" v="Polşa"/>
  <tag k="name:tl" v="Polonya"/>
  <tag k="name:tok" v="ma Posuka"/>
  <tag k="name:tpi" v="Polan"/>
  <tag k="name:tr" v="Polonya"/>
  <tag k="name:tt" v="Польша"/>
  <tag k="name:tzl" v="Polognh"/>
  <tag k="name:udm" v="Польша"/>
  <tag k="name:ug" v="پولشا"/>
  <tag k="name:uk" v="Польща"/>
  <tag k="name:ur" v="پولینڈ"/>
  <tag k="name:uz" v="Polsha"/>
  <tag k="name:vec" v="Połonia"/>
  <tag k="name:vep" v="Pol'šanma"/>
  <tag k="name:vi" v="Ba Lan"/>
  <tag k="name:vls" v="Pooln"/>
  <tag k="name:vo" v="Polän"/>
  <tag k="name:vro" v="Poola"/>
  <tag k="name:wa" v="Pologne"/>
  <tag k="name:war" v="Polonya"/>
  <tag k="name:wo" v="Poloñ"/>
  <tag k="name:wuu" v="波兰"/>
  <tag k="name:xal" v="Польшин Орн"/>
  <tag k="name:xmf" v="პოლონეთი"/>
  <tag k="name:yi" v="פוילן"/>
  <tag k="name:yo" v="Polandi"/>
  <tag k="name:yue" v="波蘭"/>
  <tag k="name:zea" v="Poôl'n"/>
  <tag k="name:zh" v="波兰 / 波蘭"/>
  <tag k="name:zh-Hans" v="波兰"/>
  <tag k="name:zh-Hant" v="波蘭"/>
  <tag k="name:zu" v="IPolandi"/>
  <tag k="official_name" v="Rzeczpospolita Polska"/>
  <tag k="official_name:ar" v="الجمهورية البولندية"/>
  <tag k="official_name:be" v="Рэспубліка Польшча"/>
  <tag k="official_name:be-tarask" v="Рэспубліка Польшча"/>
  <tag k="official_name:ca" v="República de Polònia"/>
  <tag k="official_name:cnr" v="Republika Poljska"/>
  <tag k="official_name:cs" v="Polská republika"/>
  <tag k="official_name:de" v="Republik Polen"/>
  <tag k="official_name:el" v="Δημοκρατία της Πολωνίας"/>
  <tag k="official_name:en" v="Republic of Poland"/>
  <tag k="official_name:eo" v="Pola Respubliko"/>
  <tag k="official_name:es" v="República de Polonia"/>
  <tag k="official_name:fi" v="Puolan tasavalta"/>
  <tag k="official_name:fr" v="République de Pologne"/>
  <tag k="official_name:hu" v="Lengyel Köztársaság"/>
  <tag k="official_name:mi" v="Whenua Pōrana"/>
  <tag k="official_name:pl" v="Rzeczpospolita Polska"/>
  <tag k="official_name:ru" v="Республика Польша"/>
  <tag k="official_name:sr" v="Република Пољска"/>
  <tag k="old_name:is" v="Sléttumannaland"/>
  <tag k="population" v="37332500"/>
  <tag k="population:date" v="2026-01-01"/>
  <tag k="short_name" v="RP"/>
  <tag k="short_name:be" v="РП"/>
  <tag k="source" v="geoportal.gov.pl;PRG;Urząd Morski w Gdyni;Ustawa o obszarach morskich Rzeczypospolitej Polskiej i Administracji Morskiej;Act on maritime areas of the Republic of Poland and Maritime Administration;United Nations Convention on the Law of the Sea"/>
  <tag k="source:name:oc" v="ieo-bdtopoc"/>
  <tag k="source:population" v="https://stat.gov.pl/download/gfx/portalinformacyjny/pl/defaultaktualnosci/5468/7/23/1/powierzchnia_i_ludnosc_w_przekroju_terytorialnym_w_2026_r.pdf"/>
  <tag k="teryt:terc" v="1"/>
  <tag k="timezone" v="Europe/Warsaw"/>
  <tag k="TMC:cid_58:tabcd_1:Class" v="Area"/>
  <tag k="TMC:cid_58:tabcd_1:LCLversion" v="8.00"/>
  <tag k="TMC:cid_58:tabcd_1:LocationCode" v="8"/>
  <tag k="type" v="boundary"/>
  <tag k="wikidata" v="Q36"/>
  <tag k="wikimedia_commons" v="Category:Poland"/>
  <tag k="wikipedia" v="pl:Polska"/>
 </relation>
 <relation id="224459" visible="true" version="395" changeset="186732307" timestamp="2026-07-31T21:53:30Z" user="geoccitania" uid="17533098">
  <member type="node" ref="1838666975" role="admin_centre"/>
  <member type="node" ref="504966405" role="label"/>
  <member type="way" ref="345164401" role="outer"/>
  <member type="way" ref="379814311" role="outer"/>
  <member type="way" ref="39931400" role="outer"/>
  <member type="way" ref="204810299" role="outer"/>
  <member type="way" ref="345164400" role="outer"/>
  <member type="way" ref="204810295" role="outer"/>
  <member type="way" ref="379671023" role="outer"/>
  <member type="way" ref="379671022" role="outer"/>
  <member type="way" ref="379649069" role="outer"/>
  <member type="way" ref="379649077" role="outer"/>
  <member type="way" ref="379649080" role="outer"/>
  <member type="way" ref="204810289" role="outer"/>
  <member type="way" ref="379712615" role="outer"/>
  <member type="way" ref="379713714" role="outer"/>
  <member type="way" ref="204810278" role="outer"/>
  <member type="way" ref="379712614" role="outer"/>
  <member type="way" ref="379707059" role="outer"/>
  <member type="way" ref="379702928" role="outer"/>
  <member type="way" ref="379702929" role="outer"/>
  <member type="way" ref="192600599" role="outer"/>
  <member type="way" ref="379700900" role="outer"/>
  <member type="way" ref="379700897" role="outer"/>
  <member type="way" ref="259023323" role="outer"/>
  <member type="way" ref="259023317" role="outer"/>
  <member type="way" ref="259023314" role="outer"/>
  <member type="way" ref="259023318" role="outer"/>
  <member type="way" ref="259023307" role="outer"/>
  <member type="way" ref="259023310" role="outer"/>
  <member type="way" ref="259023316" role="outer"/>
  <member type="way" ref="204810293" role="outer"/>
  <member type="way" ref="259081592" role="outer"/>
  <member type="way" ref="259081593" role="outer"/>
  <member type="way" ref="259081590" role="outer"/>
  <member type="way" ref="259081589" role="outer"/>
  <member type="way" ref="259081584" role="outer"/>
  <member type="way" ref="259081594" role="outer"/>
  <member type="way" ref="259081585" role="outer"/>
  <member type="way" ref="259081586" role="outer"/>
  <member type="way" ref="259081583" role="outer"/>
  <member type="way" ref="259081588" role="outer"/>
  <member type="way" ref="179763850" role="outer"/>
  <member type="way" ref="39931096" role="outer"/>
  <member type="way" ref="259081587" role="outer"/>
  <member type="way" ref="259081591" role="outer"/>
  <member type="way" ref="259070638" role="outer"/>
  <member type="way" ref="259070643" role="outer"/>
  <member type="way" ref="259070640" role="outer"/>
  <member type="way" ref="259070642" role="outer"/>
  <member type="way" ref="259070641" role="outer"/>
  <member type="way" ref="259070639" role="outer"/>
  <member type="way" ref="259068428" role="outer"/>
  <member type="way" ref="217876471" role="outer"/>
  <member type="way" ref="259068429" role="outer"/>
  <member type="way" ref="259068431" role="outer"/>
  <member type="way" ref="259068432" role="outer"/>
  <member type="way" ref="259068430" role="outer"/>
  <member type="way" ref="204830053" role="outer"/>
  <member type="way" ref="259114118" role="outer"/>
  <member type="way" ref="259114150" role="outer"/>
  <member type="way" ref="259114154" role="outer"/>
  <member type="way" ref="259114106" role="outer"/>
  <member type="way" ref="259114156" role="outer"/>
  <member type="way" ref="259114146" role="outer"/>
  <member type="way" ref="259114153" role="outer"/>
  <member type="way" ref="259114120" role="outer"/>
  <member type="way" ref="259114110" role="outer"/>
  <member type="way" ref="259114130" role="outer"/>
  <member type="way" ref="259114114" role="outer"/>
  <member type="way" ref="39930938" role="outer"/>
  <member type="way" ref="259098112" role="outer"/>
  <member type="way" ref="259098122" role="outer"/>
  <member type="way" ref="259098117" role="outer"/>
  <member type="way" ref="259098107" role="outer"/>
  <member type="way" ref="259098124" role="outer"/>
  <member type="way" ref="259098119" role="outer"/>
  <member type="way" ref="259098110" role="outer"/>
  <member type="way" ref="259098114" role="outer"/>
  <member type="way" ref="204822411" role="outer"/>
  <member type="way" ref="260840572" role="outer"/>
  <member type="way" ref="260840571" role="outer"/>
  <member type="way" ref="260840573" role="outer"/>
  <member type="way" ref="260840570" role="outer"/>
  <member type="way" ref="181084802" role="outer"/>
  <member type="way" ref="260545751" role="outer"/>
  <member type="way" ref="260545756" role="outer"/>
  <member type="way" ref="260545749" role="outer"/>
  <member type="way" ref="260545755" role="outer"/>
  <member type="way" ref="260545752" role="outer"/>
  <member type="way" ref="260545753" role="outer"/>
  <member type="way" ref="260545754" role="outer"/>
  <member type="way" ref="260545750" role="outer"/>
  <member type="way" ref="260545757" role="outer"/>
  <member type="way" ref="432566182" role="outer"/>
  <member type="way" ref="260037191" role="outer"/>
  <member type="way" ref="260037194" role="outer"/>
  <member type="way" ref="260037207" role="outer"/>
  <member type="way" ref="260037200" role="outer"/>
  <member type="way" ref="260037197" role="outer"/>
  <member type="way" ref="204853822" role="outer"/>
  <member type="way" ref="260620339" role="outer"/>
  <member type="way" ref="260620345" role="outer"/>
  <member type="way" ref="195823303" role="outer"/>
  <member type="way" ref="260997103" role="outer"/>
  <member type="way" ref="382711085" role="outer"/>
  <member type="way" ref="431903171" role="outer"/>
  <member type="way" ref="431903172" role="outer"/>
  <member type="way" ref="382711082" role="outer"/>
  <member type="way" ref="431903161" role="outer"/>
  <member type="way" ref="382711084" role="outer"/>
  <member type="way" ref="431903692" role="outer"/>
  <member type="way" ref="39931003" role="outer"/>
  <member type="way" ref="431973277" role="outer"/>
  <member type="way" ref="382705249" role="outer"/>
  <member type="way" ref="382705246" role="outer"/>
  <member type="way" ref="382730321" role="outer"/>
  <member type="way" ref="206456360" role="outer"/>
  <member type="way" ref="403152378" role="outer"/>
  <member type="way" ref="431048230" role="outer"/>
  <member type="way" ref="206456357" role="outer"/>
  <member type="way" ref="431057468" role="outer"/>
  <member type="way" ref="431067601" role="outer"/>
  <member type="way" ref="431050439" role="outer"/>
  <member type="way" ref="431141317" role="outer"/>
  <member type="way" ref="403177145" role="outer"/>
  <member type="way" ref="431074431" role="outer"/>
  <member type="way" ref="431098921" role="outer"/>
  <member type="way" ref="403183813" role="outer"/>
  <member type="way" ref="403184596" role="outer"/>
  <member type="way" ref="403184595" role="outer"/>
  <member type="way" ref="431098924" role="outer"/>
  <member type="way" ref="403152376" role="outer"/>
  <member type="way" ref="403185802" role="outer"/>
  <member type="way" ref="431100493" role="outer"/>
  <member type="way" ref="403185367" role="outer"/>
  <member type="way" ref="431134037" role="outer"/>
  <member type="way" ref="404151313" role="outer"/>
  <member type="way" ref="206498168" role="outer"/>
  <member type="way" ref="404153959" role="outer"/>
  <member type="way" ref="404166355" role="outer"/>
  <member type="way" ref="431134035" role="outer"/>
  <member type="way" ref="431444370" role="outer"/>
  <member type="way" ref="404159565" role="outer"/>
  <member type="way" ref="431446191" role="outer"/>
  <member type="way" ref="404166351" role="outer"/>
  <member type="way" ref="404164158" role="outer"/>
  <member type="way" ref="1156903885" role="outer"/>
  <member type="way" ref="206500360" role="outer"/>
  <member type="way" ref="431449454" role="outer"/>
  <member type="way" ref="404158508" role="outer"/>
  <member type="way" ref="404154704" role="outer"/>
  <member type="way" ref="431451848" role="outer"/>
  <member type="way" ref="198398538" role="outer"/>
  <member type="way" ref="431526396" role="outer"/>
  <member type="way" ref="431506393" role="outer"/>
  <member type="way" ref="408818754" role="outer"/>
  <member type="way" ref="198762442" role="outer"/>
  <member type="way" ref="431506385" role="outer"/>
  <member type="way" ref="408818756" role="outer"/>
  <member type="way" ref="408812818" role="outer"/>
  <member type="way" ref="408826943" role="outer"/>
  <member type="way" ref="431511286" role="outer"/>
  <member type="way" ref="181081884" role="outer"/>
  <member type="way" ref="431517293" role="outer"/>
  <member type="way" ref="431512093" role="outer"/>
  <member type="way" ref="408826952" role="outer"/>
  <member type="way" ref="408835525" role="outer"/>
  <member type="way" ref="437027843" role="outer"/>
  <member type="way" ref="181081883" role="outer"/>
  <member type="way" ref="437027927" role="outer"/>
  <member type="way" ref="408833809" role="outer"/>
  <member type="way" ref="408859879" role="outer"/>
  <member type="way" ref="437025180" role="outer"/>
  <member type="way" ref="437025171" role="outer"/>
  <member type="way" ref="206646071" role="outer"/>
  <member type="way" ref="408868516" role="outer"/>
  <member type="way" ref="437018685" role="outer"/>
  <member type="way" ref="408866016" role="outer"/>
  <member type="way" ref="437017991" role="outer"/>
  <member type="way" ref="408864930" role="outer"/>
  <member type="way" ref="408880622" role="outer"/>
  <member type="way" ref="437016977" role="outer"/>
  <member type="way" ref="206646070" role="outer"/>
  <member type="way" ref="206646068" role="outer"/>
  <member type="way" ref="206646069" role="outer"/>
  <member type="way" ref="437334263" role="outer"/>
  <member type="way" ref="408893575" role="outer"/>
  <member type="way" ref="437334262" role="outer"/>
  <member type="way" ref="206646067" role="outer"/>
  <member type="way" ref="437342489" role="outer"/>
  <member type="way" ref="437333260" role="outer"/>
  <member type="way" ref="408913756" role="outer"/>
  <member type="way" ref="408914742" role="outer"/>
  <member type="way" ref="408938319" role="outer"/>
  <member type="way" ref="437331700" role="outer"/>
  <member type="way" ref="196018895" role="outer"/>
  <member type="way" ref="438285342" role="outer"/>
  <member type="way" ref="408938316" role="outer"/>
  <member type="way" ref="177323657" role="outer"/>
  <member type="way" ref="475139949" role="outer"/>
  <member type="way" ref="227230214" role="outer"/>
  <member type="way" ref="206653434" role="outer"/>
  <member type="way" ref="408946664" role="outer"/>
  <member type="way" ref="474912014" role="outer"/>
  <member type="way" ref="408912794" role="outer"/>
  <member type="way" ref="408907810" role="outer"/>
  <member type="way" ref="227230212" role="outer"/>
  <member type="way" ref="409027213" role="outer"/>
  <member type="way" ref="196026513" role="outer"/>
  <member type="way" ref="409028374" role="outer"/>
  <member type="way" ref="409028387" role="outer"/>
  <member type="way" ref="198762440" role="outer"/>
  <member type="way" ref="198762445" role="outer"/>
  <member type="way" ref="466977174" role="outer"/>
  <member type="way" ref="466977166" role="outer"/>
  <member type="way" ref="466977158" role="outer"/>
  <member type="way" ref="408441830" role="outer"/>
  <member type="way" ref="467018908" role="outer"/>
  <member type="way" ref="198762441" role="outer"/>
  <member type="way" ref="198762452" role="outer"/>
  <member type="way" ref="408183090" role="outer"/>
  <member type="way" ref="466189290" role="outer"/>
  <member type="way" ref="745159508" role="outer"/>
  <member type="way" ref="198762438" role="outer"/>
  <member type="way" ref="466189283" role="outer"/>
  <member type="way" ref="407341396" role="outer"/>
  <member type="way" ref="407371307" role="outer"/>
  <member type="way" ref="466181097" role="outer"/>
  <member type="way" ref="198762439" role="outer"/>
  <member type="way" ref="466145578" role="outer"/>
  <member type="way" ref="466145575" role="outer"/>
  <member type="way" ref="407308762" role="outer"/>
  <member type="way" ref="1093636764" role="outer"/>
  <member type="way" ref="1093636763" role="outer"/>
  <member type="way" ref="217696816" role="outer"/>
  <member type="way" ref="1093636761" role="outer"/>
  <member type="way" ref="196026515" role="outer"/>
  <member type="way" ref="407235921" role="outer"/>
  <member type="way" ref="1322309783" role="outer"/>
  <member type="way" ref="407211137" role="outer"/>
  <member type="way" ref="226529183" role="outer"/>
  <member type="way" ref="468102909" role="outer"/>
  <member type="way" ref="198762444" role="outer"/>
  <member type="way" ref="467572353" role="outer"/>
  <member type="way" ref="407235922" role="outer"/>
  <member type="way" ref="963707464" role="outer"/>
  <member type="way" ref="963707463" role="outer"/>
  <member type="way" ref="218080843" role="outer"/>
  <member type="way" ref="218080885" role="outer"/>
  <member type="way" ref="467572355" role="outer"/>
  <member type="way" ref="325026183" role="outer"/>
  <member type="way" ref="325026169" role="outer"/>
  <member type="way" ref="325026182" role="outer"/>
  <member type="way" ref="325026185" role="outer"/>
  <member type="way" ref="218080850" role="outer"/>
  <member type="way" ref="218093049" role="outer"/>
  <member type="way" ref="218080853" role="outer"/>
  <member type="way" ref="324114041" role="outer"/>
  <member type="way" ref="469206710" role="outer"/>
  <member type="way" ref="218093054" role="outer"/>
  <member type="way" ref="469206705" role="outer"/>
  <member type="way" ref="469206700" role="outer"/>
  <member type="way" ref="324527924" role="outer"/>
  <member type="way" ref="219747113" role="outer"/>
  <member type="way" ref="324577162" role="outer"/>
  <member type="way" ref="324580432" role="outer"/>
  <member type="way" ref="324585632" role="outer"/>
  <member type="way" ref="425328032" role="outer"/>
  <member type="way" ref="425333365" role="outer"/>
  <member type="way" ref="324585630" role="outer"/>
  <member type="way" ref="218093071" role="outer"/>
  <member type="way" ref="425314707" role="outer"/>
  <member type="way" ref="49514713" role="outer"/>
  <member type="way" ref="171269882" role="outer"/>
  <member type="way" ref="171269881" role="outer"/>
  <member type="way" ref="218247010" role="outer"/>
  <member type="way" ref="171269885" role="outer"/>
  <member type="way" ref="323994747" role="outer"/>
  <member type="way" ref="323994745" role="outer"/>
  <member type="way" ref="171269831" role="outer"/>
  <member type="way" ref="1338048290" role="outer"/>
  <member type="way" ref="171269874" role="outer"/>
  <member type="way" ref="324016155" role="outer"/>
  <member type="way" ref="171269884" role="outer"/>
  <member type="way" ref="171269880" role="outer"/>
  <member type="way" ref="171269879" role="outer"/>
  <member type="way" ref="324021107" role="outer"/>
  <member type="way" ref="324021114" role="outer"/>
  <member type="way" ref="323964580" role="outer"/>
  <member type="way" ref="171269837" role="outer"/>
  <member type="way" ref="171269870" role="outer"/>
  <member type="way" ref="198682299" role="outer"/>
  <member type="way" ref="1024587235" role="outer"/>
  <member type="way" ref="324877790" role="outer"/>
  <member type="way" ref="171269835" role="outer"/>
  <member type="way" ref="171269856" role="outer"/>
  <member type="way" ref="171269878" role="outer"/>
  <member type="way" ref="171269853" role="outer"/>
  <member type="way" ref="171269887" role="outer"/>
  <member type="way" ref="171269883" role="outer"/>
  <member type="way" ref="198768006" role="outer"/>
  <member type="way" ref="171269886" role="outer"/>
  <member type="way" ref="171269830" role="outer"/>
  <member type="way" ref="325872176" role="outer"/>
  <member type="way" ref="48457396" role="outer"/>
  <member type="way" ref="171184377" role="outer"/>
  <member type="way" ref="325872175" role="outer"/>
  <member type="way" ref="171184378" role="outer"/>
  <member type="way" ref="171184398" role="outer"/>
  <member type="way" ref="198768002" role="outer"/>
  <member type="way" ref="171184388" role="outer"/>
  <member type="way" ref="198768003" role="outer"/>
  <member type="way" ref="325891029" role="outer"/>
  <member type="way" ref="171184395" role="outer"/>
  <member type="way" ref="171184375" role="outer"/>
  <member type="way" ref="48457405" role="outer"/>
  <member type="way" ref="171184400" role="outer"/>
  <member type="way" ref="325891030" role="outer"/>
  <member type="way" ref="325892177" role="outer"/>
  <member type="way" ref="198768004" role="outer"/>
  <member type="way" ref="171184381" role="outer"/>
  <member type="way" ref="171184376" role="outer"/>
  <member type="way" ref="326047172" role="outer"/>
  <member type="way" ref="326063508" role="outer"/>
  <member type="way" ref="198768005" role="outer"/>
  <member type="way" ref="171184393" role="outer"/>
  <member type="way" ref="171184397" role="outer"/>
  <member type="way" ref="171184379" role="outer"/>
  <member type="way" ref="183177603" role="outer"/>
  <member type="way" ref="171184399" role="outer"/>
  <member type="way" ref="171184396" role="outer"/>
  <member type="way" ref="171184392" role="outer"/>
  <member type="way" ref="326644029" role="outer"/>
  <member type="way" ref="171184380" role="outer"/>
  <member type="way" ref="183179498" role="outer"/>
  <member type="way" ref="211573688" role="outer"/>
  <member type="way" ref="635070351" role="outer"/>
  <member type="way" ref="211575752" role="outer"/>
  <member type="way" ref="48457372" role="outer"/>
  <member type="way" ref="171109405" role="outer"/>
  <member type="way" ref="635070350" role="outer"/>
  <member type="way" ref="635070349" role="outer"/>
  <member type="way" ref="171109257" role="outer"/>
  <member type="way" ref="326812977" role="outer"/>
  <member type="way" ref="171109398" role="outer"/>
  <member type="way" ref="171109380" role="outer"/>
  <member type="way" ref="211575750" role="outer"/>
  <member type="way" ref="171109367" role="outer"/>
  <member type="way" ref="327129752" role="outer"/>
  <member type="way" ref="171109325" role="outer"/>
  <member type="way" ref="171109307" role="outer"/>
  <member type="way" ref="171109280" role="outer"/>
  <member type="way" ref="327129753" role="outer"/>
  <member type="way" ref="327136553" role="outer"/>
  <member type="way" ref="1024775039" role="outer"/>
  <member type="way" ref="182589465" role="outer"/>
  <member type="way" ref="182589478" role="outer"/>
  <member type="way" ref="48457383" role="outer"/>
  <member type="way" ref="327511775" role="outer"/>
  <member type="way" ref="327516011" role="outer"/>
  <member type="way" ref="1338048288" role="outer"/>
  <member type="way" ref="890508477" role="outer"/>
  <member type="way" ref="890508472" role="outer"/>
  <member type="way" ref="1079940765" role="outer"/>
  <member type="way" ref="48457361" role="outer"/>
  <member type="way" ref="1338048287" role="outer"/>
  <member type="way" ref="890508473" role="outer"/>
  <member type="way" ref="171071864" role="outer"/>
  <member type="way" ref="212278492" role="outer"/>
  <member type="way" ref="970701030" role="outer"/>
  <member type="way" ref="970701029" role="outer"/>
  <member type="way" ref="890508474" role="outer"/>
  <member type="way" ref="182589492" role="outer"/>
  <member type="way" ref="48457133" role="outer"/>
  <member type="way" ref="1341848215" role="outer"/>
  <member type="way" ref="970701028" role="outer"/>
  <member type="way" ref="327681942" role="outer"/>
  <member type="way" ref="162012187" role="outer"/>
  <member type="way" ref="48465920" role="outer"/>
  <member type="way" ref="1341848216" role="outer"/>
  <member type="way" ref="161813847" role="outer"/>
  <member type="way" ref="1341848217" role="outer"/>
  <member type="way" ref="161813837" role="outer"/>
  <member type="way" ref="890508475" role="outer"/>
  <member type="way" ref="890508476" role="outer"/>
  <member type="way" ref="890508478" role="outer"/>
  <member type="way" ref="161813846" role="outer"/>
  <member type="way" ref="182589480" role="outer"/>
  <member type="way" ref="327694131" role="outer"/>
  <member type="way" ref="1180212824" role="outer"/>
  <member type="way" ref="327695219" role="outer"/>
  <member type="way" ref="327695220" role="outer"/>
  <member type="way" ref="211573689" role="outer"/>
  <member type="way" ref="161813833" role="outer"/>
  <member type="way" ref="327878533" role="outer"/>
  <member type="way" ref="161813848" role="outer"/>
  <member type="way" ref="161813849" role="outer"/>
  <member type="way" ref="48461594" role="outer"/>
  <member type="way" ref="211575751" role="outer"/>
  <member type="way" ref="48461690" role="outer"/>
  <member type="way" ref="161757433" role="outer"/>
  <member type="way" ref="161757432" role="outer"/>
  <member type="way" ref="182589461" role="outer"/>
  <member type="way" ref="49513358" role="outer"/>
  <member type="way" ref="200463023" role="outer"/>
  <member type="way" ref="209506926" role="outer"/>
  <member type="way" ref="265611697" role="outer"/>
  <member type="way" ref="265611696" role="outer"/>
  <member type="way" ref="265611692" role="outer"/>
  <member type="way" ref="265611694" role="outer"/>
  <member type="way" ref="200463028" role="outer"/>
  <member type="way" ref="265611695" role="outer"/>
  <member type="way" ref="933149096" role="outer"/>
  <member type="way" ref="265611693" role="outer"/>
  <member type="way" ref="933149098" role="outer"/>
  <member type="way" ref="200463026" role="outer"/>
  <member type="way" ref="265599230" role="outer"/>
  <member type="way" ref="343109205" role="outer"/>
  <member type="way" ref="265599231" role="outer"/>
  <member type="way" ref="343109211" role="outer"/>
  <member type="way" ref="265583693" role="outer"/>
  <member type="way" ref="265583689" role="outer"/>
  <member type="way" ref="265583690" role="outer"/>
  <member type="way" ref="194941907" role="outer"/>
  <member type="way" ref="343109212" role="outer"/>
  <member type="way" ref="263499740" role="outer"/>
  <member type="way" ref="209178673" role="outer"/>
  <member type="way" ref="263504435" role="outer"/>
  <member type="way" ref="39931261" role="outer"/>
  <member type="way" ref="263509814" role="outer"/>
  <member type="way" ref="263509811" role="outer"/>
  <member type="way" ref="263510161" role="outer"/>
  <member type="way" ref="1047322647" role="outer"/>
  <member type="way" ref="1047322648" role="outer"/>
  <member type="way" ref="194941909" role="outer"/>
  <member type="way" ref="248000261" role="outer"/>
  <member type="way" ref="247996442" role="outer"/>
  <member type="way" ref="247996440" role="outer"/>
  <member type="way" ref="247996463" role="outer"/>
  <member type="way" ref="247996436" role="outer"/>
  <member type="way" ref="247996452" role="outer"/>
  <member type="way" ref="247996443" role="outer"/>
  <member type="way" ref="247996433" role="outer"/>
  <member type="way" ref="247996460" role="outer"/>
  <member type="way" ref="247996441" role="outer"/>
  <member type="way" ref="198917556" role="outer"/>
  <member type="way" ref="250942987" role="outer"/>
  <member type="way" ref="198917557" role="outer"/>
  <member type="way" ref="198917558" role="outer"/>
  <member type="way" ref="248014876" role="outer"/>
  <member type="way" ref="515616204" role="outer"/>
  <member type="way" ref="247862871" role="outer"/>
  <member type="way" ref="180754770" role="outer"/>
  <member type="way" ref="247862869" role="outer"/>
  <member type="way" ref="247846439" role="outer"/>
  <member type="way" ref="179582886" role="outer"/>
  <member type="way" ref="179582887" role="outer"/>
  <member type="way" ref="291508029" role="outer"/>
  <member type="way" ref="291508034" role="outer"/>
  <member type="way" ref="198847483" role="outer"/>
  <member type="way" ref="132406945" role="outer"/>
  <member type="way" ref="181052108" role="outer"/>
  <member type="way" ref="181052109" role="outer"/>
  <member type="way" ref="387687238" role="outer"/>
  <member type="way" ref="210992323" role="outer"/>
  <member type="way" ref="198245481" role="outer"/>
  <member type="way" ref="205622084" role="outer"/>
  <member type="way" ref="205622082" role="outer"/>
  <member type="way" ref="377013368" role="outer"/>
  <member type="way" ref="377013350" role="outer"/>
  <member type="way" ref="377013351" role="outer"/>
  <member type="way" ref="199277876" role="outer"/>
  <member type="way" ref="39931393" role="outer"/>
  <member type="way" ref="39931358" role="outer"/>
  <member type="way" ref="179582884" role="outer"/>
  <member type="way" ref="39930972" role="outer"/>
  <member type="way" ref="238004813" role="outer"/>
  <member type="way" ref="238004814" role="outer"/>
  <member type="way" ref="928902087" role="outer"/>
  <member type="way" ref="188747833" role="outer"/>
  <member type="way" ref="238004819" role="outer"/>
  <member type="way" ref="238004815" role="outer"/>
  <member type="way" ref="238004818" role="outer"/>
  <member type="way" ref="238004816" role="outer"/>
  <member type="way" ref="238004817" role="outer"/>
  <member type="way" ref="161297522" role="outer"/>
  <member type="way" ref="238181630" role="outer"/>
  <member type="way" ref="994020619" role="outer"/>
  <member type="way" ref="994019382" role="outer"/>
  <member type="way" ref="188747824" role="outer"/>
  <member type="way" ref="238195805" role="outer"/>
  <member type="way" ref="171966473" role="outer"/>
  <member type="way" ref="188913694" role="outer"/>
  <member type="way" ref="238510204" role="outer"/>
  <member type="way" ref="39931300" role="outer"/>
  <member type="way" ref="188747828" role="outer"/>
  <member type="way" ref="39931024" role="outer"/>
  <member type="way" ref="39931436" role="outer"/>
  <member type="way" ref="379463318" role="outer"/>
  <member type="way" ref="379467975" role="outer"/>
  <member type="way" ref="39931583" role="outer"/>
  <member type="way" ref="379463317" role="outer"/>
  <member type="way" ref="206085204" role="outer"/>
  <member type="way" ref="379476607" role="outer"/>
  <member type="way" ref="345161998" role="outer"/>
  <member type="way" ref="39931540" role="outer"/>
  <member type="relation" ref="449696" role="subarea"/>
  <member type="relation" ref="2327849" role="subarea"/>
  <member type="relation" ref="2654452" role="subarea"/>
  <member type="relation" ref="2595535" role="subarea"/>
  <member type="relation" ref="2660242" role="subarea"/>
  <member type="relation" ref="2664316" role="subarea"/>
  <member type="relation" ref="2654454" role="subarea"/>
  <member type="relation" ref="2431737" role="subarea"/>
  <member type="relation" ref="2656132" role="subarea"/>
  <member type="relation" ref="1733458" role="subarea"/>
  <member type="relation" ref="2665337" role="subarea"/>
  <member type="relation" ref="2662564" role="subarea"/>
  <member type="relation" ref="2668633" role="subarea"/>
  <member type="relation" ref="2665025" role="subarea"/>
  <member type="relation" ref="2668409" role="subarea"/>
  <member type="relation" ref="2666939" role="subarea"/>
  <member type="relation" ref="2669013" role="subarea"/>
  <member type="relation" ref="2432814" role="subarea"/>
  <member type="relation" ref="2431738" role="subarea"/>
  <member type="relation" ref="2431739" role="subarea"/>
  <member type="relation" ref="2668662" role="subarea"/>
  <member type="relation" ref="2666169" role="subarea"/>
  <tag k="admin_level" v="4"/>
  <tag k="boundary" v="administrative"/>
  <tag k="ISO3166-2" v="PL-12"/>
  <tag k="loc_ref" v="K"/>
  <tag k="name" v="województwo małopolskie"/>
  <tag k="name:af" v="Woiwodskap Klein-Pole"/>
  <tag k="name:an" v="Voivodato de Polonia Menor"/>
  <tag k="name:ang" v="Lǣsse Polaland voivodscip"/>
  <tag k="name:ar" v="محافظة بولندا الصغرى"/>
  <tag k="name:ast" v="Voivodatu de Pequeña Polonia"/>
  <tag k="name:az" v="Kiçik Polşa voyevodluğu"/>
  <tag k="name:azb" v="کیچیک لهیستان ویوودالیغی"/>
  <tag k="name:be" v="Малапольскае ваяводства"/>
  <tag k="name:be-tarask" v="Малапольскае ваяводзтва"/>
  <tag k="name:bg" v="Малополско войводство"/>
  <tag k="name:bn" v="লেসার পোল্যান্ড ভয়ভোডেশিপ"/>
  <tag k="name:bs" v="Malopoljsko vojvodstvo"/>
  <tag k="name:ca" v="Voivodat de Petita Polònia"/>
  <tag k="name:crh" v="Kiçik Lehistan voyevodalığı"/>
  <tag k="name:cs" v="Malopolské vojvodství"/>
  <tag k="name:csb" v="Małopòlsczé wòjewództwò"/>
  <tag k="name:da" v="Voivodskabet Lillepolen"/>
  <tag k="name:de" v="Woiwodschaft Kleinpolen"/>
  <tag k="name:el" v="Βοεβοδάτο Ελάσσονος Πολωνίας"/>
  <tag k="name:en" v="Lesser Poland Voivodeship"/>
  <tag k="name:eo" v="Malgrandpollanda Provinco"/>
  <tag k="name:es" v="Voivodato de Pequeña Polonia"/>
  <tag k="name:et" v="Väike-Poola vojevoodkond"/>
  <tag k="name:eu" v="Polonia Txikiko voivoderria"/>
  <tag k="name:fa" v="ویووده‌لیق لهستان کوچک"/>
  <tag k="name:fi" v="Vähä-Puolan voivodikunta"/>
  <tag k="name:fr" v="Voïvodie de Petite-Pologne"/>
  <tag k="name:frr" v="Letjpoolen Prowins"/>
  <tag k="name:gl" v="Voivodato da Pequena Polonia"/>
  <tag k="name:gu" v="લેસર પોલેન્ડ વોઈવાવોદેશીપ"/>
  <tag k="name:gv" v="Queiggey ny Polynn Beg"/>
  <tag k="name:he" v="פולין קטן"/>
  <tag k="name:hi" v="लघुतर पोलैंड वोइवोडीशिप"/>
  <tag k="name:hr" v="Malopoljsko vojvodstvo"/>
  <tag k="name:hsb" v="Małopólske wojewódstwo"/>
  <tag k="name:hu" v="Kis-lengyelországi vajdaság"/>
  <tag k="name:id" v="Provinsi Polandia Kecil"/>
  <tag k="name:is" v="Litla-Pólland"/>
  <tag k="name:it" v="Voivodato della Piccola Polonia"/>
  <tag k="name:ja" v="マウォポルスカ県"/>
  <tag k="name:jv" v="Provinsi Malopolskie"/>
  <tag k="name:ka" v="მალოპოლსკის სავოევოდო"/>
  <tag k="name:kk" v="Кіші Полша войводалығы"/>
  <tag k="name:kk-Arab" v="كىشى پولشا ۆويۆودالىعى"/>
  <tag k="name:kk-Cyrl" v="Кіші Полша войводалығы"/>
  <tag k="name:kk-Latn" v="Kışı Polşa voivodalyğy"/>
  <tag k="name:kn" v="ಕಡಿಮೆ ಪೋಲೆಂಡ್ ವಾಯಿವೊಡೆಶಿಪ್"/>
  <tag k="name:ko" v="마워폴스카주"/>
  <tag k="name:ky" v="Кичи Польша воеводдугу"/>
  <tag k="name:ky-Arab" v="كىچى پولشا ۋوەۋودالىعى"/>
  <tag k="name:ky-Cyrl" v="Кичи Польша воеводдугу"/>
  <tag k="name:lmo" v="Voivodaa de la Polonia Piscinina"/>
  <tag k="name:lt" v="Mažosios Lenkijos vaivadija"/>
  <tag k="name:lv" v="Mazpolijas vojevodiste"/>
  <tag k="name:mk" v="Малополско Војводство"/>
  <tag k="name:mn" v="Бага Польш муж"/>
  <tag k="name:mr" v="मावोपोल्स्का प्रांत"/>
  <tag k="name:ms" v="Wilayah Malopolskie"/>
  <tag k="name:mt" v="Reġjun ta' Małopolskie"/>
  <tag k="name:myv" v="Аламопольшань воеводства"/>
  <tag k="name:nah" v="Voivodayōtl Tepitzin Polonia"/>
  <tag k="name:nb" v="Lillepolske voivodskap"/>
  <tag k="name:nds" v="Woiwodschop Lüttpolen"/>
  <tag k="name:nl" v="Woiwodschap Klein-Polen"/>
  <tag k="name:nn" v="Veslepolske voivodskap"/>
  <tag k="name:no" v="Lillepolske voivodskap"/>
  <tag k="name:oc" v="Voivodat de Pichona Polonha"/>
  <tag k="name:os" v="Чысыл Польшæйы воеводæйад"/>
  <tag k="name:ota" v="كوچك لهستان ویووده‌لیغی"/>
  <tag k="name:pap" v="Voivodat di Klein Polonia"/>
  <tag k="name:pl" v="województwo małopolskie"/>
  <tag k="name:pnb" v="صوبہ نکا پولینڈ"/>
  <tag k="name:ps" v="کوچینی پولنډ ولایت"/>
  <tag k="name:pt" v="Voivodia da Pequena Polónia"/>
  <tag k="name:qu" v="Uchuy Pulunya suyu"/>
  <tag k="name:ro" v="voievodatul Polonia Mică"/>
  <tag k="name:ru" v="Малопольское воеводство"/>
  <tag k="name:scn" v="Vuivudatu dâ Nica Pulonia"/>
  <tag k="name:sh" v="Malopoljsko vojvodstvo"/>
  <tag k="name:si" v="ලෙසර් පෝලන්ත පළාත"/>
  <tag k="name:sk" v="Malopoľské vojvodstvo"/>
  <tag k="name:sl" v="Malopoljsko vojvodstvo"/>
  <tag k="name:sr" v="Војводство Малопољско"/>
  <tag k="name:sv" v="Lillpolens vojvodskap"/>
  <tag k="name:szl" v="małopolske wojewōdztwo"/>
  <tag k="name:ta" v="லெஸ்ஸர் போலந்து ஓய்வோடேஷிப்"/>
  <tag k="name:te" v="లెస్సర్ పోలండ్ వోయివోడెషిప్"/>
  <tag k="name:th" v="จังหวัดมาวอปอลสกา"/>
  <tag k="name:tr" v="Küçük Polonya Voyvodalığı"/>
  <tag k="name:udm" v="Пичипольша воеводство"/>
  <tag k="name:ug" v="كىچىك لەھىستان ۋويۋودالىغى"/>
  <tag k="name:uk" v="Малопольське воєводство"/>
  <tag k="name:ur" v="اصغر پولینڈ صوبہ"/>
  <tag k="name:uz-Arab" v="کیچیک لهستان وۉیوۉده‌لیغی"/>
  <tag k="name:vec" v="Voivodato de ła Cea Połònia"/>
  <tag k="name:war" v="Guruguti nga Polonya"/>
  <tag k="name:xmf" v="მალოპოლსკიშ სავოევოდე"/>
  <tag k="name:yi" v="קליינפוילישע וואיעוואדעשאפט"/>
  <tag k="name:zea" v="Woiwodschap Klein-Poôl'n"/>
  <tag k="name:zh" v="小波兰省"/>
  <tag k="name:zh-Hans" v="小波兰省"/>
  <tag k="name:zh-Hant" v="小波蘭省"/>
  <tag k="name:zza" v="Polonya Werdiye"/>
  <tag k="population" v="3429014"/>
  <tag k="population:date" v="2022-12-31"/>
  <tag k="ref" v="MP"/>
  <tag k="ref:nuts" v="PL21"/>
  <tag k="ref:nuts:2" v="PL21"/>
  <tag k="reg_name" v="Małopolskie"/>
  <tag k="short_name" v="Małopolska"/>
  <tag k="source:name:oc" v="ieo-bdtopoc"/>
  <tag k="source:population" v="https://stat.gov.pl/download/gfx/portalinformacyjny/pl/defaultaktualnosci/5515/3/17/1/rocznik_demograficzny_2023_zakladki_pl.pdf"/>
  <tag k="teryt:terc" v="12"/>
  <tag k="type" v="boundary"/>
  <tag k="vehicle_plate_code:police" v="HPG"/>
  <tag k="vehicle_plate_code:prefix" v="K;J"/>
  <tag k="wikidata" v="Q54159"/>
  <tag k="wikipedia" v="pl:Województwo małopolskie"/>
 </relation>
 <relation id="449696" visible="true" version="167" changeset="175044321" timestamp="2025-11-23T22:07:39Z" user="Las Wolski" uid="3642579">
  <member type="node" ref="1838666975" role="admin_centre"/>
  <member type="way" ref="242164108" role="outer"/>
  <member type="way" ref="197426452" role="outer"/>
  <member type="way" ref="240960521" role="outer"/>
  <member type="way" ref="240960520" role="outer"/>
  <member type="way" ref="240960525" role="outer"/>
  <member type="way" ref="240960524" role="outer"/>
  <member type="way" ref="707266383" role="outer"/>
  <member type="way" ref="197439925" role="outer"/>
  <member type="way" ref="197937178" role="outer"/>
  <member type="way" ref="199195193" role="outer"/>
  <member type="way" ref="1088334621" role="outer"/>
  <member type="way" ref="301682372" role="outer"/>
  <member type="way" ref="244619704" role="outer"/>
  <member type="way" ref="1088334615" role="outer"/>
  <member type="way" ref="1088334611" role="outer"/>
  <member type="way" ref="84775140" role="outer"/>
  <member type="way" ref="240864774" role="outer"/>
  <member type="way" ref="244622477" role="outer"/>
  <member type="way" ref="244622475" role="outer"/>
  <member type="way" ref="241153773" role="outer"/>
  <member type="way" ref="1088334620" role="outer"/>
  <member type="way" ref="241153776" role="outer"/>
  <member type="way" ref="197197692" role="outer"/>
  <member type="way" ref="244622476" role="outer"/>
  <member type="way" ref="244622474" role="outer"/>
  <member type="way" ref="240846890" role="outer"/>
  <member type="way" ref="240853233" role="outer"/>
  <member type="way" ref="196673263" role="outer"/>
  <member type="way" ref="198088595" role="outer"/>
  <member type="way" ref="1088359346" role="outer"/>
  <member type="way" ref="240834051" role="outer"/>
  <member type="way" ref="240834050" role="outer"/>
  <member type="way" ref="240834058" role="outer"/>
  <member type="way" ref="1088359345" role="outer"/>
  <member type="way" ref="240834056" role="outer"/>
  <member type="way" ref="1088359344" role="outer"/>
  <member type="way" ref="240800799" role="outer"/>
  <member type="way" ref="240801895" role="outer"/>
  <member type="way" ref="198090616" role="outer"/>
  <member type="way" ref="335864295" role="outer"/>
  <member type="way" ref="240800796" role="outer"/>
  <member type="way" ref="240802392" role="outer"/>
  <member type="way" ref="240802390" role="outer"/>
  <member type="way" ref="1088359343" role="outer"/>
  <member type="way" ref="240802387" role="outer"/>
  <member type="way" ref="1088359342" role="outer"/>
  <member type="way" ref="240793418" role="outer"/>
  <member type="way" ref="246355687" role="outer"/>
  <member type="way" ref="197100936" role="outer"/>
  <member type="way" ref="682966820" role="outer"/>
  <member type="way" ref="240715763" role="outer"/>
  <member type="way" ref="707012611" role="outer"/>
  <member type="way" ref="240709572" role="outer"/>
  <member type="way" ref="1088426228" role="outer"/>
  <member type="way" ref="240709571" role="outer"/>
  <member type="way" ref="1387810100" role="outer"/>
  <member type="way" ref="196937147" role="outer"/>
  <member type="way" ref="336549975" role="outer"/>
  <member type="way" ref="1088370655" role="outer"/>
  <member type="way" ref="241011645" role="outer"/>
  <member type="way" ref="241011650" role="outer"/>
  <member type="way" ref="241011648" role="outer"/>
  <member type="way" ref="196937149" role="outer"/>
  <member type="way" ref="241141828" role="outer"/>
  <member type="way" ref="241141811" role="outer"/>
  <member type="way" ref="241141826" role="outer"/>
  <member type="way" ref="196906282" role="outer"/>
  <member type="way" ref="241141820" role="outer"/>
  <member type="way" ref="246548223" role="outer"/>
  <member type="way" ref="241131148" role="outer"/>
  <member type="way" ref="241131149" role="outer"/>
  <member type="way" ref="241131146" role="outer"/>
  <member type="way" ref="241096853" role="outer"/>
  <member type="way" ref="1088458540" role="outer"/>
  <member type="way" ref="241096865" role="outer"/>
  <member type="way" ref="42812581" role="outer"/>
  <member type="way" ref="241096857" role="outer"/>
  <member type="way" ref="241096861" role="outer"/>
  <member type="way" ref="241096854" role="outer"/>
  <member type="way" ref="241089854" role="outer"/>
  <member type="way" ref="241089850" role="outer"/>
  <member type="way" ref="196872755" role="outer"/>
  <member type="way" ref="241089853" role="outer"/>
  <member type="way" ref="1088458539" role="outer"/>
  <member type="way" ref="241089855" role="outer"/>
  <member type="way" ref="245336995" role="outer"/>
  <member type="way" ref="241085407" role="outer"/>
  <member type="way" ref="245336999" role="outer"/>
  <member type="way" ref="245336991" role="outer"/>
  <member type="way" ref="245337003" role="outer"/>
  <member type="way" ref="245337014" role="outer"/>
  <member type="way" ref="245337021" role="outer"/>
  <member type="way" ref="196795236" role="outer"/>
  <member type="way" ref="245337002" role="outer"/>
  <member type="way" ref="245337001" role="outer"/>
  <member type="way" ref="245337008" role="outer"/>
  <member type="way" ref="196834089" role="outer"/>
  <member type="way" ref="1088122567" role="outer"/>
  <member type="way" ref="703932045" role="outer"/>
  <member type="way" ref="1088122564" role="outer"/>
  <member type="way" ref="486591898" role="outer"/>
  <member type="way" ref="239605327" role="outer"/>
  <member type="way" ref="703932050" role="outer"/>
  <member type="way" ref="246352977" role="outer"/>
  <member type="way" ref="246352984" role="outer"/>
  <member type="way" ref="196827363" role="outer"/>
  <member type="way" ref="239109604" role="outer"/>
  <member type="way" ref="821621133" role="outer"/>
  <member type="way" ref="239110988" role="outer"/>
  <member type="way" ref="1088122577" role="outer"/>
  <member type="way" ref="239612783" role="outer"/>
  <member type="way" ref="821621135" role="outer"/>
  <member type="way" ref="196658656" role="outer"/>
  <member type="way" ref="257307659" role="outer"/>
  <member type="way" ref="257307671" role="outer"/>
  <member type="way" ref="257327330" role="outer"/>
  <member type="way" ref="239110986" role="outer"/>
  <member type="way" ref="239469466" role="outer"/>
  <member type="way" ref="100489289" role="outer"/>
  <member type="way" ref="239469464" role="outer"/>
  <member type="way" ref="239470345" role="outer"/>
  <member type="way" ref="238968987" role="outer"/>
  <member type="way" ref="238997045" role="outer"/>
  <member type="way" ref="339054205" role="outer"/>
  <member type="way" ref="239306323" role="outer"/>
  <member type="way" ref="239905577" role="outer"/>
  <member type="way" ref="189414785" role="outer"/>
  <member type="way" ref="1087905271" role="outer"/>
  <member type="way" ref="238118019" role="outer"/>
  <member type="way" ref="260252943" role="outer"/>
  <member type="way" ref="239905576" role="outer"/>
  <member type="way" ref="241504749" role="outer"/>
  <member type="way" ref="339331085" role="outer"/>
  <member type="way" ref="239893912" role="outer"/>
  <member type="way" ref="1087905270" role="outer"/>
  <member type="way" ref="239923996" role="outer"/>
  <member type="way" ref="335715446" role="outer"/>
  <member type="way" ref="1087905269" role="outer"/>
  <member type="way" ref="239883608" role="outer"/>
  <member type="way" ref="239883609" role="outer"/>
  <member type="way" ref="239874805" role="outer"/>
  <member type="way" ref="239874804" role="outer"/>
  <member type="way" ref="239874803" role="outer"/>
  <member type="way" ref="239874802" role="outer"/>
  <member type="way" ref="239874806" role="outer"/>
  <member type="way" ref="954242335" role="outer"/>
  <member type="relation" ref="2768921" role="subarea"/>
  <tag k="admin_level" v="6"/>
  <tag k="alt_name:en" v="Cracow"/>
  <tag k="boundary" v="administrative"/>
  <tag k="name" v="Kraków"/>
  <tag k="name:ar" v="كراكوف"/>
  <tag k="name:be" v="Кракаў"/>
  <tag k="name:br" v="Krakovia"/>
  <tag k="name:cs" v="Krakov"/>
  <tag k="name:de" v="Krakau"/>
  <tag k="name:el" v="Κρακοβία"/>
  <tag k="name:en" v="Krakow"/>
  <tag k="name:eo" v="Krakovo"/>
  <tag k="name:es" v="Cracovia"/>
  <tag k="name:fr" v="Cracovie"/>
  <tag k="name:hu" v="Krakkó"/>
  <tag k="name:it" v="Cracovia"/>
  <tag k="name:la" v="Cracovia"/>
  <tag k="name:lt" v="Krokuva"/>
  <tag k="name:lv" v="Krakova"/>
  <tag k="name:mk" v="Краков"/>
  <tag k="name:nl" v="Krakau"/>
  <tag k="name:pl" v="Kraków"/>
  <tag k="name:prefix" v="miasto na prawach powiatu"/>
  <tag k="name:pt" v="Cracóvia"/>
  <tag k="name:ro" v="Cracovia"/>
  <tag k="name:ru" v="Краков"/>
  <tag k="name:sk" v="Krakov"/>
  <tag k="name:szl" v="Krakōw"/>
  <tag k="name:uk" v="Краків"/>
  <tag k="name:zh" v="克拉科夫"/>
  <tag k="note" v="miasto na prawach powiatu"/>
  <tag k="population" v="806201"/>
  <tag k="source:population" v="https://demografia.stat.gov.pl/BazaDemografia/Tables.aspx"/>
  <tag k="teryt:terc" v="1261"/>
  <tag k="type" v="boundary"/>
  <tag k="vehicle_plate_code" v="KR"/>
  <tag k="wikidata" v="Q31487"/>
  <tag k="wikimedia_commons" v="Category:Kraków"/>
  <tag k="wikipedia" v="pl:Kraków"/>
 </relation>
 <relation id="2066309" visible="true" version="5" changeset="127068458" timestamp="2022-10-05T21:15:23Z" user="edc22" uid="6529331">
  <member type="way" ref="39365407" role="outer"/>
  <member type="way" ref="153034012" role="inner"/>
  <tag k="addr:city" v="Kraków"/>
  <tag k="addr:housenumber" v="34"/>
  <tag k="addr:postcode" v="31-008"/>
  <tag k="addr:street" v="Rynek Główny"/>
  <tag k="building" v="yes"/>
  <tag k="building:colour" v="#ffffff"/>
  <tag k="building:levels" v="4"/>
  <tag k="building:material" v="plaster"/>
  <tag k="height" v="20"/>
  <tag k="name" v="Pałac Spiski"/>
  <tag k="roof:colour" v="grey"/>
  <tag k="roof:height" v="2"/>
  <tag k="roof:material" v="tiles"/>
  <tag k="roof:orientation" v="across"/>
  <tag k="roof:shape" v="gabled"/>
  <tag k="type" v="multipolygon"/>
  <tag k="wikidata" v="Q11814860"/>
  <tag k="wikimedia_commons" v="Category:34 Old Town Market Square in Kraków"/>
  <tag k="wikipedia" v="pl:Pałac Spiski w Krakowie"/>
 </relation>
 <relation id="2066315" visible="true" version="4" changeset="92259637" timestamp="2020-10-10T00:07:29Z" user="edc22" uid="6529331">
  <member type="way" ref="39365408" role="outer"/>
  <member type="way" ref="153033999" role="inner"/>
  <tag k="addr:city" v="Kraków"/>
  <tag k="addr:housenumber" v="36"/>
  <tag k="addr:postcode" v="31-008"/>
  <tag k="addr:street" v="Rynek Główny"/>
  <tag k="building" v="yes"/>
  <tag k="building:colour" v="#ffe4e1"/>
  <tag k="building:levels" v="3"/>
  <tag k="building:material" v="plaster"/>
  <tag k="height" v="20"/>
  <tag k="historic" v="house"/>
  <tag k="name" v="Kamienica Pod Jeleniem"/>
  <tag k="roof:colour" v="grey"/>
  <tag k="roof:height" v="3"/>
  <tag k="roof:material" v="tiles"/>
  <tag k="roof:orientation" v="across"/>
  <tag k="roof:shape" v="gabled"/>
  <tag k="type" v="multipolygon"/>
  <tag k="wikidata" v="Q11734151"/>
  <tag k="wikimedia_commons" v="File:Pod Jeleniem house, 36,Main Market Square, Krakow Old Town.jpg"/>
  <tag k="wikipedia" v="pl:Kamienica Pod Jeleniem w Krakowie"/>
 </relation>
 <relation id="2066316" visible="true" version="6" changeset="92259637" timestamp="2020-10-10T00:07:29Z" user="edc22" uid="6529331">
  <member type="way" ref="39365411" role="outer"/>
  <member type="way" ref="153033989" role="inner"/>
  <tag k="addr:city" v="Kraków"/>
  <tag k="addr:country" v="PL"/>
  <tag k="addr:housenumber" v="39"/>
  <tag k="addr:postcode" v="31-013"/>
  <tag k="addr:street" v="Rynek Główny"/>
  <tag k="building" v="yes"/>
  <tag k="building:colour" v="#faf0e6"/>
  <tag k="building:levels" v="4"/>
  <tag k="building:material" v="plaster"/>
  <tag k="height" v="18"/>
  <tag k="historic" v="house"/>
  <tag k="name" v="Kamienica Pod Konikiem"/>
  <tag k="roof:colour" v="grey"/>
  <tag k="roof:height" v="3"/>
  <tag k="roof:material" v="tiles"/>
  <tag k="roof:orientation" v="across"/>
  <tag k="roof:shape" v="gabled"/>
  <tag k="type" v="multipolygon"/>
  <tag k="wikidata" v="Q11734153"/>
  <tag k="wikimedia_commons" v="File:Pod Konikiem house, 39,Main Market Square,Krakow Old Town.jpg"/>
  <tag k="wikipedia" v="pl:Kamienica Pod Konikiem w Krakowie"/>
 </relation>
 <relation id="2642241" visible="true" version="61" changeset="151022597" timestamp="2024-05-07T18:01:50Z" user="Las Wolski" uid="3642579">
  <member type="way" ref="295060021" role="outer"/>
  <member type="way" ref="239369654" role="outer"/>
  <member type="way" ref="341451947" role="outer"/>
  <member type="way" ref="341471484" role="outer"/>
  <member type="way" ref="239434574" role="outer"/>
  <member type="way" ref="1088122573" role="outer"/>
  <member type="way" ref="239336998" role="outer"/>
  <member type="way" ref="239336997" role="outer"/>
  <member type="way" ref="239337005" role="outer"/>
  <member type="way" ref="239337008" role="outer"/>
  <member type="way" ref="822458813" role="outer"/>
  <member type="way" ref="196671739" role="outer"/>
  <member type="way" ref="1088229939" role="outer"/>
  <member type="way" ref="239360482" role="outer"/>
  <member type="way" ref="1078135564" role="outer"/>
  <member type="way" ref="1087972040" role="outer"/>
  <member type="way" ref="239362163" role="outer"/>
  <member type="way" ref="239362164" role="outer"/>
  <member type="way" ref="1087972039" role="outer"/>
  <member type="way" ref="1088229940" role="outer"/>
  <member type="way" ref="239362165" role="outer"/>
  <member type="way" ref="662408533" role="outer"/>
  <member type="way" ref="1088229941" role="outer"/>
  <member type="way" ref="662330075" role="outer"/>
  <member type="way" ref="662331189" role="outer"/>
  <member type="way" ref="706977994" role="outer"/>
  <member type="way" ref="662330067" role="outer"/>
  <member type="way" ref="239938341" role="outer"/>
  <member type="way" ref="341533589" role="outer"/>
  <member type="way" ref="706977991" role="outer"/>
  <member type="way" ref="706977989" role="outer"/>
  <member type="way" ref="706977990" role="outer"/>
  <member type="way" ref="456067295" role="outer"/>
  <member type="way" ref="1031035015" role="outer"/>
  <member type="way" ref="1031008573" role="outer"/>
  <member type="way" ref="1088229928" role="outer"/>
  <member type="node" ref="5617407404" role="admin_centre"/>
  <member type="relation" ref="3228454" role="subarea"/>
  <member type="relation" ref="3228621" role="subarea"/>
  <member type="relation" ref="3228437" role="subarea"/>
  <member type="relation" ref="3228622" role="subarea"/>
  <member type="relation" ref="3228435" role="subarea"/>
  <member type="relation" ref="3228436" role="subarea"/>
  <member type="relation" ref="14487112" role="subarea"/>
  <member type="relation" ref="14476551" role="subarea"/>
  <tag k="admin_level" v="9"/>
  <tag k="boundary" v="administrative"/>
  <tag k="contact:website" v="http://www.dzielnica1.krakow.pl/"/>
  <tag k="name" v="Stare Miasto"/>
  <tag k="name:de" v="Altstadt"/>
  <tag k="name:en" v="Old Town"/>
  <tag k="name:pl" v="Stare Miasto"/>
  <tag k="official_name" v="dzielnica I Stare Miasto"/>
  <tag k="type" v="boundary"/>
  <tag k="wikidata" v="Q11695631"/>
  <tag k="wikimedia_commons" v="Category:District I Stare Miasto (Kraków)"/>
  <tag k="wikipedia" v="pl:Dzielnica I Stare Miasto"/>
 </relation>
 <relation id="2654452" visible="true" version="197" changeset="182186054" timestamp="2026-05-04T04:18:53Z" user="rollercoasting" uid="10869342">
  <member type="node" ref="1838666975" role="admin_centre"/>
  <member type="way" ref="245304337" role="outer"/>
  <member type="way" ref="245300548" role="outer"/>
  <member type="way" ref="245300558" role="outer"/>
  <member type="way" ref="245300561" role="outer"/>
  <member type="way" ref="197769114" role="outer"/>
  <member type="way" ref="245300571" role="outer"/>
  <member type="way" ref="245300543" role="outer"/>
  <member type="way" ref="245300553" role="outer"/>
  <member type="way" ref="245300564" role="outer"/>
  <member type="way" ref="245300541" role="outer"/>
  <member type="way" ref="197772380" role="outer"/>
  <member type="way" ref="197777773" role="outer"/>
  <member type="way" ref="128323548" role="outer"/>
  <member type="way" ref="245337811" role="outer"/>
  <member type="way" ref="245337810" role="outer"/>
  <member type="way" ref="245337812" role="outer"/>
  <member type="way" ref="245337819" role="outer"/>
  <member type="way" ref="245337820" role="outer"/>
  <member type="way" ref="245337818" role="outer"/>
  <member type="way" ref="245337007" role="outer"/>
  <member type="way" ref="245336993" role="outer"/>
  <member type="way" ref="245337012" role="outer"/>
  <member type="way" ref="245337000" role="outer"/>
  <member type="way" ref="245337010" role="outer"/>
  <member type="way" ref="245337019" role="outer"/>
  <member type="way" ref="245337006" role="outer"/>
  <member type="way" ref="197718893" role="outer"/>
  <member type="way" ref="246139706" role="outer"/>
  <member type="way" ref="246139694" role="outer"/>
  <member type="way" ref="246139709" role="outer"/>
  <member type="way" ref="246122857" role="outer"/>
  <member type="way" ref="246122858" role="outer"/>
  <member type="way" ref="197718894" role="outer"/>
  <member type="way" ref="246122862" role="outer"/>
  <member type="way" ref="246122859" role="outer"/>
  <member type="way" ref="246122861" role="outer"/>
  <member type="way" ref="246122860" role="outer"/>
  <member type="way" ref="246076540" role="outer"/>
  <member type="way" ref="246076544" role="outer"/>
  <member type="way" ref="246076545" role="outer"/>
  <member type="way" ref="246076548" role="outer"/>
  <member type="way" ref="203860514" role="outer"/>
  <member type="way" ref="246076539" role="outer"/>
  <member type="way" ref="246076533" role="outer"/>
  <member type="way" ref="246076543" role="outer"/>
  <member type="way" ref="246076551" role="outer"/>
  <member type="way" ref="246076546" role="outer"/>
  <member type="way" ref="246076542" role="outer"/>
  <member type="way" ref="246076541" role="outer"/>
  <member type="way" ref="246076538" role="outer"/>
  <member type="way" ref="246076549" role="outer"/>
  <member type="way" ref="246076547" role="outer"/>
  <member type="way" ref="246120125" role="outer"/>
  <member type="way" ref="203860515" role="outer"/>
  <member type="way" ref="246072753" role="outer"/>
  <member type="way" ref="246072765" role="outer"/>
  <member type="way" ref="246072758" role="outer"/>
  <member type="way" ref="246072768" role="outer"/>
  <member type="way" ref="246072764" role="outer"/>
  <member type="way" ref="246072756" role="outer"/>
  <member type="way" ref="246072761" role="outer"/>
  <member type="way" ref="246072771" role="outer"/>
  <member type="way" ref="246072769" role="outer"/>
  <member type="way" ref="246072762" role="outer"/>
  <member type="way" ref="246072770" role="outer"/>
  <member type="way" ref="246072760" role="outer"/>
  <member type="way" ref="246072763" role="outer"/>
  <member type="way" ref="246072754" role="outer"/>
  <member type="way" ref="246072752" role="outer"/>
  <member type="way" ref="246072759" role="outer"/>
  <member type="way" ref="1210140872" role="outer"/>
  <member type="way" ref="246072757" role="outer"/>
  <member type="way" ref="246072755" role="outer"/>
  <member type="way" ref="246072767" role="outer"/>
  <member type="way" ref="246072766" role="outer"/>
  <member type="way" ref="262604951" role="outer"/>
  <member type="way" ref="246060227" role="outer"/>
  <member type="way" ref="246060224" role="outer"/>
  <member type="way" ref="246060225" role="outer"/>
  <member type="way" ref="246060226" role="outer"/>
  <member type="way" ref="203858278" role="outer"/>
  <member type="way" ref="245812501" role="outer"/>
  <member type="way" ref="245812484" role="outer"/>
  <member type="way" ref="245812489" role="outer"/>
  <member type="way" ref="245812503" role="outer"/>
  <member type="way" ref="245812499" role="outer"/>
  <member type="way" ref="245812498" role="outer"/>
  <member type="way" ref="245812502" role="outer"/>
  <member type="way" ref="245812493" role="outer"/>
  <member type="way" ref="245812491" role="outer"/>
  <member type="way" ref="245812490" role="outer"/>
  <member type="way" ref="245812485" role="outer"/>
  <member type="way" ref="245952082" role="outer"/>
  <member type="way" ref="245812495" role="outer"/>
  <member type="way" ref="245812496" role="outer"/>
  <member type="way" ref="245812504" role="outer"/>
  <member type="way" ref="245812486" role="outer"/>
  <member type="way" ref="245812487" role="outer"/>
  <member type="way" ref="245812488" role="outer"/>
  <member type="way" ref="245812500" role="outer"/>
  <member type="way" ref="245807085" role="outer"/>
  <member type="way" ref="245807086" role="outer"/>
  <member type="way" ref="245807073" role="outer"/>
  <member type="way" ref="245807082" role="outer"/>
  <member type="way" ref="245807072" role="outer"/>
  <member type="way" ref="245807071" role="outer"/>
  <member type="way" ref="245807070" role="outer"/>
  <member type="way" ref="198008849" role="outer"/>
  <member type="way" ref="197993529" role="outer"/>
  <member type="way" ref="245807065" role="outer"/>
  <member type="way" ref="245807058" role="outer"/>
  <member type="way" ref="245807080" role="outer"/>
  <member type="way" ref="245807075" role="outer"/>
  <member type="way" ref="245807081" role="outer"/>
  <member type="way" ref="194941910" role="outer"/>
  <member type="way" ref="189053622" role="outer"/>
  <member type="way" ref="245807084" role="outer"/>
  <member type="way" ref="245807077" role="outer"/>
  <member type="way" ref="245807068" role="outer"/>
  <member type="way" ref="245807083" role="outer"/>
  <member type="way" ref="245807064" role="outer"/>
  <member type="way" ref="245807063" role="outer"/>
  <member type="way" ref="245807061" role="outer"/>
  <member type="way" ref="245807074" role="outer"/>
  <member type="way" ref="245807062" role="outer"/>
  <member type="way" ref="245807069" role="outer"/>
  <member type="way" ref="238791193" role="outer"/>
  <member type="way" ref="1274606005" role="outer"/>
  <member type="way" ref="189053621" role="outer"/>
  <member type="way" ref="189053620" role="outer"/>
  <member type="way" ref="188771160" role="outer"/>
  <member type="way" ref="176719781" role="outer"/>
  <member type="way" ref="238765336" role="outer"/>
  <member type="way" ref="189053607" role="outer"/>
  <member type="way" ref="238775798" role="outer"/>
  <member type="way" ref="176719782" role="outer"/>
  <member type="way" ref="188771163" role="outer"/>
  <member type="way" ref="238760239" role="outer"/>
  <member type="way" ref="188914733" role="outer"/>
  <member type="way" ref="188943724" role="outer"/>
  <member type="way" ref="238750705" role="outer"/>
  <member type="way" ref="238612611" role="outer"/>
  <member type="way" ref="238599164" role="outer"/>
  <member type="way" ref="188913688" role="outer"/>
  <member type="way" ref="188913716" role="outer"/>
  <member type="way" ref="238599162" role="outer"/>
  <member type="way" ref="238612580" role="outer"/>
  <member type="way" ref="238651472" role="outer"/>
  <member type="way" ref="192600598" role="outer"/>
  <member type="way" ref="100495187" role="outer"/>
  <member type="way" ref="241597861" role="outer"/>
  <member type="way" ref="241597859" role="outer"/>
  <member type="way" ref="241597863" role="outer"/>
  <member type="way" ref="241597860" role="outer"/>
  <member type="way" ref="241597867" role="outer"/>
  <member type="way" ref="241597868" role="outer"/>
  <member type="way" ref="241597866" role="outer"/>
  <member type="way" ref="241597864" role="outer"/>
  <member type="way" ref="241597862" role="outer"/>
  <member type="way" ref="241597865" role="outer"/>
  <member type="way" ref="100495189" role="outer"/>
  <member type="way" ref="204734452" role="outer"/>
  <member type="way" ref="241715197" role="outer"/>
  <member type="way" ref="241715175" role="outer"/>
  <member type="way" ref="241715192" role="outer"/>
  <member type="way" ref="379519895" role="outer"/>
  <member type="way" ref="241715188" role="outer"/>
  <member type="way" ref="241715171" role="outer"/>
  <member type="way" ref="241715168" role="outer"/>
  <member type="way" ref="241715173" role="outer"/>
  <member type="way" ref="241715195" role="outer"/>
  <member type="way" ref="241715187" role="outer"/>
  <member type="way" ref="204734449" role="outer"/>
  <member type="way" ref="241803023" role="outer"/>
  <member type="way" ref="241803019" role="outer"/>
  <member type="way" ref="241803022" role="outer"/>
  <member type="way" ref="241803021" role="outer"/>
  <member type="way" ref="241803017" role="outer"/>
  <member type="way" ref="241803016" role="outer"/>
  <member type="way" ref="241803018" role="outer"/>
  <member type="way" ref="241803020" role="outer"/>
  <member type="way" ref="204669953" role="outer"/>
  <member type="way" ref="241815778" role="outer"/>
  <member type="way" ref="241815794" role="outer"/>
  <member type="way" ref="241815776" role="outer"/>
  <member type="way" ref="241815765" role="outer"/>
  <member type="way" ref="241815783" role="outer"/>
  <member type="way" ref="241815779" role="outer"/>
  <member type="way" ref="241815789" role="outer"/>
  <member type="way" ref="241815775" role="outer"/>
  <member type="way" ref="243767413" role="outer"/>
  <member type="way" ref="243767432" role="outer"/>
  <member type="way" ref="243767419" role="outer"/>
  <member type="way" ref="243767386" role="outer"/>
  <member type="way" ref="243767388" role="outer"/>
  <member type="way" ref="243767429" role="outer"/>
  <member type="way" ref="243767435" role="outer"/>
  <member type="way" ref="243767393" role="outer"/>
  <member type="way" ref="243767407" role="outer"/>
  <member type="way" ref="243767394" role="outer"/>
  <member type="way" ref="204688839" role="outer"/>
  <member type="way" ref="204707627" role="outer"/>
  <member type="way" ref="244616724" role="outer"/>
  <member type="way" ref="204707626" role="outer"/>
  <member type="way" ref="245003802" role="outer"/>
  <member type="way" ref="245003796" role="outer"/>
  <member type="way" ref="245003788" role="outer"/>
  <member type="way" ref="245003789" role="outer"/>
  <member type="way" ref="245003799" role="outer"/>
  <member type="way" ref="245003790" role="outer"/>
  <member type="way" ref="245162337" role="outer"/>
  <member type="way" ref="245162338" role="outer"/>
  <member type="way" ref="245163883" role="outer"/>
  <member type="way" ref="245163886" role="outer"/>
  <member type="way" ref="245163884" role="outer"/>
  <member type="way" ref="245163885" role="outer"/>
  <member type="way" ref="245163882" role="outer"/>
  <member type="way" ref="245007941" role="outer"/>
  <member type="way" ref="245007938" role="outer"/>
  <member type="way" ref="198372917" role="outer"/>
  <member type="way" ref="245007926" role="outer"/>
  <member type="way" ref="245007931" role="outer"/>
  <member type="way" ref="245007925" role="outer"/>
  <member type="way" ref="245007948" role="outer"/>
  <member type="way" ref="245007922" role="outer"/>
  <member type="way" ref="245007933" role="outer"/>
  <member type="way" ref="245007949" role="outer"/>
  <member type="way" ref="245007921" role="outer"/>
  <member type="way" ref="245007916" role="outer"/>
  <member type="way" ref="245007918" role="outer"/>
  <member type="way" ref="245007946" role="outer"/>
  <member type="way" ref="245007924" role="outer"/>
  <member type="way" ref="245007917" role="outer"/>
  <member type="way" ref="245007934" role="outer"/>
  <member type="way" ref="245007945" role="outer"/>
  <member type="way" ref="245007929" role="outer"/>
  <member type="way" ref="245007927" role="outer"/>
  <member type="way" ref="385032224" role="outer"/>
  <member type="way" ref="385030662" role="outer"/>
  <member type="way" ref="198352339" role="outer"/>
  <member type="way" ref="385030661" role="outer"/>
  <member type="way" ref="198087538" role="outer"/>
  <member type="way" ref="244624738" role="outer"/>
  <member type="way" ref="244624755" role="outer"/>
  <member type="way" ref="244624733" role="outer"/>
  <member type="way" ref="244624739" role="outer"/>
  <member type="way" ref="244624741" role="outer"/>
  <member type="way" ref="244624749" role="outer"/>
  <member type="way" ref="244624740" role="outer"/>
  <member type="way" ref="244624734" role="outer"/>
  <member type="way" ref="244624743" role="outer"/>
  <member type="way" ref="244624737" role="outer"/>
  <member type="way" ref="244624746" role="outer"/>
  <member type="way" ref="335741441" role="outer"/>
  <member type="way" ref="244624754" role="outer"/>
  <member type="way" ref="244624751" role="outer"/>
  <member type="way" ref="244624735" role="outer"/>
  <member type="way" ref="244624736" role="outer"/>
  <member type="way" ref="244624750" role="outer"/>
  <member type="way" ref="244624732" role="outer"/>
  <member type="way" ref="245280729" role="outer"/>
  <member type="way" ref="245280725" role="outer"/>
  <member type="way" ref="245280723" role="outer"/>
  <member type="way" ref="245280724" role="outer"/>
  <member type="way" ref="240853233" role="outer"/>
  <member type="way" ref="240846890" role="outer"/>
  <member type="way" ref="244622474" role="outer"/>
  <member type="way" ref="244622476" role="outer"/>
  <member type="way" ref="197197692" role="outer"/>
  <member type="way" ref="241153776" role="outer"/>
  <member type="way" ref="1088334620" role="outer"/>
  <member type="way" ref="241153773" role="outer"/>
  <member type="way" ref="244622475" role="outer"/>
  <member type="way" ref="244622477" role="outer"/>
  <member type="way" ref="240864774" role="outer"/>
  <member type="way" ref="84775140" role="outer"/>
  <member type="way" ref="1088334611" role="outer"/>
  <member type="way" ref="1088334615" role="outer"/>
  <member type="way" ref="244619704" role="outer"/>
  <member type="way" ref="301682372" role="outer"/>
  <member type="way" ref="1088334621" role="outer"/>
  <member type="way" ref="199195193" role="outer"/>
  <member type="way" ref="197937178" role="outer"/>
  <member type="way" ref="197439925" role="outer"/>
  <member type="way" ref="707266383" role="outer"/>
  <member type="way" ref="240960524" role="outer"/>
  <member type="way" ref="240960525" role="outer"/>
  <member type="way" ref="240960520" role="outer"/>
  <member type="way" ref="240960521" role="outer"/>
  <member type="way" ref="197426452" role="outer"/>
  <member type="way" ref="242164108" role="outer"/>
  <member type="way" ref="954242335" role="outer"/>
  <member type="way" ref="239874806" role="outer"/>
  <member type="way" ref="239874802" role="outer"/>
  <member type="way" ref="239874803" role="outer"/>
  <member type="way" ref="239874804" role="outer"/>
  <member type="way" ref="239874805" role="outer"/>
  <member type="way" ref="239883609" role="outer"/>
  <member type="way" ref="239883608" role="outer"/>
  <member type="way" ref="1087905269" role="outer"/>
  <member type="way" ref="335715446" role="outer"/>
  <member type="way" ref="239923996" role="outer"/>
  <member type="way" ref="1087905270" role="outer"/>
  <member type="way" ref="239893912" role="outer"/>
  <member type="way" ref="339331085" role="outer"/>
  <member type="way" ref="241504749" role="outer"/>
  <member type="way" ref="239905576" role="outer"/>
  <member type="way" ref="260252943" role="outer"/>
  <member type="way" ref="238118019" role="outer"/>
  <member type="way" ref="1087905271" role="outer"/>
  <member type="way" ref="189414785" role="outer"/>
  <member type="way" ref="239905577" role="outer"/>
  <member type="way" ref="239306323" role="outer"/>
  <member type="way" ref="339054205" role="outer"/>
  <member type="way" ref="238997045" role="outer"/>
  <member type="way" ref="238968987" role="outer"/>
  <member type="way" ref="239470345" role="outer"/>
  <member type="way" ref="239469464" role="outer"/>
  <member type="way" ref="100489289" role="outer"/>
  <member type="way" ref="239469466" role="outer"/>
  <member type="way" ref="239110986" role="outer"/>
  <member type="way" ref="257327330" role="outer"/>
  <member type="way" ref="257307671" role="outer"/>
  <member type="way" ref="257307659" role="outer"/>
  <member type="way" ref="196658656" role="outer"/>
  <member type="way" ref="821621135" role="outer"/>
  <member type="way" ref="239612783" role="outer"/>
  <member type="way" ref="1088122577" role="outer"/>
  <member type="way" ref="239110988" role="outer"/>
  <member type="way" ref="821621133" role="outer"/>
  <member type="way" ref="239109604" role="outer"/>
  <member type="way" ref="196827363" role="outer"/>
  <member type="way" ref="246352984" role="outer"/>
  <member type="way" ref="246352977" role="outer"/>
  <member type="way" ref="703932050" role="outer"/>
  <member type="way" ref="239605327" role="outer"/>
  <member type="way" ref="486591898" role="outer"/>
  <member type="way" ref="1088122564" role="outer"/>
  <member type="way" ref="703932045" role="outer"/>
  <member type="way" ref="1088122567" role="outer"/>
  <member type="way" ref="196834089" role="outer"/>
  <member type="way" ref="245337008" role="outer"/>
  <member type="way" ref="245337001" role="outer"/>
  <member type="way" ref="245337002" role="outer"/>
  <member type="way" ref="196795236" role="outer"/>
  <member type="way" ref="245337021" role="outer"/>
  <member type="way" ref="245337014" role="outer"/>
  <member type="way" ref="245337003" role="outer"/>
  <member type="way" ref="245336991" role="outer"/>
  <member type="way" ref="245336999" role="outer"/>
  <member type="way" ref="241085407" role="outer"/>
  <member type="way" ref="245336995" role="outer"/>
  <member type="way" ref="241089855" role="outer"/>
  <member type="way" ref="1088458539" role="outer"/>
  <member type="way" ref="241089853" role="outer"/>
  <member type="way" ref="196872755" role="outer"/>
  <member type="way" ref="241089850" role="outer"/>
  <member type="way" ref="241089854" role="outer"/>
  <member type="way" ref="241096854" role="outer"/>
  <member type="way" ref="241096861" role="outer"/>
  <member type="way" ref="241096857" role="outer"/>
  <member type="way" ref="42812581" role="outer"/>
  <member type="way" ref="196896535" role="outer"/>
  <member type="way" ref="245298903" role="outer"/>
  <member type="way" ref="245298899" role="outer"/>
  <member type="way" ref="245298908" role="outer"/>
  <member type="way" ref="245298913" role="outer"/>
  <member type="way" ref="245298909" role="outer"/>
  <member type="way" ref="245298912" role="outer"/>
  <member type="way" ref="245298907" role="outer"/>
  <member type="way" ref="245300565" role="outer"/>
  <member type="way" ref="245300555" role="outer"/>
  <member type="way" ref="245300567" role="outer"/>
  <member type="way" ref="245300549" role="outer"/>
  <member type="way" ref="245300568" role="outer"/>
  <member type="way" ref="245300560" role="outer"/>
  <member type="way" ref="245300554" role="outer"/>
  <member type="way" ref="245300551" role="outer"/>
  <member type="way" ref="245300545" role="outer"/>
  <member type="way" ref="245300544" role="outer"/>
  <member type="way" ref="245300570" role="outer"/>
  <member type="way" ref="245300552" role="outer"/>
  <member type="way" ref="197703261" role="outer"/>
  <member type="way" ref="245300559" role="outer"/>
  <member type="way" ref="245300557" role="outer"/>
  <member type="way" ref="263979414" role="outer"/>
  <member type="way" ref="245300562" role="outer"/>
  <member type="way" ref="245300566" role="outer"/>
  <member type="way" ref="245300563" role="outer"/>
  <member type="way" ref="198314387" role="outer"/>
  <member type="way" ref="198088594" role="outer"/>
  <member type="way" ref="245189976" role="outer"/>
  <member type="way" ref="245189994" role="outer"/>
  <member type="way" ref="245189999" role="outer"/>
  <member type="way" ref="245226125" role="outer"/>
  <member type="way" ref="245189993" role="outer"/>
  <member type="way" ref="245189985" role="outer"/>
  <member type="way" ref="245189998" role="outer"/>
  <member type="way" ref="245189986" role="outer"/>
  <member type="way" ref="245189988" role="outer"/>
  <member type="way" ref="245189989" role="outer"/>
  <member type="way" ref="245189981" role="outer"/>
  <member type="way" ref="245189983" role="outer"/>
  <member type="way" ref="245189996" role="outer"/>
  <member type="way" ref="245189980" role="outer"/>
  <member type="way" ref="198088595" role="outer"/>
  <member type="way" ref="1088359346" role="outer"/>
  <member type="way" ref="240834051" role="outer"/>
  <member type="way" ref="240834050" role="outer"/>
  <member type="way" ref="240834058" role="outer"/>
  <member type="way" ref="1088359345" role="outer"/>
  <member type="way" ref="240834056" role="outer"/>
  <member type="way" ref="1088359344" role="outer"/>
  <member type="way" ref="240800799" role="outer"/>
  <member type="way" ref="240801895" role="outer"/>
  <member type="way" ref="198090615" role="outer"/>
  <member type="way" ref="245186976" role="outer"/>
  <member type="way" ref="245186982" role="outer"/>
  <member type="way" ref="245186989" role="outer"/>
  <member type="way" ref="245186987" role="outer"/>
  <member type="way" ref="245186979" role="outer"/>
  <member type="way" ref="245186986" role="outer"/>
  <member type="way" ref="245186978" role="outer"/>
  <member type="way" ref="245186984" role="outer"/>
  <member type="way" ref="245186980" role="outer"/>
  <member type="way" ref="198305668" role="outer"/>
  <member type="way" ref="245186985" role="outer"/>
  <member type="way" ref="198309324" role="outer"/>
  <member type="way" ref="198312413" role="outer"/>
  <member type="way" ref="245187989" role="outer"/>
  <member type="way" ref="245187991" role="outer"/>
  <member type="way" ref="245187988" role="outer"/>
  <member type="way" ref="245187984" role="outer"/>
  <member type="way" ref="198314377" role="outer"/>
  <member type="way" ref="245187985" role="outer"/>
  <member type="way" ref="403055141" role="outer"/>
  <member type="way" ref="245189979" role="outer"/>
  <member type="way" ref="245189997" role="outer"/>
  <member type="relation" ref="2659009" role="subarea"/>
  <member type="relation" ref="2660243" role="subarea"/>
  <member type="relation" ref="295516" role="subarea"/>
  <member type="relation" ref="1435930" role="subarea"/>
  <member type="relation" ref="2658104" role="subarea"/>
  <member type="relation" ref="2657958" role="subarea"/>
  <member type="relation" ref="2656598" role="subarea"/>
  <member type="relation" ref="2658075" role="subarea"/>
  <member type="relation" ref="2747632" role="subarea"/>
  <member type="relation" ref="2736095" role="subarea"/>
  <member type="relation" ref="295517" role="subarea"/>
  <member type="relation" ref="2747756" role="subarea"/>
  <member type="relation" ref="2656624" role="subarea"/>
  <member type="relation" ref="1435909" role="subarea"/>
  <member type="relation" ref="2658055" role="subarea"/>
  <member type="relation" ref="2644552" role="subarea"/>
  <member type="relation" ref="2645060" role="subarea"/>
  <tag k="admin_level" v="6"/>
  <tag k="alt_name:en" v="Cracow County"/>
  <tag k="boundary" v="administrative"/>
  <tag k="name" v="powiat krakowski"/>
  <tag k="name:br" v="Kontelezh Krakovia"/>
  <tag k="name:de" v="Landkreis Krakau"/>
  <tag k="name:en" v="Kraków County"/>
  <tag k="name:pl" v="powiat krakowski"/>
  <tag k="name:ru" v="Краковский повят"/>
  <tag k="name:sk" v="okres Krakov"/>
  <tag k="name:uk" v="Краківський повіт"/>
  <tag k="population" v="282721"/>
  <tag k="population:date" v="2021-06-30"/>
  <tag k="source:population" v="https://www.polskawliczbach.pl/powiat_krakowski"/>
  <tag k="teryt:terc" v="1206"/>
  <tag k="type" v="boundary"/>
  <tag k="vehicle_plate_code" v="KRA"/>
  <tag k="website" v="https://powiat.krakow.pl/"/>
  <tag k="wikidata" v="Q1164890"/>
  <tag k="wikipedia" v="pl:Powiat krakowski"/>
 </relation>
 <relation id="2768921" visible="true" version="112" changeset="175044286" timestamp="2025-11-23T22:06:07Z" user="Las Wolski" uid="3642579">
  <member type="node" ref="1838666975" role="admin_centre"/>
  <member type="way" ref="1088426228" role="outer"/>
  <member type="way" ref="240709571" role="outer"/>
  <member type="way" ref="1387810100" role="outer"/>
  <member type="way" ref="196937147" role="outer"/>
  <member type="way" ref="336549975" role="outer"/>
  <member type="way" ref="1088370655" role="outer"/>
  <member type="way" ref="241011645" role="outer"/>
  <member type="way" ref="241011650" role="outer"/>
  <member type="way" ref="241011648" role="outer"/>
  <member type="way" ref="196937149" role="outer"/>
  <member type="way" ref="241141828" role="outer"/>
  <member type="way" ref="241141811" role="outer"/>
  <member type="way" ref="241141826" role="outer"/>
  <member type="way" ref="196906282" role="outer"/>
  <member type="way" ref="241141820" role="outer"/>
  <member type="way" ref="246548223" role="outer"/>
  <member type="way" ref="241131148" role="outer"/>
  <member type="way" ref="241131149" role="outer"/>
  <member type="way" ref="241131146" role="outer"/>
  <member type="way" ref="241096853" role="outer"/>
  <member type="way" ref="1088458540" role="outer"/>
  <member type="way" ref="241096865" role="outer"/>
  <member type="way" ref="42812581" role="outer"/>
  <member type="way" ref="241096857" role="outer"/>
  <member type="way" ref="241096861" role="outer"/>
  <member type="way" ref="241096854" role="outer"/>
  <member type="way" ref="241089854" role="outer"/>
  <member type="way" ref="241089850" role="outer"/>
  <member type="way" ref="196872755" role="outer"/>
  <member type="way" ref="241089853" role="outer"/>
  <member type="way" ref="1088458539" role="outer"/>
  <member type="way" ref="241089855" role="outer"/>
  <member type="way" ref="245336995" role="outer"/>
  <member type="way" ref="241085407" role="outer"/>
  <member type="way" ref="245336999" role="outer"/>
  <member type="way" ref="245336991" role="outer"/>
  <member type="way" ref="245337003" role="outer"/>
  <member type="way" ref="245337014" role="outer"/>
  <member type="way" ref="245337021" role="outer"/>
  <member type="way" ref="196795236" role="outer"/>
  <member type="way" ref="245337002" role="outer"/>
  <member type="way" ref="245337001" role="outer"/>
  <member type="way" ref="245337008" role="outer"/>
  <member type="way" ref="196834089" role="outer"/>
  <member type="way" ref="1088122567" role="outer"/>
  <member type="way" ref="703932045" role="outer"/>
  <member type="way" ref="1088122564" role="outer"/>
  <member type="way" ref="486591898" role="outer"/>
  <member type="way" ref="239605327" role="outer"/>
  <member type="way" ref="703932050" role="outer"/>
  <member type="way" ref="246352977" role="outer"/>
  <member type="way" ref="246352984" role="outer"/>
  <member type="way" ref="196827363" role="outer"/>
  <member type="way" ref="239109604" role="outer"/>
  <member type="way" ref="821621133" role="outer"/>
  <member type="way" ref="239110988" role="outer"/>
  <member type="way" ref="1088122577" role="outer"/>
  <member type="way" ref="239612783" role="outer"/>
  <member type="way" ref="821621135" role="outer"/>
  <member type="way" ref="196658656" role="outer"/>
  <member type="way" ref="257307659" role="outer"/>
  <member type="way" ref="257307671" role="outer"/>
  <member type="way" ref="257327330" role="outer"/>
  <member type="way" ref="239110986" role="outer"/>
  <member type="way" ref="239469466" role="outer"/>
  <member type="way" ref="100489289" role="outer"/>
  <member type="way" ref="239469464" role="outer"/>
  <member type="way" ref="239470345" role="outer"/>
  <member type="way" ref="238968987" role="outer"/>
  <member type="way" ref="238997045" role="outer"/>
  <member type="way" ref="339054205" role="outer"/>
  <member type="way" ref="239306323" role="outer"/>
  <member type="way" ref="239905577" role="outer"/>
  <member type="way" ref="189414785" role="outer"/>
  <member type="way" ref="1087905271" role="outer"/>
  <member type="way" ref="238118019" role="outer"/>
  <member type="way" ref="260252943" role="outer"/>
  <member type="way" ref="239905576" role="outer"/>
  <member type="way" ref="241504749" role="outer"/>
  <member type="way" ref="339331085" role="outer"/>
  <member type="way" ref="239893912" role="outer"/>
  <member type="way" ref="1087905270" role="outer"/>
  <member type="way" ref="239923996" role="outer"/>
  <member type="way" ref="335715446" role="outer"/>
  <member type="way" ref="1087905269" role="outer"/>
  <member type="way" ref="239883608" role="outer"/>
  <member type="way" ref="239883609" role="outer"/>
  <member type="way" ref="239874805" role="outer"/>
  <member type="way" ref="239874804" role="outer"/>
  <member type="way" ref="239874803" role="outer"/>
  <member type="way" ref="239874802" role="outer"/>
  <member type="way" ref="239874806" role="outer"/>
  <member type="way" ref="954242335" role="outer"/>
  <member type="way" ref="242164108" role="outer"/>
  <member type="way" ref="197426452" role="outer"/>
  <member type="way" ref="240960521" role="outer"/>
  <member type="way" ref="240960520" role="outer"/>
  <member type="way" ref="240960525" role="outer"/>
  <member type="way" ref="240960524" role="outer"/>
  <member type="way" ref="707266383" role="outer"/>
  <member type="way" ref="197439925" role="outer"/>
  <member type="way" ref="197937178" role="outer"/>
  <member type="way" ref="199195193" role="outer"/>
  <member type="way" ref="1088334621" role="outer"/>
  <member type="way" ref="301682372" role="outer"/>
  <member type="way" ref="244619704" role="outer"/>
  <member type="way" ref="1088334615" role="outer"/>
  <member type="way" ref="1088334611" role="outer"/>
  <member type="way" ref="84775140" role="outer"/>
  <member type="way" ref="240864774" role="outer"/>
  <member type="way" ref="244622477" role="outer"/>
  <member type="way" ref="244622475" role="outer"/>
  <member type="way" ref="241153773" role="outer"/>
  <member type="way" ref="1088334620" role="outer"/>
  <member type="way" ref="241153776" role="outer"/>
  <member type="way" ref="197197692" role="outer"/>
  <member type="way" ref="244622476" role="outer"/>
  <member type="way" ref="244622474" role="outer"/>
  <member type="way" ref="240846890" role="outer"/>
  <member type="way" ref="240853233" role="outer"/>
  <member type="way" ref="196673263" role="outer"/>
  <member type="way" ref="198088595" role="outer"/>
  <member type="way" ref="1088359346" role="outer"/>
  <member type="way" ref="240834051" role="outer"/>
  <member type="way" ref="240834050" role="outer"/>
  <member type="way" ref="240834058" role="outer"/>
  <member type="way" ref="1088359345" role="outer"/>
  <member type="way" ref="240834056" role="outer"/>
  <member type="way" ref="1088359344" role="outer"/>
  <member type="way" ref="240800799" role="outer"/>
  <member type="way" ref="240801895" role="outer"/>
  <member type="way" ref="198090616" role="outer"/>
  <member type="way" ref="335864295" role="outer"/>
  <member type="way" ref="240800796" role="outer"/>
  <member type="way" ref="240802392" role="outer"/>
  <member type="way" ref="240802390" role="outer"/>
  <member type="way" ref="1088359343" role="outer"/>
  <member type="way" ref="240802387" role="outer"/>
  <member type="way" ref="1088359342" role="outer"/>
  <member type="way" ref="240793418" role="outer"/>
  <member type="way" ref="246355687" role="outer"/>
  <member type="way" ref="197100936" role="outer"/>
  <member type="way" ref="682966820" role="outer"/>
  <member type="way" ref="240715763" role="outer"/>
  <member type="way" ref="707012611" role="outer"/>
  <member type="way" ref="240709572" role="outer"/>
  <member type="relation" ref="2768922" role="subarea"/>
  <tag k="admin_level" v="7"/>
  <tag k="alt_name:en" v="Cracow"/>
  <tag k="boundary" v="administrative"/>
  <tag k="name" v="Kraków"/>
  <tag k="name:ar" v="كراكوف"/>
  <tag k="name:be" v="Кракаў"/>
  <tag k="name:br" v="Krakovia"/>
  <tag k="name:cs" v="Krakov"/>
  <tag k="name:de" v="Krakau"/>
  <tag k="name:el" v="Κρακοβία"/>
  <tag k="name:en" v="Krakow"/>
  <tag k="name:eo" v="Krakovo"/>
  <tag k="name:es" v="Cracovia"/>
  <tag k="name:fr" v="Cracovie"/>
  <tag k="name:hu" v="Krakkó"/>
  <tag k="name:it" v="Cracovia"/>
  <tag k="name:la" v="Cracovia"/>
  <tag k="name:lt" v="Krokuva"/>
  <tag k="name:lv" v="Krakova"/>
  <tag k="name:mk" v="Краков"/>
  <tag k="name:nl" v="Krakau"/>
  <tag k="name:pl" v="Kraków"/>
  <tag k="name:prefix" v="gmina miejska"/>
  <tag k="name:pt" v="Cracóvia"/>
  <tag k="name:ro" v="Cracovia"/>
  <tag k="name:ru" v="Краков"/>
  <tag k="name:sk" v="Krakov"/>
  <tag k="name:szl" v="Krakůw"/>
  <tag k="name:uk" v="Краків"/>
  <tag k="population" v="780796"/>
  <tag k="population:date" v="2021-06-30"/>
  <tag k="source:population" v="https://www.polskawliczbach.pl/Krakow"/>
  <tag k="teryt:terc" v="1261011"/>
  <tag k="type" v="boundary"/>
  <tag k="wikidata" v="Q31487"/>
  <tag k="wikimedia_commons" v="Category:Kraków"/>
  <tag k="wikipedia" v="pl:Kraków"/>
 </relation>
 <relation id="2768922" visible="true" version="123" changeset="175044368" timestamp="2025-11-23T22:09:35Z" user="Las Wolski" uid="3642579">
  <member type="node" ref="1838666975" role="admin_centre"/>
  <member type="way" ref="84775140" role="outer"/>
  <member type="way" ref="1088334611" role="outer"/>
  <member type="way" ref="1088334615" role="outer"/>
  <member type="way" ref="244619704" role="outer"/>
  <member type="way" ref="301682372" role="outer"/>
  <member type="way" ref="1088334621" role="outer"/>
  <member type="way" ref="199195193" role="outer"/>
  <member type="way" ref="197937178" role="outer"/>
  <member type="way" ref="197439925" role="outer"/>
  <member type="way" ref="707266383" role="outer"/>
  <member type="way" ref="240960524" role="outer"/>
  <member type="way" ref="240960525" role="outer"/>
  <member type="way" ref="240960520" role="outer"/>
  <member type="way" ref="240960521" role="outer"/>
  <member type="way" ref="197426452" role="outer"/>
  <member type="way" ref="242164108" role="outer"/>
  <member type="way" ref="954242335" role="outer"/>
  <member type="way" ref="239874806" role="outer"/>
  <member type="way" ref="239874802" role="outer"/>
  <member type="way" ref="239874803" role="outer"/>
  <member type="way" ref="239874804" role="outer"/>
  <member type="way" ref="239874805" role="outer"/>
  <member type="way" ref="239883609" role="outer"/>
  <member type="way" ref="239883608" role="outer"/>
  <member type="way" ref="1087905269" role="outer"/>
  <member type="way" ref="335715446" role="outer"/>
  <member type="way" ref="239923996" role="outer"/>
  <member type="way" ref="1087905270" role="outer"/>
  <member type="way" ref="239893912" role="outer"/>
  <member type="way" ref="339331085" role="outer"/>
  <member type="way" ref="241504749" role="outer"/>
  <member type="way" ref="239905576" role="outer"/>
  <member type="way" ref="260252943" role="outer"/>
  <member type="way" ref="238118019" role="outer"/>
  <member type="way" ref="1087905271" role="outer"/>
  <member type="way" ref="189414785" role="outer"/>
  <member type="way" ref="239905577" role="outer"/>
  <member type="way" ref="239306323" role="outer"/>
  <member type="way" ref="339054205" role="outer"/>
  <member type="way" ref="238997045" role="outer"/>
  <member type="way" ref="238968987" role="outer"/>
  <member type="way" ref="239470345" role="outer"/>
  <member type="way" ref="239469464" role="outer"/>
  <member type="way" ref="100489289" role="outer"/>
  <member type="way" ref="239469466" role="outer"/>
  <member type="way" ref="239110986" role="outer"/>
  <member type="way" ref="257327330" role="outer"/>
  <member type="way" ref="257307671" role="outer"/>
  <member type="way" ref="257307659" role="outer"/>
  <member type="way" ref="196658656" role="outer"/>
  <member type="way" ref="821621135" role="outer"/>
  <member type="way" ref="239612783" role="outer"/>
  <member type="way" ref="1088122577" role="outer"/>
  <member type="way" ref="239110988" role="outer"/>
  <member type="way" ref="821621133" role="outer"/>
  <member type="way" ref="239109604" role="outer"/>
  <member type="way" ref="196827363" role="outer"/>
  <member type="way" ref="246352984" role="outer"/>
  <member type="way" ref="246352977" role="outer"/>
  <member type="way" ref="703932050" role="outer"/>
  <member type="way" ref="239605327" role="outer"/>
  <member type="way" ref="486591898" role="outer"/>
  <member type="way" ref="1088122564" role="outer"/>
  <member type="way" ref="703932045" role="outer"/>
  <member type="way" ref="1088122567" role="outer"/>
  <member type="way" ref="196834089" role="outer"/>
  <member type="way" ref="245337008" role="outer"/>
  <member type="way" ref="245337001" role="outer"/>
  <member type="way" ref="245337002" role="outer"/>
  <member type="way" ref="196795236" role="outer"/>
  <member type="way" ref="245337021" role="outer"/>
  <member type="way" ref="245337014" role="outer"/>
  <member type="way" ref="245337003" role="outer"/>
  <member type="way" ref="245336991" role="outer"/>
  <member type="way" ref="245336999" role="outer"/>
  <member type="way" ref="241085407" role="outer"/>
  <member type="way" ref="245336995" role="outer"/>
  <member type="way" ref="241089855" role="outer"/>
  <member type="way" ref="1088458539" role="outer"/>
  <member type="way" ref="241089853" role="outer"/>
  <member type="way" ref="196872755" role="outer"/>
  <member type="way" ref="241089850" role="outer"/>
  <member type="way" ref="241089854" role="outer"/>
  <member type="way" ref="241096854" role="outer"/>
  <member type="way" ref="241096861" role="outer"/>
  <member type="way" ref="241096857" role="outer"/>
  <member type="way" ref="42812581" role="outer"/>
  <member type="way" ref="241096865" role="outer"/>
  <member type="way" ref="1088458540" role="outer"/>
  <member type="way" ref="241096853" role="outer"/>
  <member type="way" ref="241131146" role="outer"/>
  <member type="way" ref="241131149" role="outer"/>
  <member type="way" ref="241131148" role="outer"/>
  <member type="way" ref="246548223" role="outer"/>
  <member type="way" ref="241141820" role="outer"/>
  <member type="way" ref="196906282" role="outer"/>
  <member type="way" ref="241141826" role="outer"/>
  <member type="way" ref="241141811" role="outer"/>
  <member type="way" ref="241141828" role="outer"/>
  <member type="way" ref="196937149" role="outer"/>
  <member type="way" ref="241011648" role="outer"/>
  <member type="way" ref="241011650" role="outer"/>
  <member type="way" ref="241011645" role="outer"/>
  <member type="way" ref="1088370655" role="outer"/>
  <member type="way" ref="336549975" role="outer"/>
  <member type="way" ref="196937147" role="outer"/>
  <member type="way" ref="1387810100" role="outer"/>
  <member type="way" ref="240709571" role="outer"/>
  <member type="way" ref="1088426228" role="outer"/>
  <member type="way" ref="240709572" role="outer"/>
  <member type="way" ref="707012611" role="outer"/>
  <member type="way" ref="240715763" role="outer"/>
  <member type="way" ref="682966820" role="outer"/>
  <member type="way" ref="197100936" role="outer"/>
  <member type="way" ref="246355687" role="outer"/>
  <member type="way" ref="240793418" role="outer"/>
  <member type="way" ref="1088359342" role="outer"/>
  <member type="way" ref="240802387" role="outer"/>
  <member type="way" ref="1088359343" role="outer"/>
  <member type="way" ref="240802390" role="outer"/>
  <member type="way" ref="240802392" role="outer"/>
  <member type="way" ref="240800796" role="outer"/>
  <member type="way" ref="335864295" role="outer"/>
  <member type="way" ref="198090616" role="outer"/>
  <member type="way" ref="240801895" role="outer"/>
  <member type="way" ref="240800799" role="outer"/>
  <member type="way" ref="1088359344" role="outer"/>
  <member type="way" ref="240834056" role="outer"/>
  <member type="way" ref="1088359345" role="outer"/>
  <member type="way" ref="240834058" role="outer"/>
  <member type="way" ref="240834050" role="outer"/>
  <member type="way" ref="240834051" role="outer"/>
  <member type="way" ref="1088359346" role="outer"/>
  <member type="way" ref="198088595" role="outer"/>
  <member type="way" ref="196673263" role="outer"/>
  <member type="way" ref="240853233" role="outer"/>
  <member type="way" ref="240846890" role="outer"/>
  <member type="way" ref="244622474" role="outer"/>
  <member type="way" ref="244622476" role="outer"/>
  <member type="way" ref="197197692" role="outer"/>
  <member type="way" ref="241153776" role="outer"/>
  <member type="way" ref="1088334620" role="outer"/>
  <member type="way" ref="241153773" role="outer"/>
  <member type="way" ref="244622475" role="outer"/>
  <member type="way" ref="244622477" role="outer"/>
  <member type="way" ref="240864774" role="outer"/>
  <member type="relation" ref="2642241" role="subarea"/>
  <member type="relation" ref="2648849" role="subarea"/>
  <member type="relation" ref="2650730" role="subarea"/>
  <member type="relation" ref="2650662" role="subarea"/>
  <member type="relation" ref="2649407" role="subarea"/>
  <member type="relation" ref="2650430" role="subarea"/>
  <member type="relation" ref="2642242" role="subarea"/>
  <member type="relation" ref="2398482" role="subarea"/>
  <member type="relation" ref="2398480" role="subarea"/>
  <member type="relation" ref="2398484" role="subarea"/>
  <member type="relation" ref="2645869" role="subarea"/>
  <member type="relation" ref="2647604" role="subarea"/>
  <member type="relation" ref="2398485" role="subarea"/>
  <member type="relation" ref="2648668" role="subarea"/>
  <member type="relation" ref="2650961" role="subarea"/>
  <member type="relation" ref="2651178" role="subarea"/>
  <member type="relation" ref="2648584" role="subarea"/>
  <member type="relation" ref="2648045" role="subarea"/>
  <tag k="admin_level" v="8"/>
  <tag k="alt_name:en" v="Cracow"/>
  <tag k="boundary" v="administrative"/>
  <tag k="name" v="Kraków"/>
  <tag k="name:ar" v="كراكوف"/>
  <tag k="name:be" v="Кракаў"/>
  <tag k="name:br" v="Krakovia"/>
  <tag k="name:de" v="Krakau"/>
  <tag k="name:el" v="Κρακοβία"/>
  <tag k="name:en" v="Krakow"/>
  <tag k="name:eo" v="Krakovo"/>
  <tag k="name:es" v="Cracovia"/>
  <tag k="name:fr" v="Cracovie"/>
  <tag k="name:hu" v="Krakkó"/>
  <tag k="name:it" v="Cracovia"/>
  <tag k="name:ko" v="크라쿠프"/>
  <tag k="name:la" v="Cracovia"/>
  <tag k="name:lv" v="Krakova"/>
  <tag k="name:mk" v="Краков"/>
  <tag k="name:nl" v="Krakau"/>
  <tag k="name:pl" v="Kraków"/>
  <tag k="name:prefix" v="miasto"/>
  <tag k="name:pt" v="Cracóvia"/>
  <tag k="name:ro" v="Cracovia"/>
  <tag k="name:ru" v="Краков"/>
  <tag k="name:sk" v="Krakov"/>
  <tag k="name:szl" v="Krakůw"/>
  <tag k="name:uk" v="Краків"/>
  <tag k="name:zh" v="克拉科夫"/>
  <tag k="population" v="780796"/>
  <tag k="population:date" v="2021-06-30"/>
  <tag k="source:population" v="https://www.polskawliczbach.pl/Krakow"/>
  <tag k="teryt:simc" v="0950463"/>
  <tag k="type" v="boundary"/>
  <tag k="website" v="https://www.krakow.pl/"/>
  <tag k="wikidata" v="Q31487"/>
  <tag k="wikimedia_commons" v="Category:Kraków"/>
  <tag k="wikipedia" v="pl:Kraków"/>
 </relation>
 <relation id="3278344" visible="true" version="6" changeset="127958666" timestamp="2022-10-23T13:58:38Z" user="ivanbranco" uid="11220113">
  <member type="way" ref="25122842" role="outline"/>
  <member type="way" ref="242568678" role="part"/>
  <member type="way" ref="242568677" role="part"/>
  <member type="way" ref="903364266" role="part"/>
  <member type="node" ref="2500433507" role="entrance"/>
  <member type="node" ref="10123890799" role="entrance"/>
  <tag k="type" v="building"/>
 </relation>
 <relation id="3278602" visible="true" version="52" changeset="141067963" timestamp="2023-09-10T15:15:06Z" user="Mateusz Konieczny" uid="1722488">
  <member type="way" ref="201133718" role="outer"/>
  <member type="way" ref="23256528" role="inner"/>
  <member type="way" ref="201140563" role="inner"/>
  <member type="way" ref="201140587" role="inner"/>
  <member type="way" ref="201140573" role="inner"/>
  <member type="way" ref="201140579" role="inner"/>
  <member type="way" ref="201140577" role="inner"/>
  <member type="way" ref="201140562" role="inner"/>
  <member type="way" ref="201140565" role="inner"/>
  <member type="way" ref="201140571" role="inner"/>
  <member type="way" ref="201140585" role="inner"/>
  <member type="way" ref="201140582" role="inner"/>
  <member type="way" ref="201140567" role="inner"/>
  <member type="way" ref="201140569" role="inner"/>
  <member type="way" ref="201140581" role="inner"/>
  <member type="way" ref="25122842" role="inner"/>
  <member type="way" ref="242575000" role="inner"/>
  <member type="way" ref="242575001" role="inner"/>
  <member type="way" ref="201140583" role="inner"/>
  <member type="way" ref="242641988" role="inner"/>
  <member type="way" ref="242641990" role="inner"/>
  <member type="way" ref="242641993" role="inner"/>
  <member type="way" ref="200980711" role="inner"/>
  <member type="way" ref="29271113" role="inner"/>
  <member type="way" ref="242852083" role="inner"/>
  <member type="way" ref="304011741" role="inner"/>
  <member type="way" ref="304011734" role="inner"/>
  <member type="way" ref="304011756" role="inner"/>
  <member type="way" ref="304011770" role="inner"/>
  <member type="way" ref="304011772" role="inner"/>
  <member type="way" ref="304011769" role="inner"/>
  <member type="way" ref="304011759" role="inner"/>
  <member type="way" ref="304011757" role="inner"/>
  <member type="way" ref="304011771" role="inner"/>
  <member type="way" ref="304011758" role="inner"/>
  <member type="way" ref="304011765" role="inner"/>
  <member type="way" ref="304011743" role="inner"/>
  <member type="way" ref="304011737" role="inner"/>
  <member type="way" ref="304011746" role="inner"/>
  <member type="way" ref="304011777" role="inner"/>
  <member type="way" ref="304011768" role="inner"/>
  <member type="way" ref="304011776" role="inner"/>
  <member type="way" ref="304011750" role="inner"/>
  <member type="way" ref="304011774" role="inner"/>
  <member type="way" ref="304011764" role="inner"/>
  <member type="way" ref="304011773" role="inner"/>
  <member type="way" ref="304011763" role="inner"/>
  <member type="way" ref="304011766" role="inner"/>
  <member type="way" ref="304011767" role="inner"/>
  <member type="way" ref="304011754" role="inner"/>
  <member type="way" ref="304011775" role="inner"/>
  <member type="way" ref="304011744" role="inner"/>
  <member type="way" ref="304011747" role="inner"/>
  <member type="way" ref="304011742" role="inner"/>
  <member type="way" ref="304011735" role="inner"/>
  <member type="way" ref="304011745" role="inner"/>
  <member type="way" ref="374517254" role="inner"/>
  <member type="way" ref="374517261" role="inner"/>
  <member type="way" ref="374517263" role="inner"/>
  <member type="way" ref="374517265" role="inner"/>
  <member type="way" ref="374517268" role="inner"/>
  <member type="way" ref="374517269" role="inner"/>
  <member type="way" ref="374517273" role="inner"/>
  <member type="way" ref="374517275" role="inner"/>
  <member type="way" ref="374517277" role="inner"/>
  <member type="way" ref="374517255" role="inner"/>
  <member type="way" ref="374517271" role="inner"/>
  <member type="way" ref="374517259" role="inner"/>
  <member type="way" ref="374515880" role="inner"/>
  <member type="way" ref="374515882" role="inner"/>
  <tag k="bicycle" v="yes"/>
  <tag k="highway" v="pedestrian"/>
  <tag k="lit" v="yes"/>
  <tag k="surface" v="paving_stones"/>
  <tag k="type" v="multipolygon"/>
  <tag k="vehicle" v="private"/>
 </relation>
 <relation id="3280035" visible="true" version="14" changeset="123470180" timestamp="2022-07-11T11:16:14Z" user="ivanbranco" uid="11220113">
  <member type="way" ref="23256528" role="outline"/>
  <member type="way" ref="242689699" role="part"/>
  <member type="way" ref="242689700" role="part"/>
  <member type="way" ref="242689693" role="part"/>
  <member type="way" ref="242689695" role="part"/>
  <member type="way" ref="242689694" role="part"/>
  <member type="way" ref="242689692" role="part"/>
  <member type="way" ref="242891904" role="part"/>
  <member type="way" ref="242891901" role="part"/>
  <member type="way" ref="242891902" role="part"/>
  <member type="way" ref="243035737" role="part"/>
  <member type="way" ref="242891899" role="part"/>
  <member type="way" ref="243035735" role="part"/>
  <member type="way" ref="242689701" role="part"/>
  <member type="way" ref="242689697" role="part"/>
  <member type="way" ref="242689702" role="part"/>
  <member type="way" ref="242689698" role="part"/>
  <member type="way" ref="242891916" role="part"/>
  <member type="way" ref="242891921" role="part"/>
  <member type="way" ref="242891913" role="part"/>
  <member type="way" ref="242891914" role="part"/>
  <member type="way" ref="242891923" role="part"/>
  <member type="way" ref="242891919" role="part"/>
  <member type="way" ref="242891925" role="part"/>
  <member type="way" ref="242891915" role="part"/>
  <member type="way" ref="242891917" role="part"/>
  <member type="way" ref="242891920" role="part"/>
  <member type="way" ref="242891926" role="part"/>
  <member type="way" ref="242891918" role="part"/>
  <member type="way" ref="242891922" role="part"/>
  <member type="way" ref="242891906" role="part"/>
  <member type="way" ref="242891910" role="part"/>
  <member type="way" ref="242891927" role="part"/>
  <member type="way" ref="242891924" role="part"/>
  <member type="way" ref="242910603" role="part"/>
  <member type="way" ref="242910602" role="part"/>
  <member type="way" ref="242910601" role="part"/>
  <member type="way" ref="242910599" role="part"/>
  <member type="way" ref="242910604" role="part"/>
  <member type="way" ref="242910600" role="part"/>
  <member type="way" ref="243008893" role="part"/>
  <member type="way" ref="243008886" role="part"/>
  <member type="way" ref="243008884" role="part"/>
  <member type="way" ref="243008888" role="part"/>
  <member type="way" ref="243008889" role="part"/>
  <member type="way" ref="243008891" role="part"/>
  <member type="way" ref="243010777" role="part"/>
  <member type="way" ref="243010771" role="part"/>
  <member type="way" ref="243010774" role="part"/>
  <member type="way" ref="243010767" role="part"/>
  <member type="way" ref="243010768" role="part"/>
  <member type="way" ref="243035734" role="part"/>
  <member type="way" ref="243035738" role="part"/>
  <member type="way" ref="243035729" role="part"/>
  <member type="way" ref="243035727" role="part"/>
  <member type="way" ref="243035720" role="part"/>
  <member type="way" ref="243035731" role="part"/>
  <member type="way" ref="243035724" role="part"/>
  <member type="way" ref="243035722" role="part"/>
  <member type="way" ref="243035719" role="part"/>
  <member type="way" ref="243035726" role="part"/>
  <member type="way" ref="243056528" role="part"/>
  <member type="way" ref="243035723" role="part"/>
  <member type="way" ref="243035725" role="part"/>
  <member type="way" ref="243035721" role="part"/>
  <member type="way" ref="243035728" role="part"/>
  <member type="way" ref="243035730" role="part"/>
  <member type="way" ref="243035718" role="part"/>
  <member type="way" ref="243035732" role="part"/>
  <member type="way" ref="243056530" role="part"/>
  <member type="way" ref="243056529" role="part"/>
  <member type="way" ref="243129938" role="part"/>
  <member type="way" ref="243035736" role="part"/>
  <member type="way" ref="243035739" role="part"/>
  <member type="way" ref="243008885" role="part"/>
  <member type="way" ref="243008894" role="part"/>
  <member type="way" ref="243192732" role="part"/>
  <tag k="type" v="building"/>
 </relation>
 <relation id="4851521" visible="true" version="26" changeset="188809346" timestamp="2026-09-10T08:07:05Z" user="WieKo68" uid="6776248">
  <member type="relation" ref="11270165" role="subarea"/>
  <member type="relation" ref="11269740" role="subarea"/>
  <member type="relation" ref="11269741" role="subarea"/>
  <member type="relation" ref="11267202" role="subarea"/>
  <member type="relation" ref="11269843" role="subarea"/>
  <member type="relation" ref="11269844" role="subarea"/>
  <member type="way" ref="1556715043" role="outer"/>
  <member type="way" ref="1556715042" role="outer"/>
  <member type="way" ref="341533601" role="outer"/>
  <member type="way" ref="341533595" role="outer"/>
  <member type="way" ref="341451946" role="outer"/>
  <member type="way" ref="197231961" role="outer"/>
  <member type="way" ref="239336997" role="outer"/>
  <member type="way" ref="239337005" role="outer"/>
  <member type="way" ref="239337008" role="outer"/>
  <member type="way" ref="822458813" role="outer"/>
  <member type="way" ref="196671739" role="outer"/>
  <member type="way" ref="1088229939" role="outer"/>
  <member type="way" ref="239360482" role="outer"/>
  <member type="way" ref="1078135564" role="outer"/>
  <member type="way" ref="1087972040" role="outer"/>
  <member type="way" ref="239362163" role="outer"/>
  <member type="way" ref="822843411" role="outer"/>
  <member type="way" ref="822843409" role="outer"/>
  <member type="way" ref="339578178" role="outer"/>
  <member type="way" ref="1087905266" role="outer"/>
  <member type="way" ref="239363556" role="outer"/>
  <member type="way" ref="239934139" role="outer"/>
  <member type="way" ref="662331189" role="outer"/>
  <member type="way" ref="706977994" role="outer"/>
  <member type="way" ref="706977993" role="outer"/>
  <member type="way" ref="662330065" role="outer"/>
  <member type="way" ref="1557792311" role="outer"/>
  <member type="way" ref="1557792309" role="outer"/>
  <member type="way" ref="1557792306" role="outer"/>
  <member type="way" ref="1557792312" role="outer"/>
  <member type="way" ref="1557792308" role="outer"/>
  <member type="way" ref="341533573" role="outer"/>
  <tag k="admin_level" v="8"/>
  <tag k="boundary" v="religious_administration"/>
  <tag k="deanery:id" v="0263"/>
  <tag k="denomination" v="roman_catholic"/>
  <tag k="diocese" v="Archidiecezja krakowska"/>
  <tag k="name" v="Dekanat Kraków - Centrum"/>
  <tag k="religion" v="christian"/>
  <tag k="type" v="boundary"/>
  <tag k="wikidata" v="Q16539366"/>
  <tag k="wikipedia" v="pl:Dekanat Kraków-Centrum"/>
 </relation>
 <relation id="9491699" visible="true" version="49" changeset="187769892" timestamp="2026-08-20T23:45:57Z" user="Adam Haba" uid="12293030">
  <member type="way" ref="1291009796" role=""/>
  <member type="way" ref="561541688" role=""/>
  <member type="way" ref="1308581305" role=""/>
  <member type="way" ref="80719683" role=""/>
  <member type="way" ref="80719681" role=""/>
  <member type="way" ref="801004451" role=""/>
  <member type="way" ref="247804543" role=""/>
  <member type="way" ref="80719678" role=""/>
  <member type="way" ref="80719679" role=""/>
  <member type="way" ref="1231319020" role=""/>
  <member type="way" ref="780899053" role=""/>
  <member type="way" ref="1409703921" role=""/>
  <member type="way" ref="290130584" role=""/>
  <member type="way" ref="1412775956" role=""/>
  <member type="way" ref="1415010945" role=""/>
  <member type="way" ref="725697221" role=""/>
  <member type="way" ref="775684452" role=""/>
  <member type="way" ref="775684453" role=""/>
  <member type="way" ref="775684450" role=""/>
  <member type="way" ref="775684451" role=""/>
  <member type="way" ref="290128797" role=""/>
  <member type="way" ref="775686152" role=""/>
  <member type="way" ref="775686153" role=""/>
  <member type="way" ref="725697219" role=""/>
  <member type="way" ref="290131735" role=""/>
  <member type="way" ref="1268959885" role=""/>
  <member type="way" ref="1268959884" role=""/>
  <member type="way" ref="725697218" role=""/>
  <member type="way" ref="46203331" role=""/>
  <member type="way" ref="684150747" role=""/>
  <member type="way" ref="302894025" role=""/>
  <member type="way" ref="1173033259" role=""/>
  <member type="way" ref="1078068107" role=""/>
  <member type="way" ref="1078068103" role=""/>
  <member type="way" ref="1078068098" role=""/>
  <member type="way" ref="352889086" role=""/>
  <member type="way" ref="1078068104" role=""/>
  <member type="way" ref="1078068108" role=""/>
  <member type="way" ref="1078068109" role=""/>
  <member type="way" ref="1173033261" role=""/>
  <member type="way" ref="900750087" role=""/>
  <member type="way" ref="900750085" role=""/>
  <member type="way" ref="900750086" role=""/>
  <member type="way" ref="900750084" role=""/>
  <member type="way" ref="1078068099" role=""/>
  <member type="way" ref="1173033262" role=""/>
  <member type="way" ref="377031271" role=""/>
  <member type="way" ref="725697213" role=""/>
  <member type="way" ref="262399411" role=""/>
  <member type="way" ref="725697210" role=""/>
  <member type="way" ref="906162542" role=""/>
  <member type="way" ref="1173033263" role=""/>
  <member type="way" ref="425566094" role=""/>
  <member type="way" ref="1173033265" role=""/>
  <member type="way" ref="247804550" role=""/>
  <member type="way" ref="684150748" role=""/>
  <member type="way" ref="247804548" role=""/>
  <member type="way" ref="549815728" role=""/>
  <member type="way" ref="320880561" role=""/>
  <member type="way" ref="247803159" role=""/>
  <member type="way" ref="247804542" role=""/>
  <member type="way" ref="25322655" role=""/>
  <member type="way" ref="725697209" role=""/>
  <member type="way" ref="1173034452" role=""/>
  <member type="way" ref="1173034454" role=""/>
  <member type="way" ref="1173034453" role=""/>
  <member type="way" ref="906162554" role=""/>
  <member type="way" ref="25322657" role=""/>
  <member type="way" ref="409323235" role=""/>
  <member type="way" ref="548349299" role=""/>
  <member type="way" ref="725697205" role=""/>
  <member type="way" ref="262399404" role=""/>
  <member type="way" ref="642301001" role=""/>
  <member type="way" ref="262399405" role=""/>
  <member type="way" ref="1007789198" role=""/>
  <member type="way" ref="633657994" role=""/>
  <member type="way" ref="207425684" role=""/>
  <member type="way" ref="309403272" role=""/>
  <member type="way" ref="830008719" role=""/>
  <member type="way" ref="830008720" role=""/>
  <member type="way" ref="309403279" role=""/>
  <member type="way" ref="207707102" role=""/>
  <member type="way" ref="150653379" role=""/>
  <member type="way" ref="454743263" role=""/>
  <member type="way" ref="207701024" role=""/>
  <member type="way" ref="720978348" role=""/>
  <member type="way" ref="980451698" role=""/>
  <member type="way" ref="980451699" role=""/>
  <member type="way" ref="1173035920" role=""/>
  <member type="way" ref="980451701" role=""/>
  <member type="way" ref="720978347" role=""/>
  <member type="way" ref="1223165556" role=""/>
  <member type="way" ref="260272905" role=""/>
  <member type="way" ref="1223165555" role=""/>
  <member type="way" ref="1269842364" role=""/>
  <member type="way" ref="1473886403" role=""/>
  <member type="way" ref="1269842372" role=""/>
  <member type="way" ref="1223165557" role=""/>
  <member type="way" ref="260272906" role=""/>
  <member type="way" ref="454743259" role=""/>
  <member type="way" ref="742251556" role=""/>
  <member type="way" ref="742251555" role=""/>
  <member type="way" ref="742251554" role=""/>
  <member type="way" ref="48306890" role=""/>
  <member type="way" ref="742251553" role=""/>
  <member type="way" ref="1173037894" role=""/>
  <member type="way" ref="1173037896" role=""/>
  <member type="way" ref="309405940" role=""/>
  <member type="way" ref="308943765" role=""/>
  <member type="way" ref="247802007" role=""/>
  <member type="way" ref="924441728" role=""/>
  <member type="way" ref="312303381" role=""/>
  <member type="way" ref="312303378" role=""/>
  <member type="way" ref="26354008" role=""/>
  <member type="way" ref="232061739" role=""/>
  <member type="way" ref="50288002" role=""/>
  <member type="way" ref="309109416" role=""/>
  <member type="way" ref="309109419" role=""/>
  <member type="way" ref="309109424" role=""/>
  <member type="way" ref="309109418" role=""/>
  <member type="way" ref="309109420" role=""/>
  <member type="way" ref="309109417" role=""/>
  <member type="way" ref="26343937" role=""/>
  <member type="way" ref="725697195" role=""/>
  <member type="way" ref="26343721" role=""/>
  <member type="way" ref="416371974" role=""/>
  <member type="way" ref="679584487" role=""/>
  <member type="way" ref="310080919" role=""/>
  <member type="way" ref="26303204" role=""/>
  <member type="way" ref="679584492" role=""/>
  <member type="way" ref="1547682143" role=""/>
  <member type="way" ref="247802008" role=""/>
  <member type="way" ref="26303201" role=""/>
  <member type="way" ref="309929775" role=""/>
  <member type="way" ref="309929785" role=""/>
  <member type="way" ref="262186755" role=""/>
  <member type="way" ref="306938373" role=""/>
  <member type="way" ref="306875903" role=""/>
  <member type="way" ref="403292808" role=""/>
  <member type="way" ref="306875905" role=""/>
  <member type="way" ref="679347367" role=""/>
  <member type="way" ref="684150765" role=""/>
  <member type="way" ref="1110144694" role=""/>
  <member type="way" ref="25029841" role=""/>
  <member type="way" ref="682601486" role=""/>
  <member type="way" ref="25029840" role=""/>
  <member type="way" ref="1173041503" role=""/>
  <member type="way" ref="881170799" role=""/>
  <member type="way" ref="247248738" role=""/>
  <member type="way" ref="204046201" role=""/>
  <member type="way" ref="204046196" role=""/>
  <member type="way" ref="725697188" role=""/>
  <member type="way" ref="204046198" role=""/>
  <member type="way" ref="1173043380" role=""/>
  <member type="way" ref="1103683052" role=""/>
  <member type="way" ref="204040880" role=""/>
  <member type="way" ref="297976686" role=""/>
  <member type="way" ref="204040891" role=""/>
  <member type="way" ref="196746391" role=""/>
  <member type="way" ref="247802002" role=""/>
  <member type="way" ref="502049377" role=""/>
  <member type="way" ref="217644428" role=""/>
  <member type="way" ref="247800796" role=""/>
  <member type="way" ref="202758655" role=""/>
  <member type="way" ref="47938476" role=""/>
  <member type="way" ref="47938473" role=""/>
  <member type="way" ref="725697186" role=""/>
  <member type="way" ref="47938474" role=""/>
  <member type="way" ref="25553843" role=""/>
  <member type="way" ref="47938477" role=""/>
  <member type="way" ref="25516309" role=""/>
  <member type="way" ref="344131616" role=""/>
  <member type="way" ref="1173043808" role=""/>
  <member type="way" ref="60420317" role=""/>
  <member type="way" ref="1173043809" role=""/>
  <member type="way" ref="25516311" role=""/>
  <member type="way" ref="367295761" role=""/>
  <member type="way" ref="253838550" role=""/>
  <member type="way" ref="253838551" role=""/>
  <member type="way" ref="247800799" role=""/>
  <member type="way" ref="1029321854" role=""/>
  <member type="way" ref="117749410" role=""/>
  <member type="way" ref="117749415" role=""/>
  <member type="way" ref="395982462" role=""/>
  <member type="way" ref="395982470" role=""/>
  <member type="way" ref="395982464" role=""/>
  <member type="way" ref="117749414" role=""/>
  <member type="way" ref="1173048538" role=""/>
  <member type="way" ref="244623822" role=""/>
  <member type="way" ref="1173048539" role=""/>
  <member type="way" ref="890234405" role=""/>
  <member type="way" ref="890234406" role=""/>
  <member type="way" ref="138362253" role=""/>
  <member type="way" ref="244620139" role=""/>
  <member type="way" ref="368325416" role=""/>
  <member type="way" ref="37836679" role=""/>
  <member type="way" ref="45085230" role=""/>
  <member type="way" ref="23700115" role=""/>
  <member type="way" ref="304542178" role=""/>
  <member type="way" ref="234875262" role=""/>
  <member type="way" ref="37702408" role=""/>
  <member type="way" ref="245050356" role=""/>
  <member type="way" ref="259241737" role=""/>
  <member type="way" ref="274084644" role=""/>
  <member type="way" ref="23700395" role=""/>
  <member type="way" ref="200499491" role=""/>
  <member type="way" ref="1551190891" role=""/>
  <member type="way" ref="403265378" role=""/>
  <member type="way" ref="1173052549" role=""/>
  <member type="way" ref="403265379" role=""/>
  <member type="way" ref="403265375" role=""/>
  <member type="way" ref="288043347" role=""/>
  <member type="way" ref="729520292" role=""/>
  <member type="way" ref="642986819" role=""/>
  <member type="way" ref="642986818" role=""/>
  <member type="way" ref="642986821" role=""/>
  <member type="way" ref="1173052550" role=""/>
  <member type="way" ref="288043427" role=""/>
  <member type="way" ref="816252224" role=""/>
  <member type="way" ref="288043588" role=""/>
  <member type="way" ref="1300931467" role=""/>
  <member type="way" ref="1300931468" role=""/>
  <member type="way" ref="1173052552" role=""/>
  <member type="way" ref="207213353" role=""/>
  <member type="way" ref="447691979" role=""/>
  <member type="way" ref="25752806" role=""/>
  <member type="way" ref="29326047" role=""/>
  <member type="way" ref="120509135" role=""/>
  <member type="way" ref="120509136" role=""/>
  <member type="way" ref="292287722" role=""/>
  <member type="way" ref="828823252" role=""/>
  <member type="way" ref="1499958371" role=""/>
  <member type="way" ref="1173052553" role=""/>
  <member type="way" ref="320460277" role=""/>
  <member type="way" ref="1173052555" role=""/>
  <member type="way" ref="1500047354" role=""/>
  <member type="way" ref="319192619" role=""/>
  <member type="way" ref="1500047355" role=""/>
  <member type="way" ref="319192612" role=""/>
  <member type="way" ref="1500853946" role=""/>
  <member type="way" ref="319192609" role=""/>
  <member type="way" ref="1500853929" role=""/>
  <member type="way" ref="319192617" role=""/>
  <member type="way" ref="1500786454" role=""/>
  <member type="way" ref="330604093" role=""/>
  <member type="way" ref="1500786455" role=""/>
  <member type="way" ref="1173052556" role=""/>
  <member type="way" ref="1173052557" role=""/>
  <member type="way" ref="830830065" role=""/>
  <member type="way" ref="830830066" role=""/>
  <member type="way" ref="830830168" role=""/>
  <member type="way" ref="830830374" role=""/>
  <member type="way" ref="24163890" role=""/>
  <member type="way" ref="828139881" role=""/>
  <member type="way" ref="828139880" role=""/>
  <member type="way" ref="231720766" role=""/>
  <member type="way" ref="456540541" role=""/>
  <member type="way" ref="209286060" role=""/>
  <member type="way" ref="1207081636" role=""/>
  <member type="way" ref="93167144" role=""/>
  <member type="way" ref="588127242" role=""/>
  <member type="way" ref="93167136" role=""/>
  <member type="way" ref="209286058" role=""/>
  <member type="way" ref="231720764" role=""/>
  <member type="way" ref="231720765" role=""/>
  <member type="way" ref="93167128" role=""/>
  <member type="way" ref="1050857262" role=""/>
  <member type="way" ref="117386952" role=""/>
  <member type="way" ref="93167166" role=""/>
  <member type="way" ref="24949382" role=""/>
  <member type="way" ref="24949239" role=""/>
  <member type="way" ref="1269842365" role=""/>
  <member type="way" ref="1473886442" role=""/>
  <tag k="comment" v="marked east to west"/>
  <tag k="int_name" v="Via Regia (Camino de Santiago)"/>
  <tag k="name" v="Via Regia Droga św. Jakuba"/>
  <tag k="network" v="nwn"/>
  <tag k="osmc:symbol" v="yellow:blue:shell_modern"/>
  <tag k="pilgrimage" v="camino de santiago"/>
  <tag k="ref" v="Camino"/>
  <tag k="route" v="hiking"/>
  <tag k="type" v="route"/>
 </relation>
 <relation id="11267202" visible="true" version="9" changeset="189900384" timestamp="2026-10-02T21:09:38Z" user="PPowroznik" uid="24602207">
  <member type="way" ref="39357541" role="inner"/>
  <member type="way" ref="239368633" role="outer"/>
  <member type="way" ref="239360482" role="outer"/>
  <member type="way" ref="1088229939" role="outer"/>
  <member type="way" ref="196671739" role="outer"/>
  <member type="way" ref="822807223" role="outer"/>
  <member type="way" ref="1556715040" role="outer"/>
  <member type="way" ref="1556715041" role="outer"/>
  <member type="way" ref="822458812" role="outer"/>
  <member type="way" ref="822458811" role="outer"/>
  <tag k="admin_level" v="10"/>
  <tag k="amenity" v="place_of_worship"/>
  <tag k="boundary" v="religious_administration"/>
  <tag k="deanery" v="Dekanat Kraków - Centrum"/>
  <tag k="denomination" v="roman_catholic"/>
  <tag k="diocese" v="Archidiecezja krakowska"/>
  <tag k="email" v="kontakt@kolegiata-anna.pl"/>
  <tag k="name" v="Parafia Świętej Anny w Krakowie"/>
  <tag k="parish:id" v="00991"/>
  <tag k="phone" v="+48 12 422 53 18"/>
  <tag k="religion" v="christian"/>
  <tag k="start_date" v="1381"/>
  <tag k="type" v="boundary"/>
  <tag k="url" v="https://diecezja.pl/parafie/krakow-parafia-sw-anny/"/>
  <tag k="website" v="https://kolegiata-anna.pl/"/>
  <tag k="wikidata" v="Q11807703"/>
  <tag k="wikipedia" v="pl:Parafia św. Anny w Krakowie"/>
 </relation>
 <relation id="11269843" visible="true" version="6" changeset="188655887" timestamp="2026-09-07T07:50:28Z" user="WieKo68" uid="6776248">
  <member type="way" ref="1556715041" role="outer"/>
  <member type="way" ref="822458812" role="outer"/>
  <member type="way" ref="822807221" role="outer"/>
  <member type="way" ref="1556715042" role="outer"/>
  <member type="way" ref="822819979" role="outer"/>
  <member type="way" ref="1556715040" role="outer"/>
  <tag k="admin_level" v="10"/>
  <tag k="boundary" v="religious_administration"/>
  <tag k="deanery" v="Dekanat Kraków - Centrum"/>
  <tag k="denomination" v="roman_catholic"/>
  <tag k="diocese" v="Archidiecezja krakowska"/>
  <tag k="name" v="Parafia Wniebowzięcia Najświętszej Maryi Panny w Krakowie"/>
  <tag k="parish:id" v="00994"/>
  <tag k="phone" v="+48 12 422 05 21"/>
  <tag k="religion" v="christian"/>
  <tag k="start_date" v="1223"/>
  <tag k="type" v="boundary"/>
  <tag k="wikidata" v="Q11806384"/>
  <tag k="wikipedia" v="pl:Parafia Wniebowzięcia Najświętszej Maryi Panny w Krakowie"/>
 </relation>
 <relation id="16714186" visible="true" version="5" changeset="153350128" timestamp="2024-06-29T22:52:17Z" user="B_KSL" uid="553541">
  <member type="node" ref="4443337491" role=""/>
  <member type="node" ref="471557838" role=""/>
  <member type="node" ref="11360712316" role=""/>
  <member type="node" ref="8261763064" role=""/>
  <member type="node" ref="1332080339" role=""/>
  <member type="node" ref="11360769087" role=""/>
  <member type="node" ref="979972831" role=""/>
  <member type="node" ref="7614633571" role=""/>
  <member type="way" ref="30807865" role=""/>
  <member type="way" ref="25122842" role=""/>
  <member type="way" ref="231921680" role=""/>
  <member type="way" ref="231216399" role=""/>
  <member type="way" ref="152104775" role=""/>
  <member type="way" ref="136648568" role=""/>
  <member type="way" ref="307078506" role=""/>
  <member type="way" ref="54534222" role=""/>
  <member type="way" ref="161678894" role=""/>
  <member type="relation" ref="13562708" role=""/>
  <tag k="amenity" v="museum"/>
  <tag k="name" v="Muzeum Krakowa"/>
  <tag k="name:en" v="Museum of Kraków"/>
  <tag k="name:pl" v="Muzeum Krakowa"/>
  <tag k="type" v="site"/>
  <tag k="website" v="https://muzeumkrakowa.pl/"/>
  <tag k="wikidata" v="Q5101500"/>
  <tag k="wikipedia" v="pl:Muzeum Historyczne Miasta Krakowa"/>
 </relation>
</osm>
